annee;cde_age;cde_pays;pays;cde_mesure;mesure;cde_sexe;sexe;age;valeur_mesuree
2002;Y15T64;AUT;Autriche;PS;Personnes;F;Sexe feminin;De 15 a 64 ans;2737835
2002;Y15T64;AUT;Autriche;PT;Pourcentage de la population;F;Sexe feminin;De 15 a 64 ans;65,789
2002;Y_GE65;AUT;Autriche;PS;Personnes;F;Sexe feminin;65 ans et plus;769391
2002;Y_GE65;AUT;Autriche;PT;Pourcentage de la population;F;Sexe feminin;65 ans et plus;18,488
2002;Y15T64;AUT;Autriche;PS;Personnes;M;Sexe masculin;De 15 a 64 ans;2750699
2002;Y15T64;AUT;Autriche;PT;Pourcentage de la population;M;Sexe masculin;De 15 a 64 ans;70,193
2002;Y_GE65;AUT;Autriche;PS;Personnes;M;Sexe masculin;65 ans et plus;479519
2002;Y_GE65;AUT;Autriche;PT;Pourcentage de la population;M;Sexe masculin;65 ans et plus;12,237
2002;Y_GE65;AUT;Autriche;PS;Personnes;_T;Total;65 ans et plus;1248910
2002;Y_GE65;AUT;Autriche;PT;Pourcentage de la population;_T;Total;65 ans et plus;15,456
2002;Y15T64;AUT;Autriche;PS;Personnes;_T;Total;De 15 a 64 ans;5488534
2002;Y15T64;AUT;Autriche;PT;Pourcentage de la population;_T;Total;De 15 a 64 ans;67,925
2002;Y_LT15;AUT;Autriche;PS;Personnes;_T;Total;Moins de 15 ans;1342863,727
2002;Y_LT15;AUT;Autriche;PT;Pourcentage de la population;_T;Total;Moins de 15 ans;16,619
2002;Y_LT15;AUT;Autriche;PS;Personnes;F;Sexe feminin;Moins de 15 ans;654320,3493
2002;Y_LT15;AUT;Autriche;PT;Pourcentage de la population;F;Sexe feminin;Moins de 15 ans;15,723
2002;Y_LT15;AUT;Autriche;PS;Personnes;M;Sexe masculin;Moins de 15 ans;688523,1451
2002;Y_LT15;AUT;Autriche;PT;Pourcentage de la population;M;Sexe masculin;Moins de 15 ans;17,57
2003;Y15T64;AUT;Autriche;PS;Personnes;F;Sexe feminin;De 15 a 64 ans;2757964
2003;Y15T64;AUT;Autriche;PT;Pourcentage de la population;F;Sexe feminin;De 15 a 64 ans;66,054
2003;Y_GE65;AUT;Autriche;PS;Personnes;F;Sexe feminin;65 ans et plus;767651
2003;Y_GE65;AUT;Autriche;PT;Pourcentage de la population;F;Sexe feminin;65 ans et plus;18,385
2003;Y15T64;AUT;Autriche;PS;Personnes;M;Sexe masculin;De 15 a 64 ans;2769976
2003;Y15T64;AUT;Autriche;PT;Pourcentage de la population;M;Sexe masculin;De 15 a 64 ans;70,321
2003;Y_GE65;AUT;Autriche;PS;Personnes;M;Sexe masculin;65 ans et plus;485555
2003;Y_GE65;AUT;Autriche;PT;Pourcentage de la population;M;Sexe masculin;65 ans et plus;12,327
2003;Y_GE65;AUT;Autriche;PS;Personnes;_T;Total;65 ans et plus;1253206
2003;Y_GE65;AUT;Autriche;PT;Pourcentage de la population;_T;Total;65 ans et plus;15,444
2003;Y15T64;AUT;Autriche;PS;Personnes;_T;Total;De 15 a 64 ans;5527940
2003;Y15T64;AUT;Autriche;PT;Pourcentage de la population;_T;Total;De 15 a 64 ans;68,125
2003;Y_LT15;AUT;Autriche;PS;Personnes;_T;Total;Moins de 15 ans;1333277,393
2003;Y_LT15;AUT;Autriche;PT;Pourcentage de la population;_T;Total;Moins de 15 ans;16,431
2003;Y_LT15;AUT;Autriche;PS;Personnes;F;Sexe feminin;Moins de 15 ans;649724,5018
2003;Y_LT15;AUT;Autriche;PT;Pourcentage de la population;F;Sexe feminin;Moins de 15 ans;15,561
2003;Y_LT15;AUT;Autriche;PS;Personnes;M;Sexe masculin;Moins de 15 ans;683545,6024
2003;Y_LT15;AUT;Autriche;PT;Pourcentage de la population;M;Sexe masculin;Moins de 15 ans;17,353
2004;Y15T64;AUT;Autriche;PS;Personnes;F;Sexe feminin;De 15 a 64 ans;2774285
2004;Y15T64;AUT;Autriche;PT;Pourcentage de la population;F;Sexe feminin;De 15 a 64 ans;66,057
2004;Y_GE65;AUT;Autriche;PS;Personnes;F;Sexe feminin;65 ans et plus;779308
2004;Y_GE65;AUT;Autriche;PT;Pourcentage de la population;F;Sexe feminin;65 ans et plus;18,556
2004;Y15T64;AUT;Autriche;PS;Personnes;M;Sexe masculin;De 15 a 64 ans;2783562
2004;Y15T64;AUT;Autriche;PT;Pourcentage de la population;M;Sexe masculin;De 15 a 64 ans;70,175
2004;Y_GE65;AUT;Autriche;PS;Personnes;M;Sexe masculin;65 ans et plus;503354
2004;Y_GE65;AUT;Autriche;PT;Pourcentage de la population;M;Sexe masculin;65 ans et plus;12,69
2004;Y_GE65;AUT;Autriche;PS;Personnes;_T;Total;65 ans et plus;1282662
2004;Y_GE65;AUT;Autriche;PT;Pourcentage de la population;_T;Total;65 ans et plus;15,707
2004;Y15T64;AUT;Autriche;PS;Personnes;_T;Total;De 15 a 64 ans;5557847
2004;Y15T64;AUT;Autriche;PT;Pourcentage de la population;_T;Total;De 15 a 64 ans;68,057
2004;Y_LT15;AUT;Autriche;PS;Personnes;_T;Total;Moins de 15 ans;1325901,9
2004;Y_LT15;AUT;Autriche;PT;Pourcentage de la population;_T;Total;Moins de 15 ans;16,236
2004;Y_LT15;AUT;Autriche;PS;Personnes;F;Sexe feminin;Moins de 15 ans;646227,996
2004;Y_LT15;AUT;Autriche;PT;Pourcentage de la population;F;Sexe feminin;Moins de 15 ans;15,387
2004;Y_LT15;AUT;Autriche;PS;Personnes;M;Sexe masculin;Moins de 15 ans;679677,0814
2004;Y_LT15;AUT;Autriche;PT;Pourcentage de la population;M;Sexe masculin;Moins de 15 ans;17,135
2005;Y15T64;AUT;Autriche;PS;Personnes;F;Sexe feminin;De 15 a 64 ans;2779159
2005;Y15T64;AUT;Autriche;PT;Pourcentage de la population;F;Sexe feminin;De 15 a 64 ans;65,793
2005;Y_GE65;AUT;Autriche;PS;Personnes;F;Sexe feminin;65 ans et plus;803119
2005;Y_GE65;AUT;Autriche;PT;Pourcentage de la population;F;Sexe feminin;65 ans et plus;19,013
2005;Y15T64;AUT;Autriche;PS;Personnes;M;Sexe masculin;De 15 a 64 ans;2790486
2005;Y15T64;AUT;Autriche;PT;Pourcentage de la population;M;Sexe masculin;De 15 a 64 ans;69,797
2005;Y_GE65;AUT;Autriche;PS;Personnes;M;Sexe masculin;65 ans et plus;531761
2005;Y_GE65;AUT;Autriche;PT;Pourcentage de la population;M;Sexe masculin;65 ans et plus;13,301
2005;Y_GE65;AUT;Autriche;PS;Personnes;_T;Total;65 ans et plus;1334880
2005;Y_GE65;AUT;Autriche;PT;Pourcentage de la population;_T;Total;65 ans et plus;16,235
2005;Y15T64;AUT;Autriche;PS;Personnes;_T;Total;De 15 a 64 ans;5569645
2005;Y15T64;AUT;Autriche;PT;Pourcentage de la population;_T;Total;De 15 a 64 ans;67,74
2005;Y_LT15;AUT;Autriche;PS;Personnes;_T;Total;Moins de 15 ans;1317589,923
2005;Y_LT15;AUT;Autriche;PT;Pourcentage de la population;_T;Total;Moins de 15 ans;16,025
2005;Y_LT15;AUT;Autriche;PS;Personnes;F;Sexe feminin;Moins de 15 ans;641809,9059
2005;Y_LT15;AUT;Autriche;PT;Pourcentage de la population;F;Sexe feminin;Moins de 15 ans;15,194
2005;Y_LT15;AUT;Autriche;PS;Personnes;M;Sexe masculin;Moins de 15 ans;675740,1008
2005;Y_LT15;AUT;Autriche;PT;Pourcentage de la population;M;Sexe masculin;Moins de 15 ans;16,902
2006;Y15T64;AUT;Autriche;PS;Personnes;F;Sexe feminin;De 15 a 64 ans;2786080
2006;Y15T64;AUT;Autriche;PT;Pourcentage de la population;F;Sexe feminin;De 15 a 64 ans;65,652
2006;Y_GE65;AUT;Autriche;PS;Personnes;F;Sexe feminin;65 ans et plus;822283
2006;Y_GE65;AUT;Autriche;PT;Pourcentage de la population;F;Sexe feminin;65 ans et plus;19,376
2006;Y15T64;AUT;Autriche;PS;Personnes;M;Sexe masculin;De 15 a 64 ans;2798223
2006;Y15T64;AUT;Autriche;PT;Pourcentage de la population;M;Sexe masculin;De 15 a 64 ans;69,574
2006;Y_GE65;AUT;Autriche;PS;Personnes;M;Sexe masculin;65 ans et plus;555316
2006;Y_GE65;AUT;Autriche;PT;Pourcentage de la population;M;Sexe masculin;65 ans et plus;13,807
2006;Y_GE65;AUT;Autriche;PS;Personnes;_T;Total;65 ans et plus;1377599
2006;Y_GE65;AUT;Autriche;PT;Pourcentage de la population;_T;Total;65 ans et plus;16,667
2006;Y15T64;AUT;Autriche;PS;Personnes;_T;Total;De 15 a 64 ans;5584303
2006;Y15T64;AUT;Autriche;PT;Pourcentage de la population;_T;Total;De 15 a 64 ans;67,56
2006;Y_LT15;AUT;Autriche;PS;Personnes;_T;Total;Moins de 15 ans;1303744,918
2006;Y_LT15;AUT;Autriche;PT;Pourcentage de la population;_T;Total;Moins de 15 ans;15,773
2006;Y_LT15;AUT;Autriche;PS;Personnes;F;Sexe feminin;Moins de 15 ans;635370,3573
2006;Y_LT15;AUT;Autriche;PT;Pourcentage de la population;F;Sexe feminin;Moins de 15 ans;14,972
2006;Y_LT15;AUT;Autriche;PS;Personnes;M;Sexe masculin;Moins de 15 ans;668408,0367
2006;Y_LT15;AUT;Autriche;PT;Pourcentage de la population;M;Sexe masculin;Moins de 15 ans;16,619
2007;Y15T64;AUT;Autriche;PS;Personnes;F;Sexe feminin;De 15 a 64 ans;2792390
2007;Y15T64;AUT;Autriche;PT;Pourcentage de la population;F;Sexe feminin;De 15 a 64 ans;65,588
2007;Y_GE65;AUT;Autriche;PS;Personnes;F;Sexe feminin;65 ans et plus;837622
2007;Y_GE65;AUT;Autriche;PT;Pourcentage de la population;F;Sexe feminin;65 ans et plus;19,674
2007;Y15T64;AUT;Autriche;PS;Personnes;M;Sexe masculin;De 15 a 64 ans;2801988
2007;Y15T64;AUT;Autriche;PT;Pourcentage de la population;M;Sexe masculin;De 15 a 64 ans;69,422
2007;Y_GE65;AUT;Autriche;PS;Personnes;M;Sexe masculin;65 ans et plus;575295
2007;Y_GE65;AUT;Autriche;PT;Pourcentage de la population;M;Sexe masculin;65 ans et plus;14,254
2007;Y_GE65;AUT;Autriche;PS;Personnes;_T;Total;65 ans et plus;1412917
2007;Y_GE65;AUT;Autriche;PT;Pourcentage de la population;_T;Total;65 ans et plus;17,036
2007;Y15T64;AUT;Autriche;PS;Personnes;_T;Total;De 15 a 64 ans;5594378
2007;Y15T64;AUT;Autriche;PT;Pourcentage de la population;_T;Total;De 15 a 64 ans;67,454
2007;Y_LT15;AUT;Autriche;PS;Personnes;_T;Total;Moins de 15 ans;1286345,735
2007;Y_LT15;AUT;Autriche;PT;Pourcentage de la population;_T;Total;Moins de 15 ans;15,51
2007;Y_LT15;AUT;Autriche;PS;Personnes;F;Sexe feminin;Moins de 15 ans;627468,7288
2007;Y_LT15;AUT;Autriche;PT;Pourcentage de la population;F;Sexe feminin;Moins de 15 ans;14,738
2007;Y_LT15;AUT;Autriche;PS;Personnes;M;Sexe masculin;Moins de 15 ans;658863,5746
2007;Y_LT15;AUT;Autriche;PT;Pourcentage de la population;M;Sexe masculin;Moins de 15 ans;16,324
2008;Y15T64;AUT;Autriche;PS;Personnes;F;Sexe feminin;De 15 a 64 ans;2803876
2008;Y15T64;AUT;Autriche;PT;Pourcentage de la population;F;Sexe feminin;De 15 a 64 ans;65,663
2008;Y_GE65;AUT;Autriche;PS;Personnes;F;Sexe feminin;65 ans et plus;846911
2008;Y_GE65;AUT;Autriche;PT;Pourcentage de la population;F;Sexe feminin;65 ans et plus;19,834
2008;Y15T64;AUT;Autriche;PS;Personnes;M;Sexe masculin;De 15 a 64 ans;2810330
2008;Y15T64;AUT;Autriche;PT;Pourcentage de la population;M;Sexe masculin;De 15 a 64 ans;69,403
2008;Y_GE65;AUT;Autriche;PS;Personnes;M;Sexe masculin;65 ans et plus;589316
2008;Y_GE65;AUT;Autriche;PT;Pourcentage de la population;M;Sexe masculin;65 ans et plus;14,553
2008;Y_GE65;AUT;Autriche;PS;Personnes;_T;Total;65 ans et plus;1436227
2008;Y_GE65;AUT;Autriche;PT;Pourcentage de la population;_T;Total;65 ans et plus;17,264
2008;Y15T64;AUT;Autriche;PS;Personnes;_T;Total;De 15 a 64 ans;5614206
2008;Y15T64;AUT;Autriche;PT;Pourcentage de la population;_T;Total;De 15 a 64 ans;67,483
2008;Y_LT15;AUT;Autriche;PS;Personnes;_T;Total;Moins de 15 ans;1268956,252
2008;Y_LT15;AUT;Autriche;PT;Pourcentage de la population;_T;Total;Moins de 15 ans;15,253
2008;Y_LT15;AUT;Autriche;PS;Personnes;F;Sexe feminin;Moins de 15 ans;619289,1223
2008;Y_LT15;AUT;Autriche;PT;Pourcentage de la population;F;Sexe feminin;Moins de 15 ans;14,503
2008;Y_LT15;AUT;Autriche;PS;Personnes;M;Sexe masculin;Moins de 15 ans;649671,6173
2008;Y_LT15;AUT;Autriche;PT;Pourcentage de la population;M;Sexe masculin;Moins de 15 ans;16,044
2009;Y15T64;AUT;Autriche;PS;Personnes;F;Sexe feminin;De 15 a 64 ans;2810116
2009;Y15T64;AUT;Autriche;PT;Pourcentage de la population;F;Sexe feminin;De 15 a 64 ans;65,683
2009;Y_GE65;AUT;Autriche;PS;Personnes;F;Sexe feminin;65 ans et plus;857683
2009;Y_GE65;AUT;Autriche;PT;Pourcentage de la population;F;Sexe feminin;65 ans et plus;20,047
2009;Y15T64;AUT;Autriche;PS;Personnes;M;Sexe masculin;De 15 a 64 ans;2814750
2009;Y15T64;AUT;Autriche;PT;Pourcentage de la population;M;Sexe masculin;De 15 a 64 ans;69,321
2009;Y_GE65;AUT;Autriche;PS;Personnes;M;Sexe masculin;65 ans et plus;604456
2009;Y_GE65;AUT;Autriche;PT;Pourcentage de la population;M;Sexe masculin;65 ans et plus;14,887
2009;Y_GE65;AUT;Autriche;PS;Personnes;_T;Total;65 ans et plus;1462139
2009;Y_GE65;AUT;Autriche;PT;Pourcentage de la population;_T;Total;65 ans et plus;17,534
2009;Y15T64;AUT;Autriche;PS;Personnes;_T;Total;De 15 a 64 ans;5624866
2009;Y15T64;AUT;Autriche;PT;Pourcentage de la population;_T;Total;De 15 a 64 ans;67,455
2009;Y_LT15;AUT;Autriche;PS;Personnes;_T;Total;Moins de 15 ans;1251730,063
2009;Y_LT15;AUT;Autriche;PT;Pourcentage de la population;_T;Total;Moins de 15 ans;15,011
2009;Y_LT15;AUT;Autriche;PS;Personnes;F;Sexe feminin;Moins de 15 ans;610516,5494
2009;Y_LT15;AUT;Autriche;PT;Pourcentage de la population;F;Sexe feminin;Moins de 15 ans;14,27
2009;Y_LT15;AUT;Autriche;PS;Personnes;M;Sexe masculin;Moins de 15 ans;641223,1056
2009;Y_LT15;AUT;Autriche;PT;Pourcentage de la population;M;Sexe masculin;Moins de 15 ans;15,792
2010;Y15T64;AUT;Autriche;PS;Personnes;F;Sexe feminin;De 15 a 64 ans;2819028
2010;Y15T64;AUT;Autriche;PT;Pourcentage de la population;F;Sexe feminin;De 15 a 64 ans;65,756
2010;Y_GE65;AUT;Autriche;PS;Personnes;F;Sexe feminin;65 ans et plus;863974
2010;Y_GE65;AUT;Autriche;PT;Pourcentage de la population;F;Sexe feminin;65 ans et plus;20,153
2010;Y15T64;AUT;Autriche;PS;Personnes;M;Sexe masculin;De 15 a 64 ans;2821051
2010;Y15T64;AUT;Autriche;PT;Pourcentage de la population;M;Sexe masculin;De 15 a 64 ans;69,309
2010;Y_GE65;AUT;Autriche;PS;Personnes;M;Sexe masculin;65 ans et plus;614544
2010;Y_GE65;AUT;Autriche;PT;Pourcentage de la population;M;Sexe masculin;65 ans et plus;15,098
2010;Y_GE65;AUT;Autriche;PS;Personnes;_T;Total;65 ans et plus;1478518
2010;Y_GE65;AUT;Autriche;PT;Pourcentage de la population;_T;Total;65 ans et plus;17,691
2010;Y15T64;AUT;Autriche;PS;Personnes;_T;Total;De 15 a 64 ans;5640079
2010;Y15T64;AUT;Autriche;PT;Pourcentage de la population;_T;Total;De 15 a 64 ans;67,486
2010;Y_LT15;AUT;Autriche;PS;Personnes;_T;Total;Moins de 15 ans;1238728,937
2010;Y_LT15;AUT;Autriche;PT;Pourcentage de la population;_T;Total;Moins de 15 ans;14,822
2010;Y_LT15;AUT;Autriche;PS;Personnes;F;Sexe feminin;Moins de 15 ans;604098,0792
2010;Y_LT15;AUT;Autriche;PT;Pourcentage de la population;F;Sexe feminin;Moins de 15 ans;14,091
2010;Y_LT15;AUT;Autriche;PS;Personnes;M;Sexe masculin;Moins de 15 ans;634632,9122
2010;Y_LT15;AUT;Autriche;PT;Pourcentage de la population;M;Sexe masculin;Moins de 15 ans;15,592
2011;Y15T64;AUT;Autriche;PS;Personnes;F;Sexe feminin;De 15 a 64 ans;2837529
2011;Y15T64;AUT;Autriche;PT;Pourcentage de la population;F;Sexe feminin;De 15 a 64 ans;66,001
2011;Y_GE65;AUT;Autriche;PS;Personnes;F;Sexe feminin;65 ans et plus;862913
2011;Y_GE65;AUT;Autriche;PT;Pourcentage de la population;F;Sexe feminin;65 ans et plus;20,071
2011;Y15T64;AUT;Autriche;PS;Personnes;M;Sexe masculin;De 15 a 64 ans;2837458
2011;Y15T64;AUT;Autriche;PT;Pourcentage de la population;M;Sexe masculin;De 15 a 64 ans;69,449
2011;Y_GE65;AUT;Autriche;PS;Personnes;M;Sexe masculin;65 ans et plus;618696
2011;Y_GE65;AUT;Autriche;PT;Pourcentage de la population;M;Sexe masculin;65 ans et plus;15,143
2011;Y_GE65;AUT;Autriche;PS;Personnes;_T;Total;65 ans et plus;1481609
2011;Y_GE65;AUT;Autriche;PT;Pourcentage de la population;_T;Total;65 ans et plus;17,67
2011;Y15T64;AUT;Autriche;PS;Personnes;_T;Total;De 15 a 64 ans;5674987
2011;Y15T64;AUT;Autriche;PT;Pourcentage de la population;_T;Total;De 15 a 64 ans;67,681
2011;Y_LT15;AUT;Autriche;PS;Personnes;_T;Total;Moins de 15 ans;1228304,147
2011;Y_LT15;AUT;Autriche;PT;Pourcentage de la population;_T;Total;Moins de 15 ans;14,649
2011;Y_LT15;AUT;Autriche;PS;Personnes;F;Sexe feminin;Moins de 15 ans;598797,7294
2011;Y_LT15;AUT;Autriche;PT;Pourcentage de la population;F;Sexe feminin;Moins de 15 ans;13,928
2011;Y_LT15;AUT;Autriche;PS;Personnes;M;Sexe masculin;Moins de 15 ans;629519,1091
2011;Y_LT15;AUT;Autriche;PT;Pourcentage de la population;M;Sexe masculin;Moins de 15 ans;15,408
2012;Y15T64;AUT;Autriche;PS;Personnes;F;Sexe feminin;De 15 a 64 ans;2843433
2012;Y15T64;AUT;Autriche;PT;Pourcentage de la population;F;Sexe feminin;De 15 a 64 ans;65,921
2012;Y_GE65;AUT;Autriche;PS;Personnes;F;Sexe feminin;65 ans et plus;876002
2012;Y_GE65;AUT;Autriche;PT;Pourcentage de la population;F;Sexe feminin;65 ans et plus;20,309
2012;Y15T64;AUT;Autriche;PS;Personnes;M;Sexe masculin;De 15 a 64 ans;2845584
2012;Y15T64;AUT;Autriche;PT;Pourcentage de la population;M;Sexe masculin;De 15 a 64 ans;69,287
2012;Y_GE65;AUT;Autriche;PS;Personnes;M;Sexe masculin;65 ans et plus;636167
2012;Y_GE65;AUT;Autriche;PT;Pourcentage de la population;M;Sexe masculin;65 ans et plus;15,49
2012;Y_GE65;AUT;Autriche;PS;Personnes;_T;Total;65 ans et plus;1512169
2012;Y_GE65;AUT;Autriche;PT;Pourcentage de la population;_T;Total;65 ans et plus;17,959
2012;Y15T64;AUT;Autriche;PS;Personnes;_T;Total;De 15 a 64 ans;5689017
2012;Y15T64;AUT;Autriche;PT;Pourcentage de la population;_T;Total;De 15 a 64 ans;67,563
2012;Y_LT15;AUT;Autriche;PS;Personnes;_T;Total;Moins de 15 ans;1219179,291
2012;Y_LT15;AUT;Autriche;PT;Pourcentage de la population;_T;Total;Moins de 15 ans;14,479
2012;Y_LT15;AUT;Autriche;PS;Personnes;F;Sexe feminin;Moins de 15 ans;593954,9046
2012;Y_LT15;AUT;Autriche;PT;Pourcentage de la population;F;Sexe feminin;Moins de 15 ans;13,77
2012;Y_LT15;AUT;Autriche;PS;Personnes;M;Sexe masculin;Moins de 15 ans;625197,9539
2012;Y_LT15;AUT;Autriche;PT;Pourcentage de la population;M;Sexe masculin;Moins de 15 ans;15,223
2013;Y15T64;AUT;Autriche;PS;Personnes;F;Sexe feminin;De 15 a 64 ans;2853462
2013;Y15T64;AUT;Autriche;PT;Pourcentage de la population;F;Sexe feminin;De 15 a 64 ans;65,816
2013;Y_GE65;AUT;Autriche;PS;Personnes;F;Sexe feminin;65 ans et plus;889423
2013;Y_GE65;AUT;Autriche;PT;Pourcentage de la population;F;Sexe feminin;65 ans et plus;20,515
2013;Y15T64;AUT;Autriche;PS;Personnes;M;Sexe masculin;De 15 a 64 ans;2859938
2013;Y15T64;AUT;Autriche;PT;Pourcentage de la population;M;Sexe masculin;De 15 a 64 ans;69,136
2013;Y_GE65;AUT;Autriche;PS;Personnes;M;Sexe masculin;65 ans et plus;652383
2013;Y_GE65;AUT;Autriche;PT;Pourcentage de la population;M;Sexe masculin;65 ans et plus;15,771
2013;Y_GE65;AUT;Autriche;PS;Personnes;_T;Total;65 ans et plus;1541806
2013;Y_GE65;AUT;Autriche;PT;Pourcentage de la population;_T;Total;65 ans et plus;18,198
2013;Y15T64;AUT;Autriche;PS;Personnes;_T;Total;De 15 a 64 ans;5713400
2013;Y15T64;AUT;Autriche;PT;Pourcentage de la population;_T;Total;De 15 a 64 ans;67,437
2013;Y_LT15;AUT;Autriche;PS;Personnes;_T;Total;Moins de 15 ans;1216943,361
2013;Y_LT15;AUT;Autriche;PT;Pourcentage de la population;_T;Total;Moins de 15 ans;14,364
2013;Y_LT15;AUT;Autriche;PS;Personnes;F;Sexe feminin;Moins de 15 ans;592622,3655
2013;Y_LT15;AUT;Autriche;PT;Pourcentage de la population;F;Sexe feminin;Moins de 15 ans;13,669
2013;Y_LT15;AUT;Autriche;PS;Personnes;M;Sexe masculin;Moins de 15 ans;624345,3392
2013;Y_LT15;AUT;Autriche;PT;Pourcentage de la population;M;Sexe masculin;Moins de 15 ans;15,093
2014;Y15T64;AUT;Autriche;PS;Personnes;F;Sexe feminin;De 15 a 64 ans;2866662
2014;Y15T64;AUT;Autriche;PT;Pourcentage de la population;F;Sexe feminin;De 15 a 64 ans;65,683
2014;Y_GE65;AUT;Autriche;PS;Personnes;F;Sexe feminin;65 ans et plus;903474
2014;Y_GE65;AUT;Autriche;PT;Pourcentage de la population;F;Sexe feminin;65 ans et plus;20,701
2014;Y15T64;AUT;Autriche;PS;Personnes;M;Sexe masculin;De 15 a 64 ans;2878063
2014;Y15T64;AUT;Autriche;PT;Pourcentage de la population;M;Sexe masculin;De 15 a 64 ans;68,953
2014;Y_GE65;AUT;Autriche;PS;Personnes;M;Sexe masculin;65 ans et plus;669128
2014;Y_GE65;AUT;Autriche;PT;Pourcentage de la population;M;Sexe masculin;65 ans et plus;16,031
2014;Y_GE65;AUT;Autriche;PS;Personnes;_T;Total;65 ans et plus;1572602
2014;Y_GE65;AUT;Autriche;PT;Pourcentage de la population;_T;Total;65 ans et plus;18,418
2014;Y15T64;AUT;Autriche;PS;Personnes;_T;Total;De 15 a 64 ans;5744725
2014;Y15T64;AUT;Autriche;PT;Pourcentage de la population;_T;Total;De 15 a 64 ans;67,281
2014;Y_LT15;AUT;Autriche;PS;Personnes;_T;Total;Moins de 15 ans;1220984,05
2014;Y_LT15;AUT;Autriche;PT;Pourcentage de la population;_T;Total;Moins de 15 ans;14,3
2014;Y_LT15;AUT;Autriche;PS;Personnes;F;Sexe feminin;Moins de 15 ans;594303,0714
2014;Y_LT15;AUT;Autriche;PT;Pourcentage de la population;F;Sexe feminin;Moins de 15 ans;13,617
2014;Y_LT15;AUT;Autriche;PS;Personnes;M;Sexe masculin;Moins de 15 ans;626757,3288
2014;Y_LT15;AUT;Autriche;PT;Pourcentage de la population;M;Sexe masculin;Moins de 15 ans;15,016
2015;Y15T64;AUT;Autriche;PS;Personnes;F;Sexe feminin;De 15 a 64 ans;2884321
2015;Y15T64;AUT;Autriche;PT;Pourcentage de la population;F;Sexe feminin;De 15 a 64 ans;65,621
2015;Y_GE65;AUT;Autriche;PS;Personnes;F;Sexe feminin;65 ans et plus;912807
2015;Y_GE65;AUT;Autriche;PT;Pourcentage de la population;F;Sexe feminin;65 ans et plus;20,767
2015;Y15T64;AUT;Autriche;PS;Personnes;M;Sexe masculin;De 15 a 64 ans;2909402
2015;Y15T64;AUT;Autriche;PT;Pourcentage de la population;M;Sexe masculin;De 15 a 64 ans;68,89
2015;Y_GE65;AUT;Autriche;PS;Personnes;M;Sexe masculin;65 ans et plus;682062
2015;Y_GE65;AUT;Autriche;PT;Pourcentage de la population;M;Sexe masculin;65 ans et plus;16,15
2015;Y_GE65;AUT;Autriche;PS;Personnes;_T;Total;65 ans et plus;1594869
2015;Y_GE65;AUT;Autriche;PT;Pourcentage de la population;_T;Total;65 ans et plus;18,505
2015;Y15T64;AUT;Autriche;PS;Personnes;_T;Total;De 15 a 64 ans;5793723
2015;Y15T64;AUT;Autriche;PT;Pourcentage de la population;_T;Total;De 15 a 64 ans;67,223
2015;Y_LT15;AUT;Autriche;PS;Personnes;_T;Total;Moins de 15 ans;1230148,336
2015;Y_LT15;AUT;Autriche;PT;Pourcentage de la population;_T;Total;Moins de 15 ans;14,273
2015;Y_LT15;AUT;Autriche;PS;Personnes;F;Sexe feminin;Moins de 15 ans;598305,3871
2015;Y_LT15;AUT;Autriche;PT;Pourcentage de la population;F;Sexe feminin;Moins de 15 ans;13,612
2015;Y_LT15;AUT;Autriche;PS;Personnes;M;Sexe masculin;Moins de 15 ans;631803,1368
2015;Y_LT15;AUT;Autriche;PT;Pourcentage de la population;M;Sexe masculin;Moins de 15 ans;14,96
2016;Y15T64;AUT;Autriche;PS;Personnes;F;Sexe feminin;De 15 a 64 ans;2910686
2016;Y15T64;AUT;Autriche;PT;Pourcentage de la population;F;Sexe feminin;De 15 a 64 ans;65,516
2016;Y_GE65;AUT;Autriche;PS;Personnes;F;Sexe feminin;65 ans et plus;922673
2016;Y_GE65;AUT;Autriche;PT;Pourcentage de la population;F;Sexe feminin;65 ans et plus;20,768
2016;Y15T64;AUT;Autriche;PS;Personnes;M;Sexe masculin;De 15 a 64 ans;2955648
2016;Y15T64;AUT;Autriche;PT;Pourcentage de la population;M;Sexe masculin;De 15 a 64 ans;68,817
2016;Y_GE65;AUT;Autriche;PS;Personnes;M;Sexe masculin;65 ans et plus;694347
2016;Y_GE65;AUT;Autriche;PT;Pourcentage de la population;M;Sexe masculin;65 ans et plus;16,167
2016;Y_GE65;AUT;Autriche;PS;Personnes;_T;Total;65 ans et plus;1617020
2016;Y_GE65;AUT;Autriche;PT;Pourcentage de la population;_T;Total;65 ans et plus;18,506
2016;Y15T64;AUT;Autriche;PS;Personnes;_T;Total;De 15 a 64 ans;5866334
2016;Y15T64;AUT;Autriche;PT;Pourcentage de la population;_T;Total;De 15 a 64 ans;67,138
2016;Y_LT15;AUT;Autriche;PS;Personnes;_T;Total;Moins de 15 ans;1254291,524
2016;Y_LT15;AUT;Autriche;PT;Pourcentage de la population;_T;Total;Moins de 15 ans;14,355
2016;Y_LT15;AUT;Autriche;PS;Personnes;F;Sexe feminin;Moins de 15 ans;609363,4752
2016;Y_LT15;AUT;Autriche;PT;Pourcentage de la population;F;Sexe feminin;Moins de 15 ans;13,716
2016;Y_LT15;AUT;Autriche;PS;Personnes;M;Sexe masculin;Moins de 15 ans;644928,6409
2016;Y_LT15;AUT;Autriche;PT;Pourcentage de la population;M;Sexe masculin;Moins de 15 ans;15,016
2017;Y15T64;AUT;Autriche;PS;Personnes;F;Sexe feminin;De 15 a 64 ans;2921029
2017;Y15T64;AUT;Autriche;PT;Pourcentage de la population;F;Sexe feminin;De 15 a 64 ans;65,382
2017;Y_GE65;AUT;Autriche;PS;Personnes;F;Sexe feminin;65 ans et plus;930942
2017;Y_GE65;AUT;Autriche;PT;Pourcentage de la population;F;Sexe feminin;65 ans et plus;20,837
2017;Y15T64;AUT;Autriche;PS;Personnes;M;Sexe masculin;De 15 a 64 ans;2966029
2017;Y15T64;AUT;Autriche;PT;Pourcentage de la population;M;Sexe masculin;De 15 a 64 ans;68,611
2017;Y_GE65;AUT;Autriche;PS;Personnes;M;Sexe masculin;65 ans et plus;704933
2017;Y_GE65;AUT;Autriche;PT;Pourcentage de la population;M;Sexe masculin;65 ans et plus;16,307
2017;Y_GE65;AUT;Autriche;PS;Personnes;_T;Total;65 ans et plus;1635875
2017;Y_GE65;AUT;Autriche;PT;Pourcentage de la population;_T;Total;65 ans et plus;18,609
2017;Y15T64;AUT;Autriche;PS;Personnes;_T;Total;De 15 a 64 ans;5887058
2017;Y15T64;AUT;Autriche;PT;Pourcentage de la population;_T;Total;De 15 a 64 ans;66,97
2017;Y_LT15;AUT;Autriche;PS;Personnes;_T;Total;Moins de 15 ans;1267695,887
2017;Y_LT15;AUT;Autriche;PT;Pourcentage de la population;_T;Total;Moins de 15 ans;14,421
2017;Y_LT15;AUT;Autriche;PS;Personnes;F;Sexe feminin;Moins de 15 ans;615686,7087
2017;Y_LT15;AUT;Autriche;PT;Pourcentage de la population;F;Sexe feminin;Moins de 15 ans;13,781
2017;Y_LT15;AUT;Autriche;PS;Personnes;M;Sexe masculin;Moins de 15 ans;652034,3193
2017;Y_LT15;AUT;Autriche;PT;Pourcentage de la population;M;Sexe masculin;Moins de 15 ans;15,083
2018;Y15T64;AUT;Autriche;PS;Personnes;F;Sexe feminin;De 15 a 64 ans;2927913
2018;Y15T64;AUT;Autriche;PT;Pourcentage de la population;F;Sexe feminin;De 15 a 64 ans;65,237
2018;Y_GE65;AUT;Autriche;PS;Personnes;F;Sexe feminin;65 ans et plus;940989
2018;Y_GE65;AUT;Autriche;PT;Pourcentage de la population;F;Sexe feminin;65 ans et plus;20,966
2018;Y15T64;AUT;Autriche;PS;Personnes;M;Sexe masculin;De 15 a 64 ans;2972134
2018;Y15T64;AUT;Autriche;PT;Pourcentage de la population;M;Sexe masculin;De 15 a 64 ans;68,403
2018;Y_GE65;AUT;Autriche;PS;Personnes;M;Sexe masculin;65 ans et plus;717346
2018;Y_GE65;AUT;Autriche;PT;Pourcentage de la population;M;Sexe masculin;65 ans et plus;16,509
2018;Y_GE65;AUT;Autriche;PS;Personnes;_T;Total;65 ans et plus;1658335
2018;Y_GE65;AUT;Autriche;PT;Pourcentage de la population;_T;Total;65 ans et plus;18,774
2018;Y15T64;AUT;Autriche;PS;Personnes;_T;Total;De 15 a 64 ans;5900047
2018;Y15T64;AUT;Autriche;PT;Pourcentage de la population;_T;Total;De 15 a 64 ans;66,794
2018;Y_LT15;AUT;Autriche;PS;Personnes;_T;Total;Moins de 15 ans;1274806,269
2018;Y_LT15;AUT;Autriche;PT;Pourcentage de la population;_T;Total;Moins de 15 ans;14,432
2018;Y_LT15;AUT;Autriche;PS;Personnes;F;Sexe feminin;Moins de 15 ans;619227,0202
2018;Y_LT15;AUT;Autriche;PT;Pourcentage de la population;F;Sexe feminin;Moins de 15 ans;13,797
2018;Y_LT15;AUT;Autriche;PS;Personnes;M;Sexe masculin;Moins de 15 ans;655583,2563
2018;Y_LT15;AUT;Autriche;PT;Pourcentage de la population;M;Sexe masculin;Moins de 15 ans;15,088
2019;Y15T64;AUT;Autriche;PS;Personnes;F;Sexe feminin;De 15 a 64 ans;2933783
2019;Y15T64;AUT;Autriche;PT;Pourcentage de la population;F;Sexe feminin;De 15 a 64 ans;65,092
2019;Y_GE65;AUT;Autriche;PS;Personnes;F;Sexe feminin;65 ans et plus;951924
2019;Y_GE65;AUT;Autriche;PT;Pourcentage de la population;F;Sexe feminin;65 ans et plus;21,12
2019;Y15T64;AUT;Autriche;PS;Personnes;M;Sexe masculin;De 15 a 64 ans;2977242
2019;Y15T64;AUT;Autriche;PT;Pourcentage de la population;M;Sexe masculin;De 15 a 64 ans;68,204
2019;Y_GE65;AUT;Autriche;PS;Personnes;M;Sexe masculin;65 ans et plus;729882
2019;Y_GE65;AUT;Autriche;PT;Pourcentage de la population;M;Sexe masculin;65 ans et plus;16,721
2019;Y_GE65;AUT;Autriche;PS;Personnes;_T;Total;65 ans et plus;1681806
2019;Y_GE65;AUT;Autriche;PT;Pourcentage de la population;_T;Total;65 ans et plus;18,956
2019;Y15T64;AUT;Autriche;PS;Personnes;_T;Total;De 15 a 64 ans;5911025
2019;Y15T64;AUT;Autriche;PT;Pourcentage de la population;_T;Total;De 15 a 64 ans;66,623
2019;Y_LT15;AUT;Autriche;PS;Personnes;_T;Total;Moins de 15 ans;1279480,728
2019;Y_LT15;AUT;Autriche;PT;Pourcentage de la population;_T;Total;Moins de 15 ans;14,421
2019;Y_LT15;AUT;Autriche;PS;Personnes;F;Sexe feminin;Moins de 15 ans;621446,1178
2019;Y_LT15;AUT;Autriche;PT;Pourcentage de la population;F;Sexe feminin;Moins de 15 ans;13,788
2019;Y_LT15;AUT;Autriche;PS;Personnes;M;Sexe masculin;Moins de 15 ans;658052,694
2019;Y_LT15;AUT;Autriche;PT;Pourcentage de la population;M;Sexe masculin;Moins de 15 ans;15,075
2020;Y15T64;AUT;Autriche;PS;Personnes;F;Sexe feminin;De 15 a 64 ans;2937913
2020;Y15T64;AUT;Autriche;PT;Pourcentage de la population;F;Sexe feminin;De 15 a 64 ans;64,911
2020;Y_GE65;AUT;Autriche;PS;Personnes;F;Sexe feminin;65 ans et plus;965111
2020;Y_GE65;AUT;Autriche;PT;Pourcentage de la population;F;Sexe feminin;65 ans et plus;21,323
2020;Y15T64;AUT;Autriche;PS;Personnes;M;Sexe masculin;De 15 a 64 ans;2983140
2020;Y15T64;AUT;Autriche;PT;Pourcentage de la population;M;Sexe masculin;De 15 a 64 ans;68,012
2020;Y_GE65;AUT;Autriche;PS;Personnes;M;Sexe masculin;65 ans et plus;743987
2020;Y_GE65;AUT;Autriche;PT;Pourcentage de la population;M;Sexe masculin;65 ans et plus;16,962
2020;Y_GE65;AUT;Autriche;PS;Personnes;_T;Total;65 ans et plus;1709098
2020;Y_GE65;AUT;Autriche;PT;Pourcentage de la population;_T;Total;65 ans et plus;19,177
2020;Y15T64;AUT;Autriche;PS;Personnes;_T;Total;De 15 a 64 ans;5921053
2020;Y15T64;AUT;Autriche;PT;Pourcentage de la population;_T;Total;De 15 a 64 ans;66,437
2020;Y_LT15;AUT;Autriche;PS;Personnes;_T;Total;Moins de 15 ans;1282122,471
2020;Y_LT15;AUT;Autriche;PT;Pourcentage de la population;_T;Total;Moins de 15 ans;14,386
2020;Y_LT15;AUT;Autriche;PS;Personnes;F;Sexe feminin;Moins de 15 ans;623062,2377
2020;Y_LT15;AUT;Autriche;PT;Pourcentage de la population;F;Sexe feminin;Moins de 15 ans;13,766
2020;Y_LT15;AUT;Autriche;PS;Personnes;M;Sexe masculin;Moins de 15 ans;659070,1115
2020;Y_LT15;AUT;Autriche;PT;Pourcentage de la population;M;Sexe masculin;Moins de 15 ans;15,026
2021;Y15T64;AUT;Autriche;PS;Personnes;F;Sexe feminin;De 15 a 64 ans;2937645
2021;Y15T64;AUT;Autriche;PT;Pourcentage de la population;F;Sexe feminin;De 15 a 64 ans;64,701
2021;Y_GE65;AUT;Autriche;PS;Personnes;F;Sexe feminin;65 ans et plus;977477
2021;Y_GE65;AUT;Autriche;PT;Pourcentage de la population;F;Sexe feminin;65 ans et plus;21,529
2021;Y15T64;AUT;Autriche;PS;Personnes;M;Sexe masculin;De 15 a 64 ans;2987491
2021;Y15T64;AUT;Autriche;PT;Pourcentage de la population;M;Sexe masculin;De 15 a 64 ans;67,822
2021;Y_GE65;AUT;Autriche;PS;Personnes;M;Sexe masculin;65 ans et plus;756220
2021;Y_GE65;AUT;Autriche;PT;Pourcentage de la population;M;Sexe masculin;65 ans et plus;17,168
2021;Y_GE65;AUT;Autriche;PS;Personnes;_T;Total;65 ans et plus;1733697
2021;Y_GE65;AUT;Autriche;PT;Pourcentage de la population;_T;Total;65 ans et plus;19,381
2021;Y15T64;AUT;Autriche;PS;Personnes;_T;Total;De 15 a 64 ans;5925136
2021;Y15T64;AUT;Autriche;PT;Pourcentage de la population;_T;Total;De 15 a 64 ans;66,238
2021;Y_LT15;AUT;Autriche;PS;Personnes;_T;Total;Moins de 15 ans;1286420,573
2021;Y_LT15;AUT;Autriche;PT;Pourcentage de la population;_T;Total;Moins de 15 ans;14,381
2021;Y_LT15;AUT;Autriche;PS;Personnes;F;Sexe feminin;Moins de 15 ans;625252,1493
2021;Y_LT15;AUT;Autriche;PT;Pourcentage de la population;F;Sexe feminin;Moins de 15 ans;13,771
2021;Y_LT15;AUT;Autriche;PS;Personnes;M;Sexe masculin;Moins de 15 ans;661223,2918
2021;Y_LT15;AUT;Autriche;PT;Pourcentage de la population;M;Sexe masculin;Moins de 15 ans;15,011
2022;Y15T64;AUT;Autriche;PS;Personnes;F;Sexe feminin;De 15 a 64 ans;2969338
2022;Y15T64;AUT;Autriche;PT;Pourcentage de la population;F;Sexe feminin;De 15 a 64 ans;64,537
2022;Y_GE65;AUT;Autriche;PS;Personnes;F;Sexe feminin;65 ans et plus;995013
2022;Y_GE65;AUT;Autriche;PT;Pourcentage de la population;F;Sexe feminin;65 ans et plus;21,626
2022;Y15T64;AUT;Autriche;PS;Personnes;M;Sexe masculin;De 15 a 64 ans;3011069
2022;Y15T64;AUT;Autriche;PT;Pourcentage de la population;M;Sexe masculin;De 15 a 64 ans;67,551
2022;Y_GE65;AUT;Autriche;PS;Personnes;M;Sexe masculin;65 ans et plus;772130
2022;Y_GE65;AUT;Autriche;PT;Pourcentage de la population;M;Sexe masculin;65 ans et plus;17,322
2022;Y_GE65;AUT;Autriche;PS;Personnes;_T;Total;65 ans et plus;1767143
2022;Y_GE65;AUT;Autriche;PT;Pourcentage de la population;_T;Total;65 ans et plus;19,508
2022;Y15T64;AUT;Autriche;PS;Personnes;_T;Total;De 15 a 64 ans;5980407
2022;Y15T64;AUT;Autriche;PT;Pourcentage de la population;_T;Total;De 15 a 64 ans;66,021
2022;Y_LT15;AUT;Autriche;PS;Personnes;_T;Total;Moins de 15 ans;1310842,077
2022;Y_LT15;AUT;Autriche;PT;Pourcentage de la population;_T;Total;Moins de 15 ans;14,471
2022;Y_LT15;AUT;Autriche;PS;Personnes;F;Sexe feminin;Moins de 15 ans;636635,3887
2022;Y_LT15;AUT;Autriche;PT;Pourcentage de la population;F;Sexe feminin;Moins de 15 ans;13,837
2022;Y_LT15;AUT;Autriche;PS;Personnes;M;Sexe masculin;Moins de 15 ans;674232,8282
2022;Y_LT15;AUT;Autriche;PT;Pourcentage de la population;M;Sexe masculin;Moins de 15 ans;15,126
2023;Y15T64;AUT;Autriche;PS;Personnes;F;Sexe feminin;De 15 a 64 ans;2978269
2023;Y15T64;AUT;Autriche;PT;Pourcentage de la population;F;Sexe feminin;De 15 a 64 ans;64,358
2023;Y_GE65;AUT;Autriche;PS;Personnes;F;Sexe feminin;65 ans et plus;1011547
2023;Y_GE65;AUT;Autriche;PT;Pourcentage de la population;F;Sexe feminin;65 ans et plus;21,859
2023;Y15T64;AUT;Autriche;PS;Personnes;M;Sexe masculin;De 15 a 64 ans;3033247
2023;Y15T64;AUT;Autriche;PT;Pourcentage de la population;M;Sexe masculin;De 15 a 64 ans;67,434
2023;Y_GE65;AUT;Autriche;PS;Personnes;M;Sexe masculin;65 ans et plus;789152
2023;Y_GE65;AUT;Autriche;PT;Pourcentage de la population;M;Sexe masculin;65 ans et plus;17,544
2023;Y_GE65;AUT;Autriche;PS;Personnes;_T;Total;65 ans et plus;1800699
2023;Y_GE65;AUT;Autriche;PT;Pourcentage de la population;_T;Total;65 ans et plus;19,732
2023;Y15T64;AUT;Autriche;PS;Personnes;_T;Total;De 15 a 64 ans;6011516
2023;Y15T64;AUT;Autriche;PT;Pourcentage de la population;_T;Total;De 15 a 64 ans;65,874
2023;Y_LT15;AUT;Autriche;PS;Personnes;_T;Total;Moins de 15 ans;1313557,576
2023;Y_LT15;AUT;Autriche;PT;Pourcentage de la population;_T;Total;Moins de 15 ans;14,394
2023;Y_LT15;AUT;Autriche;PS;Personnes;F;Sexe feminin;Moins de 15 ans;637830,24
2023;Y_LT15;AUT;Autriche;PT;Pourcentage de la population;F;Sexe feminin;Moins de 15 ans;13,783
2023;Y_LT15;AUT;Autriche;PS;Personnes;M;Sexe masculin;Moins de 15 ans;675655,2449
2023;Y_LT15;AUT;Autriche;PT;Pourcentage de la population;M;Sexe masculin;Moins de 15 ans;15,021
2024;Y15T64;AUT;Autriche;PS;Personnes;F;Sexe feminin;De 15 a 64 ans;2981012
2024;Y15T64;AUT;Autriche;PT;Pourcentage de la population;F;Sexe feminin;De 15 a 64 ans;64,083
2024;Y_GE65;AUT;Autriche;PS;Personnes;F;Sexe feminin;65 ans et plus;1031614
2024;Y_GE65;AUT;Autriche;PT;Pourcentage de la population;F;Sexe feminin;65 ans et plus;22,177
2024;Y15T64;AUT;Autriche;PS;Personnes;M;Sexe masculin;De 15 a 64 ans;3036285
2024;Y15T64;AUT;Autriche;PT;Pourcentage de la population;M;Sexe masculin;De 15 a 64 ans;67,129
2024;Y_GE65;AUT;Autriche;PS;Personnes;M;Sexe masculin;65 ans et plus;809230
2024;Y_GE65;AUT;Autriche;PT;Pourcentage de la population;M;Sexe masculin;65 ans et plus;17,891
2024;Y_GE65;AUT;Autriche;PS;Personnes;_T;Total;65 ans et plus;1840844
2024;Y_GE65;AUT;Autriche;PT;Pourcentage de la population;_T;Total;65 ans et plus;20,064
2024;Y15T64;AUT;Autriche;PS;Personnes;_T;Total;De 15 a 64 ans;6017297
2024;Y15T64;AUT;Autriche;PT;Pourcentage de la population;_T;Total;De 15 a 64 ans;65,584
2024;Y_LT15;AUT;Autriche;PS;Personnes;_T;Total;Moins de 15 ans;1316782,796
2024;Y_LT15;AUT;Autriche;PT;Pourcentage de la population;_T;Total;Moins de 15 ans;14,352
2024;Y_LT15;AUT;Autriche;PS;Personnes;F;Sexe feminin;Moins de 15 ans;639205,8992
2024;Y_LT15;AUT;Autriche;PT;Pourcentage de la population;F;Sexe feminin;Moins de 15 ans;13,741
2024;Y_LT15;AUT;Autriche;PS;Personnes;M;Sexe masculin;Moins de 15 ans;677559,3314
2024;Y_LT15;AUT;Autriche;PT;Pourcentage de la population;M;Sexe masculin;Moins de 15 ans;14,98
2002;Y15T64;BEL;Belgique;PS;Personnes;_T;Total;De 15 a 64 ans;6774422
2002;Y15T64;BEL;Belgique;PT;Pourcentage de la population;_T;Total;De 15 a 64 ans;65,562
2002;Y_GE65;BEL;Belgique;PS;Personnes;_T;Total;65 ans et plus;1754391
2002;Y_GE65;BEL;Belgique;PT;Pourcentage de la population;_T;Total;65 ans et plus;16,979
2002;Y15T64;BEL;Belgique;PS;Personnes;M;Sexe masculin;De 15 a 64 ans;3411449
2002;Y15T64;BEL;Belgique;PT;Pourcentage de la population;M;Sexe masculin;De 15 a 64 ans;67,492
2002;Y_GE65;BEL;Belgique;PS;Personnes;M;Sexe masculin;65 ans et plus;721068
2002;Y_GE65;BEL;Belgique;PT;Pourcentage de la population;M;Sexe masculin;65 ans et plus;14,266
2002;Y_GE65;BEL;Belgique;PS;Personnes;F;Sexe feminin;65 ans et plus;1033323
2002;Y_GE65;BEL;Belgique;PT;Pourcentage de la population;F;Sexe feminin;65 ans et plus;19,577
2002;Y15T64;BEL;Belgique;PS;Personnes;F;Sexe feminin;De 15 a 64 ans;3362973
2002;Y15T64;BEL;Belgique;PT;Pourcentage de la population;F;Sexe feminin;De 15 a 64 ans;63,714
2002;Y_LT15;BEL;Belgique;PS;Personnes;_T;Total;Moins de 15 ans;1804001,108
2002;Y_LT15;BEL;Belgique;PT;Pourcentage de la population;_T;Total;Moins de 15 ans;17,459
2002;Y_LT15;BEL;Belgique;PS;Personnes;F;Sexe feminin;Moins de 15 ans;881881,8231
2002;Y_LT15;BEL;Belgique;PT;Pourcentage de la population;F;Sexe feminin;Moins de 15 ans;16,708
2002;Y_LT15;BEL;Belgique;PS;Personnes;M;Sexe masculin;Moins de 15 ans;922057,3957
2002;Y_LT15;BEL;Belgique;PT;Pourcentage de la population;M;Sexe masculin;Moins de 15 ans;18,242
2003;Y15T64;BEL;Belgique;PS;Personnes;_T;Total;De 15 a 64 ans;6804809
2003;Y15T64;BEL;Belgique;PT;Pourcentage de la population;_T;Total;De 15 a 64 ans;65,581
2003;Y_GE65;BEL;Belgique;PS;Personnes;_T;Total;65 ans et plus;1771253
2003;Y_GE65;BEL;Belgique;PT;Pourcentage de la population;_T;Total;65 ans et plus;17,07
2003;Y15T64;BEL;Belgique;PS;Personnes;M;Sexe masculin;De 15 a 64 ans;3426134
2003;Y15T64;BEL;Belgique;PT;Pourcentage de la population;M;Sexe masculin;De 15 a 64 ans;67,483
2003;Y_GE65;BEL;Belgique;PS;Personnes;M;Sexe masculin;65 ans et plus;730866
2003;Y_GE65;BEL;Belgique;PT;Pourcentage de la population;M;Sexe masculin;65 ans et plus;14,396
2003;Y_GE65;BEL;Belgique;PS;Personnes;F;Sexe feminin;65 ans et plus;1040387
2003;Y_GE65;BEL;Belgique;PT;Pourcentage de la population;F;Sexe feminin;65 ans et plus;19,633
2003;Y15T64;BEL;Belgique;PS;Personnes;F;Sexe feminin;De 15 a 64 ans;3378675
2003;Y15T64;BEL;Belgique;PT;Pourcentage de la population;F;Sexe feminin;De 15 a 64 ans;63,759
2003;Y_LT15;BEL;Belgique;PS;Personnes;_T;Total;Moins de 15 ans;1800051,206
2003;Y_LT15;BEL;Belgique;PT;Pourcentage de la population;_T;Total;Moins de 15 ans;17,348
2003;Y_LT15;BEL;Belgique;PS;Personnes;F;Sexe feminin;Moins de 15 ans;880021,3709
2003;Y_LT15;BEL;Belgique;PT;Pourcentage de la population;F;Sexe feminin;Moins de 15 ans;16,607
2003;Y_LT15;BEL;Belgique;PS;Personnes;M;Sexe masculin;Moins de 15 ans;920008,9687
2003;Y_LT15;BEL;Belgique;PT;Pourcentage de la population;M;Sexe masculin;Moins de 15 ans;18,121
2004;Y15T64;BEL;Belgique;PS;Personnes;_T;Total;De 15 a 64 ans;6835178
2004;Y15T64;BEL;Belgique;PT;Pourcentage de la population;_T;Total;De 15 a 64 ans;65,59
2004;Y_GE65;BEL;Belgique;PS;Personnes;_T;Total;65 ans et plus;1789811
2004;Y_GE65;BEL;Belgique;PT;Pourcentage de la population;_T;Total;65 ans et plus;17,175
2004;Y15T64;BEL;Belgique;PS;Personnes;M;Sexe masculin;De 15 a 64 ans;3440078
2004;Y15T64;BEL;Belgique;PT;Pourcentage de la population;M;Sexe masculin;De 15 a 64 ans;67,462
2004;Y_GE65;BEL;Belgique;PS;Personnes;M;Sexe masculin;65 ans et plus;741124
2004;Y_GE65;BEL;Belgique;PT;Pourcentage de la population;M;Sexe masculin;65 ans et plus;14,534
2004;Y_GE65;BEL;Belgique;PS;Personnes;F;Sexe feminin;65 ans et plus;1048687
2004;Y_GE65;BEL;Belgique;PT;Pourcentage de la population;F;Sexe feminin;65 ans et plus;19,705
2004;Y15T64;BEL;Belgique;PS;Personnes;F;Sexe feminin;De 15 a 64 ans;3395100
2004;Y15T64;BEL;Belgique;PT;Pourcentage de la population;F;Sexe feminin;De 15 a 64 ans;63,795
2004;Y_LT15;BEL;Belgique;PS;Personnes;_T;Total;Moins de 15 ans;1796187,001
2004;Y_LT15;BEL;Belgique;PT;Pourcentage de la population;_T;Total;Moins de 15 ans;17,236
2004;Y_LT15;BEL;Belgique;PS;Personnes;F;Sexe feminin;Moins de 15 ans;878111,52
2004;Y_LT15;BEL;Belgique;PT;Pourcentage de la population;F;Sexe feminin;Moins de 15 ans;16,5
2004;Y_LT15;BEL;Belgique;PS;Personnes;M;Sexe masculin;Moins de 15 ans;918068,6099
2004;Y_LT15;BEL;Belgique;PT;Pourcentage de la population;M;Sexe masculin;Moins de 15 ans;18,004
2005;Y15T64;BEL;Belgique;PS;Personnes;_T;Total;De 15 a 64 ans;6878877
2005;Y15T64;BEL;Belgique;PT;Pourcentage de la population;_T;Total;De 15 a 64 ans;65,647
2005;Y_GE65;BEL;Belgique;PS;Personnes;_T;Total;65 ans et plus;1804262
2005;Y_GE65;BEL;Belgique;PT;Pourcentage de la population;_T;Total;65 ans et plus;17,219
2005;Y15T64;BEL;Belgique;PS;Personnes;M;Sexe masculin;De 15 a 64 ans;3460512
2005;Y15T64;BEL;Belgique;PT;Pourcentage de la population;M;Sexe masculin;De 15 a 64 ans;67,488
2005;Y_GE65;BEL;Belgique;PS;Personnes;M;Sexe masculin;65 ans et plus;749244
2005;Y_GE65;BEL;Belgique;PT;Pourcentage de la population;M;Sexe masculin;65 ans et plus;14,612
2005;Y_GE65;BEL;Belgique;PS;Personnes;F;Sexe feminin;65 ans et plus;1055018
2005;Y_GE65;BEL;Belgique;PT;Pourcentage de la population;F;Sexe feminin;65 ans et plus;19,716
2005;Y15T64;BEL;Belgique;PS;Personnes;F;Sexe feminin;De 15 a 64 ans;3418365
2005;Y15T64;BEL;Belgique;PT;Pourcentage de la population;F;Sexe feminin;De 15 a 64 ans;63,882
2005;Y_LT15;BEL;Belgique;PS;Personnes;_T;Total;Moins de 15 ans;1795511,537
2005;Y_LT15;BEL;Belgique;PT;Pourcentage de la population;_T;Total;Moins de 15 ans;17,135
2005;Y_LT15;BEL;Belgique;PS;Personnes;F;Sexe feminin;Moins de 15 ans;877678,4009
2005;Y_LT15;BEL;Belgique;PT;Pourcentage de la population;F;Sexe feminin;Moins de 15 ans;16,402
2005;Y_LT15;BEL;Belgique;PS;Personnes;M;Sexe masculin;Moins de 15 ans;917835,925
2005;Y_LT15;BEL;Belgique;PT;Pourcentage de la population;M;Sexe masculin;Moins de 15 ans;17,9
2006;Y15T64;BEL;Belgique;PS;Personnes;_T;Total;De 15 a 64 ans;6941500
2006;Y15T64;BEL;Belgique;PT;Pourcentage de la population;_T;Total;De 15 a 64 ans;65,809
2006;Y_GE65;BEL;Belgique;PS;Personnes;_T;Total;65 ans et plus;1809539
2006;Y_GE65;BEL;Belgique;PT;Pourcentage de la population;_T;Total;65 ans et plus;17,155
2006;Y15T64;BEL;Belgique;PS;Personnes;M;Sexe masculin;De 15 a 64 ans;3490892
2006;Y15T64;BEL;Belgique;PT;Pourcentage de la population;M;Sexe masculin;De 15 a 64 ans;67,619
2006;Y_GE65;BEL;Belgique;PS;Personnes;M;Sexe masculin;65 ans et plus;753311
2006;Y_GE65;BEL;Belgique;PT;Pourcentage de la population;M;Sexe masculin;65 ans et plus;14,592
2006;Y_GE65;BEL;Belgique;PS;Personnes;F;Sexe feminin;65 ans et plus;1056228
2006;Y_GE65;BEL;Belgique;PT;Pourcentage de la population;F;Sexe feminin;65 ans et plus;19,613
2006;Y15T64;BEL;Belgique;PS;Personnes;F;Sexe feminin;De 15 a 64 ans;3450608
2006;Y15T64;BEL;Belgique;PT;Pourcentage de la population;F;Sexe feminin;De 15 a 64 ans;64,074
2006;Y_LT15;BEL;Belgique;PS;Personnes;_T;Total;Moins de 15 ans;1796949,784
2006;Y_LT15;BEL;Belgique;PT;Pourcentage de la population;_T;Total;Moins de 15 ans;17,036
2006;Y_LT15;BEL;Belgique;PS;Personnes;F;Sexe feminin;Moins de 15 ans;878510,8405
2006;Y_LT15;BEL;Belgique;PT;Pourcentage de la population;F;Sexe feminin;Moins de 15 ans;16,313
2006;Y_LT15;BEL;Belgique;PS;Personnes;M;Sexe masculin;Moins de 15 ans;918429,0306
2006;Y_LT15;BEL;Belgique;PT;Pourcentage de la population;M;Sexe masculin;Moins de 15 ans;17,79
2007;Y15T64;BEL;Belgique;PS;Personnes;_T;Total;De 15 a 64 ans;7010582
2007;Y15T64;BEL;Belgique;PT;Pourcentage de la population;_T;Total;De 15 a 64 ans;65,983
2007;Y_GE65;BEL;Belgique;PS;Personnes;_T;Total;65 ans et plus;1814098
2007;Y_GE65;BEL;Belgique;PT;Pourcentage de la population;_T;Total;65 ans et plus;17,074
2007;Y15T64;BEL;Belgique;PS;Personnes;M;Sexe masculin;De 15 a 64 ans;3525030
2007;Y15T64;BEL;Belgique;PT;Pourcentage de la population;M;Sexe masculin;De 15 a 64 ans;67,76
2007;Y_GE65;BEL;Belgique;PS;Personnes;M;Sexe masculin;65 ans et plus;757286
2007;Y_GE65;BEL;Belgique;PT;Pourcentage de la population;M;Sexe masculin;65 ans et plus;14,557
2007;Y_GE65;BEL;Belgique;PS;Personnes;F;Sexe feminin;65 ans et plus;1056812
2007;Y_GE65;BEL;Belgique;PT;Pourcentage de la population;F;Sexe feminin;65 ans et plus;19,489
2007;Y15T64;BEL;Belgique;PS;Personnes;F;Sexe feminin;De 15 a 64 ans;3485552
2007;Y15T64;BEL;Belgique;PT;Pourcentage de la population;F;Sexe feminin;De 15 a 64 ans;64,278
2007;Y_LT15;BEL;Belgique;PS;Personnes;_T;Total;Moins de 15 ans;1800165,794
2007;Y_LT15;BEL;Belgique;PT;Pourcentage de la population;_T;Total;Moins de 15 ans;16,943
2007;Y_LT15;BEL;Belgique;PS;Personnes;F;Sexe feminin;Moins de 15 ans;880255,6902
2007;Y_LT15;BEL;Belgique;PT;Pourcentage de la population;F;Sexe feminin;Moins de 15 ans;16,233
2007;Y_LT15;BEL;Belgique;PS;Personnes;M;Sexe masculin;Moins de 15 ans;919905,7333
2007;Y_LT15;BEL;Belgique;PT;Pourcentage de la population;M;Sexe masculin;Moins de 15 ans;17,683
2008;Y15T64;BEL;Belgique;PS;Personnes;_T;Total;De 15 a 64 ans;7072926
2008;Y15T64;BEL;Belgique;PT;Pourcentage de la population;_T;Total;De 15 a 64 ans;66,046
2008;Y_GE65;BEL;Belgique;PS;Personnes;_T;Total;65 ans et plus;1827455
2008;Y_GE65;BEL;Belgique;PT;Pourcentage de la population;_T;Total;65 ans et plus;17,064
2008;Y15T64;BEL;Belgique;PS;Personnes;M;Sexe masculin;De 15 a 64 ans;3555765
2008;Y15T64;BEL;Belgique;PT;Pourcentage de la population;M;Sexe masculin;De 15 a 64 ans;67,783
2008;Y_GE65;BEL;Belgique;PS;Personnes;M;Sexe masculin;65 ans et plus;765634
2008;Y_GE65;BEL;Belgique;PT;Pourcentage de la population;M;Sexe masculin;65 ans et plus;14,595
2008;Y_GE65;BEL;Belgique;PS;Personnes;F;Sexe feminin;65 ans et plus;1061821
2008;Y_GE65;BEL;Belgique;PT;Pourcentage de la population;F;Sexe feminin;65 ans et plus;19,436
2008;Y15T64;BEL;Belgique;PS;Personnes;F;Sexe feminin;De 15 a 64 ans;3517161
2008;Y15T64;BEL;Belgique;PT;Pourcentage de la population;F;Sexe feminin;De 15 a 64 ans;64,378
2008;Y_LT15;BEL;Belgique;PS;Personnes;_T;Total;Moins de 15 ans;1808768,341
2008;Y_LT15;BEL;Belgique;PT;Pourcentage de la population;_T;Total;Moins de 15 ans;16,89
2008;Y_LT15;BEL;Belgique;PS;Personnes;F;Sexe feminin;Moins de 15 ans;884286,5008
2008;Y_LT15;BEL;Belgique;PT;Pourcentage de la population;F;Sexe feminin;Moins de 15 ans;16,186
2008;Y_LT15;BEL;Belgique;PS;Personnes;M;Sexe masculin;Moins de 15 ans;924419,8102
2008;Y_LT15;BEL;Belgique;PT;Pourcentage de la population;M;Sexe masculin;Moins de 15 ans;17,622
2009;Y15T64;BEL;Belgique;PS;Personnes;_T;Total;De 15 a 64 ans;7124475
2009;Y15T64;BEL;Belgique;PT;Pourcentage de la population;_T;Total;De 15 a 64 ans;65,989
2009;Y_GE65;BEL;Belgique;PS;Personnes;_T;Total;65 ans et plus;1848469
2009;Y_GE65;BEL;Belgique;PT;Pourcentage de la population;_T;Total;65 ans et plus;17,121
2009;Y15T64;BEL;Belgique;PS;Personnes;M;Sexe masculin;De 15 a 64 ans;3580688
2009;Y15T64;BEL;Belgique;PT;Pourcentage de la population;M;Sexe masculin;De 15 a 64 ans;67,682
2009;Y_GE65;BEL;Belgique;PS;Personnes;M;Sexe masculin;65 ans et plus;777649
2009;Y_GE65;BEL;Belgique;PT;Pourcentage de la population;M;Sexe masculin;65 ans et plus;14,699
2009;Y_GE65;BEL;Belgique;PS;Personnes;F;Sexe feminin;65 ans et plus;1070820
2009;Y_GE65;BEL;Belgique;PT;Pourcentage de la population;F;Sexe feminin;65 ans et plus;19,448
2009;Y15T64;BEL;Belgique;PS;Personnes;F;Sexe feminin;De 15 a 64 ans;3543787
2009;Y15T64;BEL;Belgique;PT;Pourcentage de la population;F;Sexe feminin;De 15 a 64 ans;64,362
2009;Y_LT15;BEL;Belgique;PS;Personnes;_T;Total;Moins de 15 ans;1823528,512
2009;Y_LT15;BEL;Belgique;PT;Pourcentage de la population;_T;Total;Moins de 15 ans;16,89
2009;Y_LT15;BEL;Belgique;PS;Personnes;F;Sexe feminin;Moins de 15 ans;891430,9521
2009;Y_LT15;BEL;Belgique;PT;Pourcentage de la population;F;Sexe feminin;Moins de 15 ans;16,19
2009;Y_LT15;BEL;Belgique;PS;Personnes;M;Sexe masculin;Moins de 15 ans;932122,4474
2009;Y_LT15;BEL;Belgique;PT;Pourcentage de la population;M;Sexe masculin;Moins de 15 ans;17,619
2010;Y15T64;BEL;Belgique;PS;Personnes;_T;Total;De 15 a 64 ans;7179723
2010;Y15T64;BEL;Belgique;PT;Pourcentage de la population;_T;Total;De 15 a 64 ans;65,896
2010;Y_GE65;BEL;Belgique;PS;Personnes;_T;Total;65 ans et plus;1871485
2010;Y_GE65;BEL;Belgique;PT;Pourcentage de la population;_T;Total;65 ans et plus;17,177
2010;Y15T64;BEL;Belgique;PS;Personnes;M;Sexe masculin;De 15 a 64 ans;3608121
2010;Y15T64;BEL;Belgique;PT;Pourcentage de la population;M;Sexe masculin;De 15 a 64 ans;67,552
2010;Y_GE65;BEL;Belgique;PS;Personnes;M;Sexe masculin;65 ans et plus;790448
2010;Y_GE65;BEL;Belgique;PT;Pourcentage de la population;M;Sexe masculin;65 ans et plus;14,799
2010;Y_GE65;BEL;Belgique;PS;Personnes;F;Sexe feminin;65 ans et plus;1081037
2010;Y_GE65;BEL;Belgique;PT;Pourcentage de la population;F;Sexe feminin;65 ans et plus;19,463
2010;Y15T64;BEL;Belgique;PS;Personnes;F;Sexe feminin;De 15 a 64 ans;3571602
2010;Y15T64;BEL;Belgique;PT;Pourcentage de la population;F;Sexe feminin;De 15 a 64 ans;64,303
2010;Y_LT15;BEL;Belgique;PS;Personnes;_T;Total;Moins de 15 ans;1844405,644
2010;Y_LT15;BEL;Belgique;PT;Pourcentage de la population;_T;Total;Moins de 15 ans;16,928
2010;Y_LT15;BEL;Belgique;PS;Personnes;F;Sexe feminin;Moins de 15 ans;901750,6707
2010;Y_LT15;BEL;Belgique;PT;Pourcentage de la population;F;Sexe feminin;Moins de 15 ans;16,235
2010;Y_LT15;BEL;Belgique;PS;Personnes;M;Sexe masculin;Moins de 15 ans;942673,5062
2010;Y_LT15;BEL;Belgique;PT;Pourcentage de la population;M;Sexe masculin;Moins de 15 ans;17,649
2011;Y15T64;BEL;Belgique;PS;Personnes;_T;Total;De 15 a 64 ans;7225040
2011;Y15T64;BEL;Belgique;PT;Pourcentage de la population;_T;Total;De 15 a 64 ans;65,72
2011;Y_GE65;BEL;Belgique;PS;Personnes;_T;Total;65 ans et plus;1903640
2011;Y_GE65;BEL;Belgique;PT;Pourcentage de la population;_T;Total;65 ans et plus;17,316
2011;Y15T64;BEL;Belgique;PS;Personnes;M;Sexe masculin;De 15 a 64 ans;3630731
2011;Y15T64;BEL;Belgique;PT;Pourcentage de la population;M;Sexe masculin;De 15 a 64 ans;67,335
2011;Y_GE65;BEL;Belgique;PS;Personnes;M;Sexe masculin;65 ans et plus;807956
2011;Y_GE65;BEL;Belgique;PT;Pourcentage de la population;M;Sexe masculin;65 ans et plus;14,984
2011;Y_GE65;BEL;Belgique;PS;Personnes;F;Sexe feminin;65 ans et plus;1095684
2011;Y_GE65;BEL;Belgique;PT;Pourcentage de la population;F;Sexe feminin;65 ans et plus;19,56
2011;Y15T64;BEL;Belgique;PS;Personnes;F;Sexe feminin;De 15 a 64 ans;3594309
2011;Y15T64;BEL;Belgique;PT;Pourcentage de la population;F;Sexe feminin;De 15 a 64 ans;64,166
2011;Y_LT15;BEL;Belgique;PS;Personnes;_T;Total;Moins de 15 ans;1864955,831
2011;Y_LT15;BEL;Belgique;PT;Pourcentage de la population;_T;Total;Moins de 15 ans;16,964
2011;Y_LT15;BEL;Belgique;PS;Personnes;F;Sexe feminin;Moins de 15 ans;911602,4311
2011;Y_LT15;BEL;Belgique;PT;Pourcentage de la population;F;Sexe feminin;Moins de 15 ans;16,274
2011;Y_LT15;BEL;Belgique;PS;Personnes;M;Sexe masculin;Moins de 15 ans;953309,3128
2011;Y_LT15;BEL;Belgique;PT;Pourcentage de la population;M;Sexe masculin;Moins de 15 ans;17,68
2012;Y15T64;BEL;Belgique;PS;Personnes;_T;Total;De 15 a 64 ans;7246905
2012;Y15T64;BEL;Belgique;PT;Pourcentage de la population;_T;Total;De 15 a 64 ans;65,478
2012;Y_GE65;BEL;Belgique;PS;Personnes;_T;Total;65 ans et plus;1941800
2012;Y_GE65;BEL;Belgique;PT;Pourcentage de la population;_T;Total;65 ans et plus;17,545
2012;Y15T64;BEL;Belgique;PS;Personnes;M;Sexe masculin;De 15 a 64 ans;3641162
2012;Y15T64;BEL;Belgique;PT;Pourcentage de la population;M;Sexe masculin;De 15 a 64 ans;67,048
2012;Y_GE65;BEL;Belgique;PS;Personnes;M;Sexe masculin;65 ans et plus;828823
2012;Y_GE65;BEL;Belgique;PT;Pourcentage de la population;M;Sexe masculin;65 ans et plus;15,262
2012;Y_GE65;BEL;Belgique;PS;Personnes;F;Sexe feminin;65 ans et plus;1112977
2012;Y_GE65;BEL;Belgique;PT;Pourcentage de la population;F;Sexe feminin;65 ans et plus;19,744
2012;Y15T64;BEL;Belgique;PS;Personnes;F;Sexe feminin;De 15 a 64 ans;3605743
2012;Y15T64;BEL;Belgique;PT;Pourcentage de la population;F;Sexe feminin;De 15 a 64 ans;63,964
2012;Y_LT15;BEL;Belgique;PS;Personnes;_T;Total;Moins de 15 ans;1879082,255
2012;Y_LT15;BEL;Belgique;PT;Pourcentage de la population;_T;Total;Moins de 15 ans;16,978
2012;Y_LT15;BEL;Belgique;PS;Personnes;F;Sexe feminin;Moins de 15 ans;918397,1466
2012;Y_LT15;BEL;Belgique;PT;Pourcentage de la population;F;Sexe feminin;Moins de 15 ans;16,292
2012;Y_LT15;BEL;Belgique;PS;Personnes;M;Sexe masculin;Moins de 15 ans;960680,7467
2012;Y_LT15;BEL;Belgique;PT;Pourcentage de la population;M;Sexe masculin;Moins de 15 ans;17,69
2013;Y15T64;BEL;Belgique;PS;Personnes;_T;Total;De 15 a 64 ans;7258956
2013;Y15T64;BEL;Belgique;PT;Pourcentage de la population;_T;Total;De 15 a 64 ans;65,249
2013;Y_GE65;BEL;Belgique;PS;Personnes;_T;Total;65 ans et plus;1976481
2013;Y_GE65;BEL;Belgique;PT;Pourcentage de la population;_T;Total;65 ans et plus;17,766
2013;Y15T64;BEL;Belgique;PS;Personnes;M;Sexe masculin;De 15 a 64 ans;3646919
2013;Y15T64;BEL;Belgique;PT;Pourcentage de la population;M;Sexe masculin;De 15 a 64 ans;66,782
2013;Y_GE65;BEL;Belgique;PS;Personnes;M;Sexe masculin;65 ans et plus;847920
2013;Y_GE65;BEL;Belgique;PT;Pourcentage de la population;M;Sexe masculin;65 ans et plus;15,527
2013;Y_GE65;BEL;Belgique;PS;Personnes;F;Sexe feminin;65 ans et plus;1128561
2013;Y_GE65;BEL;Belgique;PT;Pourcentage de la population;F;Sexe feminin;65 ans et plus;19,925
2013;Y15T64;BEL;Belgique;PS;Personnes;F;Sexe feminin;De 15 a 64 ans;3612037
2013;Y15T64;BEL;Belgique;PT;Pourcentage de la population;F;Sexe feminin;De 15 a 64 ans;63,77
2013;Y_LT15;BEL;Belgique;PS;Personnes;_T;Total;Moins de 15 ans;1889586,855
2013;Y_LT15;BEL;Belgique;PT;Pourcentage de la population;_T;Total;Moins de 15 ans;16,985
2013;Y_LT15;BEL;Belgique;PS;Personnes;F;Sexe feminin;Moins de 15 ans;923536,8857
2013;Y_LT15;BEL;Belgique;PT;Pourcentage de la population;F;Sexe feminin;Moins de 15 ans;16,305
2013;Y_LT15;BEL;Belgique;PS;Personnes;M;Sexe masculin;Moins de 15 ans;966087,819
2013;Y_LT15;BEL;Belgique;PT;Pourcentage de la population;M;Sexe masculin;Moins de 15 ans;17,691
2014;Y15T64;BEL;Belgique;PS;Personnes;_T;Total;De 15 a 64 ans;7268181
2014;Y15T64;BEL;Belgique;PT;Pourcentage de la population;_T;Total;De 15 a 64 ans;65,012
2014;Y_GE65;BEL;Belgique;PS;Personnes;_T;Total;65 ans et plus;2012215
2014;Y_GE65;BEL;Belgique;PT;Pourcentage de la population;_T;Total;65 ans et plus;17,999
2014;Y15T64;BEL;Belgique;PS;Personnes;M;Sexe masculin;De 15 a 64 ans;3650771
2014;Y15T64;BEL;Belgique;PT;Pourcentage de la population;M;Sexe masculin;De 15 a 64 ans;66,502
2014;Y_GE65;BEL;Belgique;PS;Personnes;M;Sexe masculin;65 ans et plus;867592
2014;Y_GE65;BEL;Belgique;PT;Pourcentage de la population;M;Sexe masculin;65 ans et plus;15,804
2014;Y_GE65;BEL;Belgique;PS;Personnes;F;Sexe feminin;65 ans et plus;1144623
2014;Y_GE65;BEL;Belgique;PT;Pourcentage de la population;F;Sexe feminin;65 ans et plus;20,116
2014;Y15T64;BEL;Belgique;PS;Personnes;F;Sexe feminin;De 15 a 64 ans;3617410
2014;Y15T64;BEL;Belgique;PT;Pourcentage de la population;F;Sexe feminin;De 15 a 64 ans;63,574
2014;Y_LT15;BEL;Belgique;PS;Personnes;_T;Total;Moins de 15 ans;1899332,484
2014;Y_LT15;BEL;Belgique;PT;Pourcentage de la population;_T;Total;Moins de 15 ans;16,989
2014;Y_LT15;BEL;Belgique;PS;Personnes;F;Sexe feminin;Moins de 15 ans;928051,5587
2014;Y_LT15;BEL;Belgique;PT;Pourcentage de la population;F;Sexe feminin;Moins de 15 ans;16,31
2014;Y_LT15;BEL;Belgique;PS;Personnes;M;Sexe masculin;Moins de 15 ans;971347,6949
2014;Y_LT15;BEL;Belgique;PT;Pourcentage de la population;M;Sexe masculin;Moins de 15 ans;17,694
2015;Y15T64;BEL;Belgique;PS;Personnes;_T;Total;De 15 a 64 ans;7283749
2015;Y15T64;BEL;Belgique;PT;Pourcentage de la population;_T;Total;De 15 a 64 ans;64,811
2015;Y_GE65;BEL;Belgique;PS;Personnes;_T;Total;65 ans et plus;2046575
2015;Y_GE65;BEL;Belgique;PT;Pourcentage de la population;_T;Total;65 ans et plus;18,21
2015;Y15T64;BEL;Belgique;PS;Personnes;M;Sexe masculin;De 15 a 64 ans;3658488
2015;Y15T64;BEL;Belgique;PT;Pourcentage de la population;M;Sexe masculin;De 15 a 64 ans;66,261
2015;Y_GE65;BEL;Belgique;PS;Personnes;M;Sexe masculin;65 ans et plus;886856
2015;Y_GE65;BEL;Belgique;PT;Pourcentage de la population;M;Sexe masculin;65 ans et plus;16,062
2015;Y_GE65;BEL;Belgique;PS;Personnes;F;Sexe feminin;65 ans et plus;1159719
2015;Y_GE65;BEL;Belgique;PT;Pourcentage de la population;F;Sexe feminin;65 ans et plus;20,285
2015;Y15T64;BEL;Belgique;PS;Personnes;F;Sexe feminin;De 15 a 64 ans;3625261
2015;Y15T64;BEL;Belgique;PT;Pourcentage de la population;F;Sexe feminin;De 15 a 64 ans;63,41
2015;Y_LT15;BEL;Belgique;PS;Personnes;_T;Total;Moins de 15 ans;1908180,5
2015;Y_LT15;BEL;Belgique;PT;Pourcentage de la population;_T;Total;Moins de 15 ans;16,979
2015;Y_LT15;BEL;Belgique;PS;Personnes;F;Sexe feminin;Moins de 15 ans;932183,2641
2015;Y_LT15;BEL;Belgique;PT;Pourcentage de la population;F;Sexe feminin;Moins de 15 ans;16,305
2015;Y_LT15;BEL;Belgique;PS;Personnes;M;Sexe masculin;Moins de 15 ans;975947,1091
2015;Y_LT15;BEL;Belgique;PT;Pourcentage de la population;M;Sexe masculin;Moins de 15 ans;17,676
2016;Y15T64;BEL;Belgique;PS;Personnes;_T;Total;De 15 a 64 ans;7300061
2016;Y15T64;BEL;Belgique;PT;Pourcentage de la population;_T;Total;De 15 a 64 ans;64,631
2016;Y_GE65;BEL;Belgique;PS;Personnes;_T;Total;65 ans et plus;2078829
2016;Y_GE65;BEL;Belgique;PT;Pourcentage de la population;_T;Total;65 ans et plus;18,405
2016;Y15T64;BEL;Belgique;PS;Personnes;M;Sexe masculin;De 15 a 64 ans;3667711
2016;Y15T64;BEL;Belgique;PT;Pourcentage de la population;M;Sexe masculin;De 15 a 64 ans;66,052
2016;Y_GE65;BEL;Belgique;PS;Personnes;M;Sexe masculin;65 ans et plus;904873
2016;Y_GE65;BEL;Belgique;PT;Pourcentage de la population;M;Sexe masculin;65 ans et plus;16,296
2016;Y_GE65;BEL;Belgique;PS;Personnes;F;Sexe feminin;65 ans et plus;1173956
2016;Y_GE65;BEL;Belgique;PT;Pourcentage de la population;F;Sexe feminin;65 ans et plus;20,444
2016;Y15T64;BEL;Belgique;PS;Personnes;F;Sexe feminin;De 15 a 64 ans;3632350
2016;Y15T64;BEL;Belgique;PT;Pourcentage de la population;F;Sexe feminin;De 15 a 64 ans;63,257
2016;Y_LT15;BEL;Belgique;PS;Personnes;_T;Total;Moins de 15 ans;1916084,309
2016;Y_LT15;BEL;Belgique;PT;Pourcentage de la population;_T;Total;Moins de 15 ans;16,964
2016;Y_LT15;BEL;Belgique;PS;Personnes;F;Sexe feminin;Moins de 15 ans;935926,7197
2016;Y_LT15;BEL;Belgique;PT;Pourcentage de la population;F;Sexe feminin;Moins de 15 ans;16,299
2016;Y_LT15;BEL;Belgique;PS;Personnes;M;Sexe masculin;Moins de 15 ans;980174,7839
2016;Y_LT15;BEL;Belgique;PT;Pourcentage de la population;M;Sexe masculin;Moins de 15 ans;17,652
2017;Y15T64;BEL;Belgique;PS;Personnes;_T;Total;De 15 a 64 ans;7312259
2017;Y15T64;BEL;Belgique;PT;Pourcentage de la population;_T;Total;De 15 a 64 ans;64,43
2017;Y_GE65;BEL;Belgique;PS;Personnes;_T;Total;65 ans et plus;2112826
2017;Y_GE65;BEL;Belgique;PT;Pourcentage de la population;_T;Total;65 ans et plus;18,617
2017;Y15T64;BEL;Belgique;PS;Personnes;M;Sexe masculin;De 15 a 64 ans;3674963
2017;Y15T64;BEL;Belgique;PT;Pourcentage de la population;M;Sexe masculin;De 15 a 64 ans;65,825
2017;Y_GE65;BEL;Belgique;PS;Personnes;M;Sexe masculin;65 ans et plus;923566
2017;Y_GE65;BEL;Belgique;PT;Pourcentage de la population;M;Sexe masculin;65 ans et plus;16,543
2017;Y_GE65;BEL;Belgique;PS;Personnes;F;Sexe feminin;65 ans et plus;1189260
2017;Y_GE65;BEL;Belgique;PT;Pourcentage de la population;F;Sexe feminin;65 ans et plus;20,625
2017;Y15T64;BEL;Belgique;PS;Personnes;F;Sexe feminin;De 15 a 64 ans;3637296
2017;Y15T64;BEL;Belgique;PT;Pourcentage de la population;F;Sexe feminin;De 15 a 64 ans;63,08
2017;Y_LT15;BEL;Belgique;PS;Personnes;_T;Total;Moins de 15 ans;1924009,702
2017;Y_LT15;BEL;Belgique;PT;Pourcentage de la population;_T;Total;Moins de 15 ans;16,953
2017;Y_LT15;BEL;Belgique;PS;Personnes;F;Sexe feminin;Moins de 15 ans;939589,9058
2017;Y_LT15;BEL;Belgique;PT;Pourcentage de la population;F;Sexe feminin;Moins de 15 ans;16,295
2017;Y_LT15;BEL;Belgique;PS;Personnes;M;Sexe masculin;Moins de 15 ans;984442,8078
2017;Y_LT15;BEL;Belgique;PT;Pourcentage de la population;M;Sexe masculin;Moins de 15 ans;17,633
2018;Y15T64;BEL;Belgique;PS;Personnes;_T;Total;De 15 a 64 ans;7325392
2018;Y15T64;BEL;Belgique;PT;Pourcentage de la population;_T;Total;De 15 a 64 ans;64,237
2018;Y_GE65;BEL;Belgique;PS;Personnes;_T;Total;65 ans et plus;2147929
2018;Y_GE65;BEL;Belgique;PT;Pourcentage de la population;_T;Total;65 ans et plus;18,835
2018;Y15T64;BEL;Belgique;PS;Personnes;M;Sexe masculin;De 15 a 64 ans;3682472
2018;Y15T64;BEL;Belgique;PT;Pourcentage de la population;M;Sexe masculin;De 15 a 64 ans;65,605
2018;Y_GE65;BEL;Belgique;PS;Personnes;M;Sexe masculin;65 ans et plus;942926
2018;Y_GE65;BEL;Belgique;PT;Pourcentage de la population;M;Sexe masculin;65 ans et plus;16,799
2018;Y_GE65;BEL;Belgique;PS;Personnes;F;Sexe feminin;65 ans et plus;1205003
2018;Y_GE65;BEL;Belgique;PT;Pourcentage de la population;F;Sexe feminin;65 ans et plus;20,809
2018;Y15T64;BEL;Belgique;PS;Personnes;F;Sexe feminin;De 15 a 64 ans;3642920
2018;Y15T64;BEL;Belgique;PT;Pourcentage de la population;F;Sexe feminin;De 15 a 64 ans;62,91
2018;Y_LT15;BEL;Belgique;PS;Personnes;_T;Total;Moins de 15 ans;1930425,107
2018;Y_LT15;BEL;Belgique;PT;Pourcentage de la population;_T;Total;Moins de 15 ans;16,928
2018;Y_LT15;BEL;Belgique;PS;Personnes;F;Sexe feminin;Moins de 15 ans;942779,6339
2018;Y_LT15;BEL;Belgique;PT;Pourcentage de la population;F;Sexe feminin;Moins de 15 ans;16,281
2018;Y_LT15;BEL;Belgique;PS;Personnes;M;Sexe masculin;Moins de 15 ans;987675,0934
2018;Y_LT15;BEL;Belgique;PT;Pourcentage de la population;M;Sexe masculin;Moins de 15 ans;17,596
2019;Y15T64;BEL;Belgique;PS;Personnes;_T;Total;De 15 a 64 ans;7342747
2019;Y15T64;BEL;Belgique;PT;Pourcentage de la population;_T;Total;De 15 a 64 ans;64,062
2019;Y_GE65;BEL;Belgique;PS;Personnes;_T;Total;65 ans et plus;2184889
2019;Y_GE65;BEL;Belgique;PT;Pourcentage de la population;_T;Total;65 ans et plus;19,062
2019;Y15T64;BEL;Belgique;PS;Personnes;M;Sexe masculin;De 15 a 64 ans;3691712
2019;Y15T64;BEL;Belgique;PT;Pourcentage de la population;M;Sexe masculin;De 15 a 64 ans;65,408
2019;Y_GE65;BEL;Belgique;PS;Personnes;M;Sexe masculin;65 ans et plus;963045
2019;Y_GE65;BEL;Belgique;PT;Pourcentage de la population;M;Sexe masculin;65 ans et plus;17,063
2019;Y_GE65;BEL;Belgique;PS;Personnes;F;Sexe feminin;65 ans et plus;1221844
2019;Y_GE65;BEL;Belgique;PT;Pourcentage de la population;F;Sexe feminin;65 ans et plus;21,002
2019;Y15T64;BEL;Belgique;PS;Personnes;F;Sexe feminin;De 15 a 64 ans;3651035
2019;Y15T64;BEL;Belgique;PT;Pourcentage de la population;F;Sexe feminin;De 15 a 64 ans;62,755
2019;Y_LT15;BEL;Belgique;PS;Personnes;_T;Total;Moins de 15 ans;1934331,001
2019;Y_LT15;BEL;Belgique;PT;Pourcentage de la population;_T;Total;Moins de 15 ans;16,876
2019;Y_LT15;BEL;Belgique;PS;Personnes;F;Sexe feminin;Moins de 15 ans;944998,2484
2019;Y_LT15;BEL;Belgique;PT;Pourcentage de la population;F;Sexe feminin;Moins de 15 ans;16,243
2019;Y_LT15;BEL;Belgique;PS;Personnes;M;Sexe masculin;Moins de 15 ans;989361,8265
2019;Y_LT15;BEL;Belgique;PT;Pourcentage de la population;M;Sexe masculin;Moins de 15 ans;17,529
2020;Y15T64;BEL;Belgique;PS;Personnes;_T;Total;De 15 a 64 ans;7357957
2020;Y15T64;BEL;Belgique;PT;Pourcentage de la population;_T;Total;De 15 a 64 ans;63,944
2020;Y_GE65;BEL;Belgique;PS;Personnes;_T;Total;65 ans et plus;2216799
2020;Y_GE65;BEL;Belgique;PT;Pourcentage de la population;_T;Total;65 ans et plus;19,265
2020;Y15T64;BEL;Belgique;PS;Personnes;M;Sexe masculin;De 15 a 64 ans;3700209
2020;Y15T64;BEL;Belgique;PT;Pourcentage de la population;M;Sexe masculin;De 15 a 64 ans;65,275
2020;Y_GE65;BEL;Belgique;PS;Personnes;M;Sexe masculin;65 ans et plus;980556
2020;Y_GE65;BEL;Belgique;PT;Pourcentage de la population;M;Sexe masculin;65 ans et plus;17,298
2020;Y_GE65;BEL;Belgique;PS;Personnes;F;Sexe feminin;65 ans et plus;1236243
2020;Y_GE65;BEL;Belgique;PT;Pourcentage de la population;F;Sexe feminin;65 ans et plus;21,175
2020;Y15T64;BEL;Belgique;PS;Personnes;F;Sexe feminin;De 15 a 64 ans;3657748
2020;Y15T64;BEL;Belgique;PT;Pourcentage de la population;F;Sexe feminin;De 15 a 64 ans;62,651
2020;Y_LT15;BEL;Belgique;PS;Personnes;_T;Total;Moins de 15 ans;1932129,96
2020;Y_LT15;BEL;Belgique;PT;Pourcentage de la population;_T;Total;Moins de 15 ans;16,791
2020;Y_LT15;BEL;Belgique;PS;Personnes;F;Sexe feminin;Moins de 15 ans;944287,1272
2020;Y_LT15;BEL;Belgique;PT;Pourcentage de la population;F;Sexe feminin;Moins de 15 ans;16,174
2020;Y_LT15;BEL;Belgique;PS;Personnes;M;Sexe masculin;Moins de 15 ans;987873,0215
2020;Y_LT15;BEL;Belgique;PT;Pourcentage de la population;M;Sexe masculin;Moins de 15 ans;17,427
2021;Y15T64;BEL;Belgique;PS;Personnes;_T;Total;De 15 a 64 ans;7376439
2021;Y15T64;BEL;Belgique;PT;Pourcentage de la population;_T;Total;De 15 a 64 ans;63,851
2021;Y_GE65;BEL;Belgique;PS;Personnes;_T;Total;65 ans et plus;2249220
2021;Y_GE65;BEL;Belgique;PT;Pourcentage de la population;_T;Total;65 ans et plus;19,469
2021;Y15T64;BEL;Belgique;PS;Personnes;M;Sexe masculin;De 15 a 64 ans;3710311
2021;Y15T64;BEL;Belgique;PT;Pourcentage de la population;M;Sexe masculin;De 15 a 64 ans;65,173
2021;Y_GE65;BEL;Belgique;PS;Personnes;M;Sexe masculin;65 ans et plus;997569
2021;Y_GE65;BEL;Belgique;PT;Pourcentage de la population;M;Sexe masculin;65 ans et plus;17,523
2021;Y_GE65;BEL;Belgique;PS;Personnes;F;Sexe feminin;65 ans et plus;1251651
2021;Y_GE65;BEL;Belgique;PT;Pourcentage de la population;F;Sexe feminin;65 ans et plus;21,361
2021;Y15T64;BEL;Belgique;PS;Personnes;F;Sexe feminin;De 15 a 64 ans;3666128
2021;Y15T64;BEL;Belgique;PT;Pourcentage de la population;F;Sexe feminin;De 15 a 64 ans;62,567
2021;Y_LT15;BEL;Belgique;PS;Personnes;_T;Total;Moins de 15 ans;1926976,182
2021;Y_LT15;BEL;Belgique;PT;Pourcentage de la population;_T;Total;Moins de 15 ans;16,68
2021;Y_LT15;BEL;Belgique;PS;Personnes;F;Sexe feminin;Moins de 15 ans;941807,4003
2021;Y_LT15;BEL;Belgique;PT;Pourcentage de la population;F;Sexe feminin;Moins de 15 ans;16,073
2021;Y_LT15;BEL;Belgique;PS;Personnes;M;Sexe masculin;Moins de 15 ans;985182,8217
2021;Y_LT15;BEL;Belgique;PT;Pourcentage de la population;M;Sexe masculin;Moins de 15 ans;17,305
2022;Y15T64;BEL;Belgique;PS;Personnes;_T;Total;De 15 a 64 ans;7422214
2022;Y15T64;BEL;Belgique;PT;Pourcentage de la population;_T;Total;De 15 a 64 ans;63,76
2022;Y_GE65;BEL;Belgique;PS;Personnes;_T;Total;65 ans et plus;2290062
2022;Y_GE65;BEL;Belgique;PT;Pourcentage de la population;_T;Total;65 ans et plus;19,673
2022;Y15T64;BEL;Belgique;PS;Personnes;M;Sexe masculin;De 15 a 64 ans;3730365
2022;Y15T64;BEL;Belgique;PT;Pourcentage de la population;M;Sexe masculin;De 15 a 64 ans;65,044
2022;Y_GE65;BEL;Belgique;PS;Personnes;M;Sexe masculin;65 ans et plus;1018663
2022;Y_GE65;BEL;Belgique;PT;Pourcentage de la population;M;Sexe masculin;65 ans et plus;17,762
2022;Y_GE65;BEL;Belgique;PS;Personnes;F;Sexe feminin;65 ans et plus;1271399
2022;Y_GE65;BEL;Belgique;PT;Pourcentage de la population;F;Sexe feminin;65 ans et plus;21,529
2022;Y15T64;BEL;Belgique;PS;Personnes;F;Sexe feminin;De 15 a 64 ans;3691849
2022;Y15T64;BEL;Belgique;PT;Pourcentage de la population;F;Sexe feminin;De 15 a 64 ans;62,514
2022;Y_LT15;BEL;Belgique;PS;Personnes;_T;Total;Moins de 15 ans;1928529,348
2022;Y_LT15;BEL;Belgique;PT;Pourcentage de la population;_T;Total;Moins de 15 ans;16,567
2022;Y_LT15;BEL;Belgique;PS;Personnes;F;Sexe feminin;Moins de 15 ans;942361,2195
2022;Y_LT15;BEL;Belgique;PT;Pourcentage de la population;F;Sexe feminin;Moins de 15 ans;15,957
2022;Y_LT15;BEL;Belgique;PS;Personnes;M;Sexe masculin;Moins de 15 ans;986103,2385
2022;Y_LT15;BEL;Belgique;PT;Pourcentage de la population;M;Sexe masculin;Moins de 15 ans;17,194
2023;Y15T64;BEL;Belgique;PS;Personnes;F;Sexe feminin;De 15 a 64 ans;3719131
2023;Y15T64;BEL;Belgique;PT;Pourcentage de la population;F;Sexe feminin;De 15 a 64 ans;62,493
2023;Y_GE65;BEL;Belgique;PS;Personnes;F;Sexe feminin;65 ans et plus;1291822
2023;Y_GE65;BEL;Belgique;PT;Pourcentage de la population;F;Sexe feminin;65 ans et plus;21,707
2023;Y_GE65;BEL;Belgique;PS;Personnes;M;Sexe masculin;65 ans et plus;1041916
2023;Y_GE65;BEL;Belgique;PT;Pourcentage de la population;M;Sexe masculin;65 ans et plus;18,028
2023;Y15T64;BEL;Belgique;PS;Personnes;M;Sexe masculin;De 15 a 64 ans;3753776
2023;Y15T64;BEL;Belgique;PT;Pourcentage de la population;M;Sexe masculin;De 15 a 64 ans;64,952
2023;Y_GE65;BEL;Belgique;PS;Personnes;_T;Total;65 ans et plus;2333738
2023;Y_GE65;BEL;Belgique;PT;Pourcentage de la population;_T;Total;65 ans et plus;19,894
2023;Y15T64;BEL;Belgique;PS;Personnes;_T;Total;De 15 a 64 ans;7472907
2023;Y15T64;BEL;Belgique;PT;Pourcentage de la population;_T;Total;De 15 a 64 ans;63,704
2023;Y_LT15;BEL;Belgique;PS;Personnes;_T;Total;Moins de 15 ans;1923936,69
2023;Y_LT15;BEL;Belgique;PT;Pourcentage de la population;_T;Total;Moins de 15 ans;16,401
2023;Y_LT15;BEL;Belgique;PS;Personnes;F;Sexe feminin;Moins de 15 ans;940303,03
2023;Y_LT15;BEL;Belgique;PT;Pourcentage de la population;F;Sexe feminin;Moins de 15 ans;15,8
2023;Y_LT15;BEL;Belgique;PS;Personnes;M;Sexe masculin;Moins de 15 ans;983640,4342
2023;Y_LT15;BEL;Belgique;PT;Pourcentage de la population;M;Sexe masculin;Moins de 15 ans;17,02
2024;Y15T64;BEL;Belgique;PS;Personnes;F;Sexe feminin;De 15 a 64 ans;3734243
2024;Y15T64;BEL;Belgique;PT;Pourcentage de la population;F;Sexe feminin;De 15 a 64 ans;62,435
2024;Y_GE65;BEL;Belgique;PS;Personnes;F;Sexe feminin;65 ans et plus;1314141
2024;Y_GE65;BEL;Belgique;PT;Pourcentage de la population;F;Sexe feminin;65 ans et plus;21,972
2024;Y_GE65;BEL;Belgique;PS;Personnes;M;Sexe masculin;65 ans et plus;1066853
2024;Y_GE65;BEL;Belgique;PT;Pourcentage de la population;M;Sexe masculin;65 ans et plus;18,351
2024;Y15T64;BEL;Belgique;PS;Personnes;M;Sexe masculin;De 15 a 64 ans;3771614
2024;Y15T64;BEL;Belgique;PT;Pourcentage de la population;M;Sexe masculin;De 15 a 64 ans;64,875
2024;Y_GE65;BEL;Belgique;PS;Personnes;_T;Total;65 ans et plus;2380994
2024;Y_GE65;BEL;Belgique;PT;Pourcentage de la population;_T;Total;65 ans et plus;20,187
2024;Y15T64;BEL;Belgique;PS;Personnes;_T;Total;De 15 a 64 ans;7505857
2024;Y15T64;BEL;Belgique;PT;Pourcentage de la population;_T;Total;De 15 a 64 ans;63,638
2024;Y_LT15;BEL;Belgique;PS;Personnes;_T;Total;Moins de 15 ans;1907776,712
2024;Y_LT15;BEL;Belgique;PT;Pourcentage de la population;_T;Total;Moins de 15 ans;16,175
2024;Y_LT15;BEL;Belgique;PS;Personnes;F;Sexe feminin;Moins de 15 ans;932614,0555
2024;Y_LT15;BEL;Belgique;PT;Pourcentage de la population;F;Sexe feminin;Moins de 15 ans;15,593
2024;Y_LT15;BEL;Belgique;PS;Personnes;M;Sexe masculin;Moins de 15 ans;975176,9543
2024;Y_LT15;BEL;Belgique;PT;Pourcentage de la population;M;Sexe masculin;Moins de 15 ans;16,774
2002;Y15T64;DEU;Allemagne;PS;Personnes;_T;Total;De 15 a 64 ans;55719011
2002;Y15T64;DEU;Allemagne;PT;Pourcentage de la population;_T;Total;De 15 a 64 ans;67,548
2002;Y_GE65;DEU;Allemagne;PS;Personnes;_T;Total;65 ans et plus;14252270
2002;Y_GE65;DEU;Allemagne;PT;Pourcentage de la population;_T;Total;65 ans et plus;17,278
2002;Y15T64;DEU;Allemagne;PS;Personnes;M;Sexe masculin;De 15 a 64 ans;28260944
2002;Y15T64;DEU;Allemagne;PT;Pourcentage de la population;M;Sexe masculin;De 15 a 64 ans;70,109
2002;Y_GE65;DEU;Allemagne;PS;Personnes;M;Sexe masculin;65 ans et plus;5624509
2002;Y_GE65;DEU;Allemagne;PT;Pourcentage de la population;M;Sexe masculin;65 ans et plus;13,953
2002;Y_GE65;DEU;Allemagne;PS;Personnes;F;Sexe feminin;65 ans et plus;8627761
2002;Y_GE65;DEU;Allemagne;PT;Pourcentage de la population;F;Sexe feminin;65 ans et plus;20,455
2002;Y15T64;DEU;Allemagne;PS;Personnes;F;Sexe feminin;De 15 a 64 ans;27458067
2002;Y15T64;DEU;Allemagne;PT;Pourcentage de la population;F;Sexe feminin;De 15 a 64 ans;65,099
2002;Y_LT15;DEU;Allemagne;PS;Personnes;_T;Total;Moins de 15 ans;12516803,93
2002;Y_LT15;DEU;Allemagne;PT;Pourcentage de la population;_T;Total;Moins de 15 ans;15,174
2002;Y_LT15;DEU;Allemagne;PS;Personnes;F;Sexe feminin;Moins de 15 ans;6092715,526
2002;Y_LT15;DEU;Allemagne;PT;Pourcentage de la population;F;Sexe feminin;Moins de 15 ans;14,445
2002;Y_LT15;DEU;Allemagne;PS;Personnes;M;Sexe masculin;Moins de 15 ans;6424169,16
2002;Y_LT15;DEU;Allemagne;PT;Pourcentage de la population;M;Sexe masculin;Moins de 15 ans;15,937
2003;Y15T64;DEU;Allemagne;PS;Personnes;_T;Total;De 15 a 64 ans;55595923
2003;Y15T64;DEU;Allemagne;PT;Pourcentage de la population;_T;Total;De 15 a 64 ans;67,361
2003;Y_GE65;DEU;Allemagne;PS;Personnes;_T;Total;65 ans et plus;14649405
2003;Y_GE65;DEU;Allemagne;PT;Pourcentage de la population;_T;Total;65 ans et plus;17,75
2003;Y15T64;DEU;Allemagne;PS;Personnes;M;Sexe masculin;De 15 a 64 ans;28182450
2003;Y15T64;DEU;Allemagne;PT;Pourcentage de la population;M;Sexe masculin;De 15 a 64 ans;69,844
2003;Y_GE65;DEU;Allemagne;PS;Personnes;M;Sexe masculin;65 ans et plus;5862913
2003;Y_GE65;DEU;Allemagne;PT;Pourcentage de la population;M;Sexe masculin;65 ans et plus;14,53
2003;Y_GE65;DEU;Allemagne;PS;Personnes;F;Sexe feminin;65 ans et plus;8786492
2003;Y_GE65;DEU;Allemagne;PT;Pourcentage de la population;F;Sexe feminin;65 ans et plus;20,829
2003;Y15T64;DEU;Allemagne;PS;Personnes;F;Sexe feminin;De 15 a 64 ans;27413473
2003;Y15T64;DEU;Allemagne;PT;Pourcentage de la population;F;Sexe feminin;De 15 a 64 ans;64,986
2003;Y_LT15;DEU;Allemagne;PS;Personnes;_T;Total;Moins de 15 ans;12288513,32
2003;Y_LT15;DEU;Allemagne;PT;Pourcentage de la population;_T;Total;Moins de 15 ans;14,889
2003;Y_LT15;DEU;Allemagne;PS;Personnes;F;Sexe feminin;Moins de 15 ans;5983761,391
2003;Y_LT15;DEU;Allemagne;PT;Pourcentage de la population;F;Sexe feminin;Moins de 15 ans;14,185
2003;Y_LT15;DEU;Allemagne;PS;Personnes;M;Sexe masculin;Moins de 15 ans;6305161,317
2003;Y_LT15;DEU;Allemagne;PT;Pourcentage de la population;M;Sexe masculin;Moins de 15 ans;15,626
2004;Y15T64;DEU;Allemagne;PS;Personnes;_T;Total;De 15 a 64 ans;55359157
2004;Y15T64;DEU;Allemagne;PT;Pourcentage de la population;_T;Total;De 15 a 64 ans;67,089
2004;Y_GE65;DEU;Allemagne;PS;Personnes;_T;Total;65 ans et plus;15113725
2004;Y_GE65;DEU;Allemagne;PT;Pourcentage de la population;_T;Total;65 ans et plus;18,316
2004;Y15T64;DEU;Allemagne;PS;Personnes;M;Sexe masculin;De 15 a 64 ans;28046810
2004;Y15T64;DEU;Allemagne;PT;Pourcentage de la population;M;Sexe masculin;De 15 a 64 ans;69,501
2004;Y_GE65;DEU;Allemagne;PS;Personnes;M;Sexe masculin;65 ans et plus;6130260
2004;Y_GE65;DEU;Allemagne;PT;Pourcentage de la population;M;Sexe masculin;65 ans et plus;15,191
2004;Y_GE65;DEU;Allemagne;PS;Personnes;F;Sexe feminin;65 ans et plus;8983465
2004;Y_GE65;DEU;Allemagne;PT;Pourcentage de la population;F;Sexe feminin;65 ans et plus;21,307
2004;Y15T64;DEU;Allemagne;PS;Personnes;F;Sexe feminin;De 15 a 64 ans;27312347
2004;Y15T64;DEU;Allemagne;PT;Pourcentage de la population;F;Sexe feminin;De 15 a 64 ans;64,78
2004;Y_LT15;DEU;Allemagne;PS;Personnes;_T;Total;Moins de 15 ans;12043249,31
2004;Y_LT15;DEU;Allemagne;PT;Pourcentage de la population;_T;Total;Moins de 15 ans;14,595
2004;Y_LT15;DEU;Allemagne;PS;Personnes;F;Sexe feminin;Moins de 15 ans;5865500,228
2004;Y_LT15;DEU;Allemagne;PT;Pourcentage de la population;F;Sexe feminin;Moins de 15 ans;13,912
2004;Y_LT15;DEU;Allemagne;PS;Personnes;M;Sexe masculin;Moins de 15 ans;6177919,853
2004;Y_LT15;DEU;Allemagne;PT;Pourcentage de la population;M;Sexe masculin;Moins de 15 ans;15,309
2005;Y15T64;DEU;Allemagne;PS;Personnes;_T;Total;De 15 a 64 ans;55063396
2005;Y15T64;DEU;Allemagne;PT;Pourcentage de la population;_T;Total;De 15 a 64 ans;66,768
2005;Y_GE65;DEU;Allemagne;PS;Personnes;_T;Total;65 ans et plus;15618761
2005;Y_GE65;DEU;Allemagne;PT;Pourcentage de la population;_T;Total;65 ans et plus;18,939
2005;Y15T64;DEU;Allemagne;PS;Personnes;M;Sexe masculin;De 15 a 64 ans;27885792
2005;Y15T64;DEU;Allemagne;PT;Pourcentage de la population;M;Sexe masculin;De 15 a 64 ans;69,115
2005;Y_GE65;DEU;Allemagne;PS;Personnes;M;Sexe masculin;65 ans et plus;6414666
2005;Y_GE65;DEU;Allemagne;PT;Pourcentage de la population;M;Sexe masculin;65 ans et plus;15,899
2005;Y_GE65;DEU;Allemagne;PS;Personnes;F;Sexe feminin;65 ans et plus;9204095
2005;Y_GE65;DEU;Allemagne;PT;Pourcentage de la population;F;Sexe feminin;65 ans et plus;21,851
2005;Y15T64;DEU;Allemagne;PS;Personnes;F;Sexe feminin;De 15 a 64 ans;27177604
2005;Y15T64;DEU;Allemagne;PT;Pourcentage de la population;F;Sexe feminin;De 15 a 64 ans;64,52
2005;Y_LT15;DEU;Allemagne;PS;Personnes;_T;Total;Moins de 15 ans;11787354,34
2005;Y_LT15;DEU;Allemagne;PT;Pourcentage de la population;_T;Total;Moins de 15 ans;14,293
2005;Y_LT15;DEU;Allemagne;PS;Personnes;F;Sexe feminin;Moins de 15 ans;5740893,106
2005;Y_LT15;DEU;Allemagne;PT;Pourcentage de la population;F;Sexe feminin;Moins de 15 ans;13,629
2005;Y_LT15;DEU;Allemagne;PS;Personnes;M;Sexe masculin;Moins de 15 ans;6046370,249
2005;Y_LT15;DEU;Allemagne;PT;Pourcentage de la population;M;Sexe masculin;Moins de 15 ans;14,986
2006;Y15T64;DEU;Allemagne;PS;Personnes;_T;Total;De 15 a 64 ans;54746149
2006;Y15T64;DEU;Allemagne;PT;Pourcentage de la population;_T;Total;De 15 a 64 ans;66,458
2006;Y_GE65;DEU;Allemagne;PS;Personnes;_T;Total;65 ans et plus;16084679
2006;Y_GE65;DEU;Allemagne;PT;Pourcentage de la population;_T;Total;65 ans et plus;19,526
2006;Y15T64;DEU;Allemagne;PS;Personnes;M;Sexe masculin;De 15 a 64 ans;27718676
2006;Y15T64;DEU;Allemagne;PT;Pourcentage de la population;M;Sexe masculin;De 15 a 64 ans;68,746
2006;Y_GE65;DEU;Allemagne;PS;Personnes;M;Sexe masculin;65 ans et plus;6679490
2006;Y_GE65;DEU;Allemagne;PT;Pourcentage de la population;M;Sexe masculin;65 ans et plus;16,566
2006;Y_GE65;DEU;Allemagne;PS;Personnes;F;Sexe feminin;65 ans et plus;9405189
2006;Y_GE65;DEU;Allemagne;PT;Pourcentage de la population;F;Sexe feminin;65 ans et plus;22,364
2006;Y15T64;DEU;Allemagne;PS;Personnes;F;Sexe feminin;De 15 a 64 ans;27027473
2006;Y15T64;DEU;Allemagne;PT;Pourcentage de la population;F;Sexe feminin;De 15 a 64 ans;64,266
2006;Y_LT15;DEU;Allemagne;PS;Personnes;_T;Total;Moins de 15 ans;11545882,81
2006;Y_LT15;DEU;Allemagne;PT;Pourcentage de la population;_T;Total;Moins de 15 ans;14,016
2006;Y_LT15;DEU;Allemagne;PS;Personnes;F;Sexe feminin;Moins de 15 ans;5623292,116
2006;Y_LT15;DEU;Allemagne;PT;Pourcentage de la population;F;Sexe feminin;Moins de 15 ans;13,371
2006;Y_LT15;DEU;Allemagne;PS;Personnes;M;Sexe masculin;Moins de 15 ans;5922284,44
2006;Y_LT15;DEU;Allemagne;PT;Pourcentage de la population;M;Sexe masculin;Moins de 15 ans;14,688
2007;Y15T64;DEU;Allemagne;PS;Personnes;_T;Total;De 15 a 64 ans;54495823
2007;Y15T64;DEU;Allemagne;PT;Pourcentage de la population;_T;Total;De 15 a 64 ans;66,243
2007;Y_GE65;DEU;Allemagne;PS;Personnes;_T;Total;65 ans et plus;16409018
2007;Y_GE65;DEU;Allemagne;PT;Pourcentage de la population;_T;Total;65 ans et plus;19,946
2007;Y15T64;DEU;Allemagne;PS;Personnes;M;Sexe masculin;De 15 a 64 ans;27585084
2007;Y15T64;DEU;Allemagne;PT;Pourcentage de la population;M;Sexe masculin;De 15 a 64 ans;68,47
2007;Y_GE65;DEU;Allemagne;PS;Personnes;M;Sexe masculin;65 ans et plus;6873768
2007;Y_GE65;DEU;Allemagne;PT;Pourcentage de la population;M;Sexe masculin;65 ans et plus;17,062
2007;Y_GE65;DEU;Allemagne;PS;Personnes;F;Sexe feminin;65 ans et plus;9535250
2007;Y_GE65;DEU;Allemagne;PT;Pourcentage de la population;F;Sexe feminin;65 ans et plus;22,715
2007;Y15T64;DEU;Allemagne;PS;Personnes;F;Sexe feminin;De 15 a 64 ans;26910739
2007;Y15T64;DEU;Allemagne;PT;Pourcentage de la population;F;Sexe feminin;De 15 a 64 ans;64,106
2007;Y_LT15;DEU;Allemagne;PS;Personnes;_T;Total;Moins de 15 ans;11361808,78
2007;Y_LT15;DEU;Allemagne;PT;Pourcentage de la population;_T;Total;Moins de 15 ans;13,811
2007;Y_LT15;DEU;Allemagne;PS;Personnes;F;Sexe feminin;Moins de 15 ans;5532785,016
2007;Y_LT15;DEU;Allemagne;PT;Pourcentage de la population;F;Sexe feminin;Moins de 15 ans;13,18
2007;Y_LT15;DEU;Allemagne;PS;Personnes;M;Sexe masculin;Moins de 15 ans;5828828,921
2007;Y_LT15;DEU;Allemagne;PT;Pourcentage de la population;M;Sexe masculin;Moins de 15 ans;14,468
2008;Y15T64;DEU;Allemagne;PS;Personnes;_T;Total;De 15 a 64 ans;54275818
2008;Y15T64;DEU;Allemagne;PT;Pourcentage de la population;_T;Total;De 15 a 64 ans;66,101
2008;Y_GE65;DEU;Allemagne;PS;Personnes;_T;Total;65 ans et plus;16623877
2008;Y_GE65;DEU;Allemagne;PT;Pourcentage de la population;_T;Total;65 ans et plus;20,246
2008;Y15T64;DEU;Allemagne;PS;Personnes;M;Sexe masculin;De 15 a 64 ans;27463467
2008;Y15T64;DEU;Allemagne;PT;Pourcentage de la population;M;Sexe masculin;De 15 a 64 ans;68,267
2008;Y_GE65;DEU;Allemagne;PS;Personnes;M;Sexe masculin;65 ans et plus;7014305
2008;Y_GE65;DEU;Allemagne;PT;Pourcentage de la population;M;Sexe masculin;65 ans et plus;17,436
2008;Y_GE65;DEU;Allemagne;PS;Personnes;F;Sexe feminin;65 ans et plus;9609572
2008;Y_GE65;DEU;Allemagne;PT;Pourcentage de la population;F;Sexe feminin;65 ans et plus;22,945
2008;Y15T64;DEU;Allemagne;PS;Personnes;F;Sexe feminin;De 15 a 64 ans;26812351
2008;Y15T64;DEU;Allemagne;PT;Pourcentage de la population;F;Sexe feminin;De 15 a 64 ans;64,021
2008;Y_LT15;DEU;Allemagne;PS;Personnes;_T;Total;Moins de 15 ans;11210491,54
2008;Y_LT15;DEU;Allemagne;PT;Pourcentage de la population;_T;Total;Moins de 15 ans;13,653
2008;Y_LT15;DEU;Allemagne;PS;Personnes;F;Sexe feminin;Moins de 15 ans;5458744,906
2008;Y_LT15;DEU;Allemagne;PT;Pourcentage de la population;F;Sexe feminin;Moins de 15 ans;13,034
2008;Y_LT15;DEU;Allemagne;PS;Personnes;M;Sexe masculin;Moins de 15 ans;5751581,019
2008;Y_LT15;DEU;Allemagne;PT;Pourcentage de la population;M;Sexe masculin;Moins de 15 ans;14,297
2009;Y15T64;DEU;Allemagne;PS;Personnes;_T;Total;De 15 a 64 ans;54006063
2009;Y15T64;DEU;Allemagne;PT;Pourcentage de la population;_T;Total;De 15 a 64 ans;65,94
2009;Y_GE65;DEU;Allemagne;PS;Personnes;_T;Total;65 ans et plus;16815375
2009;Y_GE65;DEU;Allemagne;PT;Pourcentage de la population;_T;Total;65 ans et plus;20,531
2009;Y15T64;DEU;Allemagne;PS;Personnes;M;Sexe masculin;De 15 a 64 ans;27317743
2009;Y15T64;DEU;Allemagne;PT;Pourcentage de la population;M;Sexe masculin;De 15 a 64 ans;68,049
2009;Y_GE65;DEU;Allemagne;PS;Personnes;M;Sexe masculin;65 ans et plus;7141736
2009;Y_GE65;DEU;Allemagne;PT;Pourcentage de la population;M;Sexe masculin;65 ans et plus;17,79
2009;Y_GE65;DEU;Allemagne;PS;Personnes;F;Sexe feminin;65 ans et plus;9673639
2009;Y_GE65;DEU;Allemagne;PT;Pourcentage de la population;F;Sexe feminin;65 ans et plus;23,166
2009;Y15T64;DEU;Allemagne;PS;Personnes;F;Sexe feminin;De 15 a 64 ans;26688320
2009;Y15T64;DEU;Allemagne;PT;Pourcentage de la population;F;Sexe feminin;De 15 a 64 ans;63,911
2009;Y_LT15;DEU;Allemagne;PS;Personnes;_T;Total;Moins de 15 ans;11080563,25
2009;Y_LT15;DEU;Allemagne;PT;Pourcentage de la population;_T;Total;Moins de 15 ans;13,529
2009;Y_LT15;DEU;Allemagne;PS;Personnes;F;Sexe feminin;Moins de 15 ans;5396432,863
2009;Y_LT15;DEU;Allemagne;PT;Pourcentage de la population;F;Sexe feminin;Moins de 15 ans;12,923
2009;Y_LT15;DEU;Allemagne;PS;Personnes;M;Sexe masculin;Moins de 15 ans;5684383,037
2009;Y_LT15;DEU;Allemagne;PT;Pourcentage de la population;M;Sexe masculin;Moins de 15 ans;14,16
2010;Y15T64;DEU;Allemagne;PS;Personnes;_T;Total;De 15 a 64 ans;53922000
2010;Y15T64;DEU;Allemagne;PT;Pourcentage de la population;_T;Total;De 15 a 64 ans;65,938
2010;Y_GE65;DEU;Allemagne;PS;Personnes;_T;Total;65 ans et plus;16873017
2010;Y_GE65;DEU;Allemagne;PT;Pourcentage de la population;_T;Total;65 ans et plus;20,633
2010;Y15T64;DEU;Allemagne;PS;Personnes;M;Sexe masculin;De 15 a 64 ans;27274423
2010;Y15T64;DEU;Allemagne;PT;Pourcentage de la population;M;Sexe masculin;De 15 a 64 ans;68,002
2010;Y_GE65;DEU;Allemagne;PS;Personnes;M;Sexe masculin;65 ans et plus;7200443
2010;Y_GE65;DEU;Allemagne;PT;Pourcentage de la population;M;Sexe masculin;65 ans et plus;17,953
2010;Y_GE65;DEU;Allemagne;PS;Personnes;F;Sexe feminin;65 ans et plus;9672574
2010;Y_GE65;DEU;Allemagne;PT;Pourcentage de la population;F;Sexe feminin;65 ans et plus;23,213
2010;Y15T64;DEU;Allemagne;PS;Personnes;F;Sexe feminin;De 15 a 64 ans;26647577
2010;Y15T64;DEU;Allemagne;PT;Pourcentage de la population;F;Sexe feminin;De 15 a 64 ans;63,951
2010;Y_LT15;DEU;Allemagne;PS;Personnes;_T;Total;Moins de 15 ans;10981824,74
2010;Y_LT15;DEU;Allemagne;PT;Pourcentage de la population;_T;Total;Moins de 15 ans;13,429
2010;Y_LT15;DEU;Allemagne;PS;Personnes;F;Sexe feminin;Moins de 15 ans;5348621,929
2010;Y_LT15;DEU;Allemagne;PT;Pourcentage de la population;F;Sexe feminin;Moins de 15 ans;12,836
2010;Y_LT15;DEU;Allemagne;PS;Personnes;M;Sexe masculin;Moins de 15 ans;5633171,549
2010;Y_LT15;DEU;Allemagne;PT;Pourcentage de la population;M;Sexe masculin;Moins de 15 ans;14,045
2011;Y15T64;DEU;Allemagne;PS;Personnes;_T;Total;De 15 a 64 ans;52856734
2011;Y15T64;DEU;Allemagne;PT;Pourcentage de la population;_T;Total;De 15 a 64 ans;65,845
2011;Y_GE65;DEU;Allemagne;PS;Personnes;_T;Total;65 ans et plus;16589929
2011;Y_GE65;DEU;Allemagne;PT;Pourcentage de la population;_T;Total;65 ans et plus;20,666
2011;Y15T64;DEU;Allemagne;PS;Personnes;M;Sexe masculin;De 15 a 64 ans;26569997
2011;Y15T64;DEU;Allemagne;PT;Pourcentage de la population;M;Sexe masculin;De 15 a 64 ans;67,82
2011;Y_GE65;DEU;Allemagne;PS;Personnes;M;Sexe masculin;65 ans et plus;7052791
2011;Y_GE65;DEU;Allemagne;PT;Pourcentage de la population;M;Sexe masculin;65 ans et plus;18,002
2011;Y_GE65;DEU;Allemagne;PS;Personnes;F;Sexe feminin;65 ans et plus;9537138
2011;Y_GE65;DEU;Allemagne;PT;Pourcentage de la population;F;Sexe feminin;65 ans et plus;23,206
2011;Y15T64;DEU;Allemagne;PS;Personnes;F;Sexe feminin;De 15 a 64 ans;26286737
2011;Y15T64;DEU;Allemagne;PT;Pourcentage de la population;F;Sexe feminin;De 15 a 64 ans;63,962
2011;Y_LT15;DEU;Allemagne;PS;Personnes;_T;Total;Moins de 15 ans;10828292,19
2011;Y_LT15;DEU;Allemagne;PT;Pourcentage de la population;_T;Total;Moins de 15 ans;13,489
2011;Y_LT15;DEU;Allemagne;PS;Personnes;F;Sexe feminin;Moins de 15 ans;5273658,147
2011;Y_LT15;DEU;Allemagne;PT;Pourcentage de la population;F;Sexe feminin;Moins de 15 ans;12,832
2011;Y_LT15;DEU;Allemagne;PS;Personnes;M;Sexe masculin;Moins de 15 ans;5554553,482
2011;Y_LT15;DEU;Allemagne;PT;Pourcentage de la population;M;Sexe masculin;Moins de 15 ans;14,178
2012;Y15T64;DEU;Allemagne;PS;Personnes;_T;Total;De 15 a 64 ans;53038578
2012;Y15T64;DEU;Allemagne;PT;Pourcentage de la population;_T;Total;De 15 a 64 ans;65,947
2012;Y_GE65;DEU;Allemagne;PS;Personnes;_T;Total;65 ans et plus;16659291
2012;Y_GE65;DEU;Allemagne;PT;Pourcentage de la population;_T;Total;65 ans et plus;20,714
2012;Y15T64;DEU;Allemagne;PS;Personnes;M;Sexe masculin;De 15 a 64 ans;26687616
2012;Y15T64;DEU;Allemagne;PT;Pourcentage de la population;M;Sexe masculin;De 15 a 64 ans;67,898
2012;Y_GE65;DEU;Allemagne;PS;Personnes;M;Sexe masculin;65 ans et plus;7114347
2012;Y_GE65;DEU;Allemagne;PT;Pourcentage de la population;M;Sexe masculin;65 ans et plus;18,1
2012;Y_GE65;DEU;Allemagne;PS;Personnes;F;Sexe feminin;65 ans et plus;9544944
2012;Y_GE65;DEU;Allemagne;PT;Pourcentage de la population;F;Sexe feminin;65 ans et plus;23,212
2012;Y15T64;DEU;Allemagne;PS;Personnes;F;Sexe feminin;De 15 a 64 ans;26350962
2012;Y15T64;DEU;Allemagne;PT;Pourcentage de la population;F;Sexe feminin;De 15 a 64 ans;64,083
2012;Y_LT15;DEU;Allemagne;PS;Personnes;_T;Total;Moins de 15 ans;10728000,93
2012;Y_LT15;DEU;Allemagne;PT;Pourcentage de la population;_T;Total;Moins de 15 ans;13,339
2012;Y_LT15;DEU;Allemagne;PS;Personnes;F;Sexe feminin;Moins de 15 ans;5224342,373
2012;Y_LT15;DEU;Allemagne;PT;Pourcentage de la population;F;Sexe feminin;Moins de 15 ans;12,705
2012;Y_LT15;DEU;Allemagne;PS;Personnes;M;Sexe masculin;Moins de 15 ans;5503550,649
2012;Y_LT15;DEU;Allemagne;PT;Pourcentage de la population;M;Sexe masculin;Moins de 15 ans;14,002
2013;Y15T64;DEU;Allemagne;PS;Personnes;_T;Total;De 15 a 64 ans;53198954
2013;Y15T64;DEU;Allemagne;PT;Pourcentage de la population;_T;Total;De 15 a 64 ans;65,966
2013;Y_GE65;DEU;Allemagne;PS;Personnes;_T;Total;65 ans et plus;16783984
2013;Y_GE65;DEU;Allemagne;PT;Pourcentage de la population;_T;Total;65 ans et plus;20,812
2013;Y15T64;DEU;Allemagne;PS;Personnes;M;Sexe masculin;De 15 a 64 ans;26795905
2013;Y15T64;DEU;Allemagne;PT;Pourcentage de la population;M;Sexe masculin;De 15 a 64 ans;67,891
2013;Y_GE65;DEU;Allemagne;PS;Personnes;M;Sexe masculin;65 ans et plus;7202405
2013;Y_GE65;DEU;Allemagne;PT;Pourcentage de la population;M;Sexe masculin;65 ans et plus;18,248
2013;Y_GE65;DEU;Allemagne;PS;Personnes;F;Sexe feminin;65 ans et plus;9581579
2013;Y_GE65;DEU;Allemagne;PT;Pourcentage de la population;F;Sexe feminin;65 ans et plus;23,269
2013;Y15T64;DEU;Allemagne;PS;Personnes;F;Sexe feminin;De 15 a 64 ans;26403049
2013;Y15T64;DEU;Allemagne;PT;Pourcentage de la population;F;Sexe feminin;De 15 a 64 ans;64,121
2013;Y_LT15;DEU;Allemagne;PS;Personnes;_T;Total;Moins de 15 ans;10662961,89
2013;Y_LT15;DEU;Allemagne;PT;Pourcentage de la population;_T;Total;Moins de 15 ans;13,222
2013;Y_LT15;DEU;Allemagne;PS;Personnes;F;Sexe feminin;Moins de 15 ans;5191964,429
2013;Y_LT15;DEU;Allemagne;PT;Pourcentage de la population;F;Sexe feminin;Moins de 15 ans;12,609
2013;Y_LT15;DEU;Allemagne;PS;Personnes;M;Sexe masculin;Moins de 15 ans;5470791,16
2013;Y_LT15;DEU;Allemagne;PT;Pourcentage de la population;M;Sexe masculin;Moins de 15 ans;13,861
2014;Y15T64;DEU;Allemagne;PS;Personnes;_T;Total;De 15 a 64 ans;53347162
2014;Y15T64;DEU;Allemagne;PT;Pourcentage de la population;_T;Total;De 15 a 64 ans;65,875
2014;Y_GE65;DEU;Allemagne;PS;Personnes;_T;Total;65 ans et plus;16970755
2014;Y_GE65;DEU;Allemagne;PT;Pourcentage de la population;_T;Total;65 ans et plus;20,956
2014;Y15T64;DEU;Allemagne;PS;Personnes;M;Sexe masculin;De 15 a 64 ans;26907602
2014;Y15T64;DEU;Allemagne;PT;Pourcentage de la population;M;Sexe masculin;De 15 a 64 ans;67,784
2014;Y_GE65;DEU;Allemagne;PS;Personnes;M;Sexe masculin;65 ans et plus;7316593
2014;Y_GE65;DEU;Allemagne;PT;Pourcentage de la population;M;Sexe masculin;65 ans et plus;18,431
2014;Y_GE65;DEU;Allemagne;PS;Personnes;F;Sexe feminin;65 ans et plus;9654162
2014;Y_GE65;DEU;Allemagne;PT;Pourcentage de la population;F;Sexe feminin;65 ans et plus;23,383
2014;Y15T64;DEU;Allemagne;PS;Personnes;F;Sexe feminin;De 15 a 64 ans;26439560
2014;Y15T64;DEU;Allemagne;PT;Pourcentage de la population;F;Sexe feminin;De 15 a 64 ans;64,04
2014;Y_LT15;DEU;Allemagne;PS;Personnes;_T;Total;Moins de 15 ans;10664584,77
2014;Y_LT15;DEU;Allemagne;PT;Pourcentage de la population;_T;Total;Moins de 15 ans;13,169
2014;Y_LT15;DEU;Allemagne;PS;Personnes;F;Sexe feminin;Moins de 15 ans;5192578,831
2014;Y_LT15;DEU;Allemagne;PT;Pourcentage de la population;F;Sexe feminin;Moins de 15 ans;12,577
2014;Y_LT15;DEU;Allemagne;PS;Personnes;M;Sexe masculin;Moins de 15 ans;5472119,516
2014;Y_LT15;DEU;Allemagne;PT;Pourcentage de la population;M;Sexe masculin;Moins de 15 ans;13,785
2015;Y15T64;DEU;Allemagne;PS;Personnes;_T;Total;De 15 a 64 ans;53708240
2015;Y15T64;DEU;Allemagne;PT;Pourcentage de la population;_T;Total;De 15 a 64 ans;65,749
2015;Y_GE65;DEU;Allemagne;PS;Personnes;_T;Total;65 ans et plus;17194443
2015;Y_GE65;DEU;Allemagne;PT;Pourcentage de la population;_T;Total;65 ans et plus;21,049
2015;Y15T64;DEU;Allemagne;PS;Personnes;M;Sexe masculin;De 15 a 64 ans;27191559
2015;Y15T64;DEU;Allemagne;PT;Pourcentage de la population;M;Sexe masculin;De 15 a 64 ans;67,683
2015;Y_GE65;DEU;Allemagne;PS;Personnes;M;Sexe masculin;65 ans et plus;7444381
2015;Y_GE65;DEU;Allemagne;PT;Pourcentage de la population;M;Sexe masculin;65 ans et plus;18,53
2015;Y_GE65;DEU;Allemagne;PS;Personnes;F;Sexe feminin;65 ans et plus;9750062
2015;Y_GE65;DEU;Allemagne;PT;Pourcentage de la population;F;Sexe feminin;65 ans et plus;23,487
2015;Y15T64;DEU;Allemagne;PS;Personnes;F;Sexe feminin;De 15 a 64 ans;26516681
2015;Y15T64;DEU;Allemagne;PT;Pourcentage de la population;F;Sexe feminin;De 15 a 64 ans;63,877
2015;Y_LT15;DEU;Allemagne;PS;Personnes;_T;Total;Moins de 15 ans;10784265,99
2015;Y_LT15;DEU;Allemagne;PT;Pourcentage de la population;_T;Total;Moins de 15 ans;13,202
2015;Y_LT15;DEU;Allemagne;PS;Personnes;F;Sexe feminin;Moins de 15 ans;5245018,204
2015;Y_LT15;DEU;Allemagne;PT;Pourcentage de la population;F;Sexe feminin;Moins de 15 ans;12,635
2015;Y_LT15;DEU;Allemagne;PS;Personnes;M;Sexe masculin;Moins de 15 ans;5538898,297
2015;Y_LT15;DEU;Allemagne;PT;Pourcentage de la population;M;Sexe masculin;Moins de 15 ans;13,787
2016;Y15T64;DEU;Allemagne;PS;Personnes;_T;Total;De 15 a 64 ans;53978882
2016;Y15T64;DEU;Allemagne;PT;Pourcentage de la population;_T;Total;De 15 a 64 ans;65,549
2016;Y_GE65;DEU;Allemagne;PS;Personnes;_T;Total;65 ans et plus;17404939
2016;Y_GE65;DEU;Allemagne;PT;Pourcentage de la population;_T;Total;65 ans et plus;21,136
2016;Y15T64;DEU;Allemagne;PS;Personnes;M;Sexe masculin;De 15 a 64 ans;27407405
2016;Y15T64;DEU;Allemagne;PT;Pourcentage de la population;M;Sexe masculin;De 15 a 64 ans;67,497
2016;Y_GE65;DEU;Allemagne;PS;Personnes;M;Sexe masculin;65 ans et plus;7561542
2016;Y_GE65;DEU;Allemagne;PT;Pourcentage de la population;M;Sexe masculin;65 ans et plus;18,622
2016;Y_GE65;DEU;Allemagne;PS;Personnes;F;Sexe feminin;65 ans et plus;9843397
2016;Y_GE65;DEU;Allemagne;PT;Pourcentage de la population;F;Sexe feminin;65 ans et plus;23,581
2016;Y15T64;DEU;Allemagne;PS;Personnes;F;Sexe feminin;De 15 a 64 ans;26571477
2016;Y15T64;DEU;Allemagne;PT;Pourcentage de la population;F;Sexe feminin;De 15 a 64 ans;63,655
2016;Y_LT15;DEU;Allemagne;PS;Personnes;_T;Total;Moins de 15 ans;10964725,28
2016;Y_LT15;DEU;Allemagne;PT;Pourcentage de la population;_T;Total;Moins de 15 ans;13,315
2016;Y_LT15;DEU;Allemagne;PS;Personnes;F;Sexe feminin;Moins de 15 ans;5328082,391
2016;Y_LT15;DEU;Allemagne;PT;Pourcentage de la population;F;Sexe feminin;Moins de 15 ans;12,764
2016;Y_LT15;DEU;Allemagne;PS;Personnes;M;Sexe masculin;Moins de 15 ans;5636872,585
2016;Y_LT15;DEU;Allemagne;PT;Pourcentage de la population;M;Sexe masculin;Moins de 15 ans;13,882
2017;Y15T64;DEU;Allemagne;PS;Personnes;_T;Total;De 15 a 64 ans;53937129
2017;Y15T64;DEU;Allemagne;PT;Pourcentage de la population;_T;Total;De 15 a 64 ans;65,254
2017;Y_GE65;DEU;Allemagne;PS;Personnes;_T;Total;65 ans et plus;17609707
2017;Y_GE65;DEU;Allemagne;PT;Pourcentage de la population;_T;Total;65 ans et plus;21,305
2017;Y15T64;DEU;Allemagne;PS;Personnes;M;Sexe masculin;De 15 a 64 ans;27388100
2017;Y15T64;DEU;Allemagne;PT;Pourcentage de la population;M;Sexe masculin;De 15 a 64 ans;67,177
2017;Y_GE65;DEU;Allemagne;PS;Personnes;M;Sexe masculin;65 ans et plus;7672143
2017;Y_GE65;DEU;Allemagne;PT;Pourcentage de la population;M;Sexe masculin;65 ans et plus;18,818
2017;Y_GE65;DEU;Allemagne;PS;Personnes;F;Sexe feminin;65 ans et plus;9937564
2017;Y_GE65;DEU;Allemagne;PT;Pourcentage de la population;F;Sexe feminin;65 ans et plus;23,725
2017;Y15T64;DEU;Allemagne;PS;Personnes;F;Sexe feminin;De 15 a 64 ans;26549029
2017;Y15T64;DEU;Allemagne;PT;Pourcentage de la population;F;Sexe feminin;De 15 a 64 ans;63,383
2017;Y_LT15;DEU;Allemagne;PS;Personnes;_T;Total;Moins de 15 ans;11109927,37
2017;Y_LT15;DEU;Allemagne;PT;Pourcentage de la population;_T;Total;Moins de 15 ans;13,441
2017;Y_LT15;DEU;Allemagne;PS;Personnes;F;Sexe feminin;Moins de 15 ans;5400028,078
2017;Y_LT15;DEU;Allemagne;PT;Pourcentage de la population;F;Sexe feminin;Moins de 15 ans;12,892
2017;Y_LT15;DEU;Allemagne;PS;Personnes;M;Sexe masculin;Moins de 15 ans;5710293,96
2017;Y_LT15;DEU;Allemagne;PT;Pourcentage de la population;M;Sexe masculin;Moins de 15 ans;14,006
2018;Y15T64;DEU;Allemagne;PS;Personnes;_T;Total;De 15 a 64 ans;53877877
2018;Y15T64;DEU;Allemagne;PT;Pourcentage de la population;_T;Total;De 15 a 64 ans;64,987
2018;Y_GE65;DEU;Allemagne;PS;Personnes;_T;Total;65 ans et plus;17796623
2018;Y_GE65;DEU;Allemagne;PT;Pourcentage de la population;_T;Total;65 ans et plus;21,466
2018;Y15T64;DEU;Allemagne;PS;Personnes;M;Sexe masculin;De 15 a 64 ans;27361137
2018;Y15T64;DEU;Allemagne;PT;Pourcentage de la population;M;Sexe masculin;De 15 a 64 ans;66,889
2018;Y_GE65;DEU;Allemagne;PS;Personnes;M;Sexe masculin;65 ans et plus;7773198
2018;Y_GE65;DEU;Allemagne;PT;Pourcentage de la population;M;Sexe masculin;65 ans et plus;19,003
2018;Y_GE65;DEU;Allemagne;PS;Personnes;F;Sexe feminin;65 ans et plus;10023425
2018;Y_GE65;DEU;Allemagne;PT;Pourcentage de la population;F;Sexe feminin;65 ans et plus;23,865
2018;Y15T64;DEU;Allemagne;PS;Personnes;F;Sexe feminin;De 15 a 64 ans;26516740
2018;Y15T64;DEU;Allemagne;PT;Pourcentage de la population;F;Sexe feminin;De 15 a 64 ans;63,134
2018;Y_LT15;DEU;Allemagne;PS;Personnes;_T;Total;Moins de 15 ans;11231247,1
2018;Y_LT15;DEU;Allemagne;PT;Pourcentage de la population;_T;Total;Moins de 15 ans;13,547
2018;Y_LT15;DEU;Allemagne;PS;Personnes;F;Sexe feminin;Moins de 15 ans;5460505,027
2018;Y_LT15;DEU;Allemagne;PT;Pourcentage de la population;F;Sexe feminin;Moins de 15 ans;13,001
2018;Y_LT15;DEU;Allemagne;PS;Personnes;M;Sexe masculin;Moins de 15 ans;5770896,305
2018;Y_LT15;DEU;Allemagne;PT;Pourcentage de la population;M;Sexe masculin;Moins de 15 ans;14,108
2019;Y15T64;DEU;Allemagne;PS;Personnes;_T;Total;De 15 a 64 ans;53764817
2019;Y15T64;DEU;Allemagne;PT;Pourcentage de la population;_T;Total;De 15 a 64 ans;64,704
2019;Y_GE65;DEU;Allemagne;PS;Personnes;_T;Total;65 ans et plus;17987103
2019;Y_GE65;DEU;Allemagne;PT;Pourcentage de la population;_T;Total;65 ans et plus;21,647
2019;Y15T64;DEU;Allemagne;PS;Personnes;M;Sexe masculin;De 15 a 64 ans;27302019
2019;Y15T64;DEU;Allemagne;PT;Pourcentage de la population;M;Sexe masculin;De 15 a 64 ans;66,587
2019;Y_GE65;DEU;Allemagne;PS;Personnes;M;Sexe masculin;65 ans et plus;7873926
2019;Y_GE65;DEU;Allemagne;PT;Pourcentage de la population;M;Sexe masculin;65 ans et plus;19,204
2019;Y_GE65;DEU;Allemagne;PS;Personnes;F;Sexe feminin;65 ans et plus;10113177
2019;Y_GE65;DEU;Allemagne;PT;Pourcentage de la population;F;Sexe feminin;65 ans et plus;24,027
2019;Y15T64;DEU;Allemagne;PS;Personnes;F;Sexe feminin;De 15 a 64 ans;26462798
2019;Y15T64;DEU;Allemagne;PT;Pourcentage de la population;F;Sexe feminin;De 15 a 64 ans;62,871
2019;Y_LT15;DEU;Allemagne;PS;Personnes;_T;Total;Moins de 15 ans;11341357,56
2019;Y_LT15;DEU;Allemagne;PT;Pourcentage de la population;_T;Total;Moins de 15 ans;13,649
2019;Y_LT15;DEU;Allemagne;PS;Personnes;F;Sexe feminin;Moins de 15 ans;5514737,795
2019;Y_LT15;DEU;Allemagne;PT;Pourcentage de la population;F;Sexe feminin;Moins de 15 ans;13,102
2019;Y_LT15;DEU;Allemagne;PS;Personnes;M;Sexe masculin;Moins de 15 ans;5826405,089
2019;Y_LT15;DEU;Allemagne;PT;Pourcentage de la population;M;Sexe masculin;Moins de 15 ans;14,21
2020;Y15T64;DEU;Allemagne;PS;Personnes;_T;Total;De 15 a 64 ans;53545184
2020;Y15T64;DEU;Allemagne;PT;Pourcentage de la population;_T;Total;De 15 a 64 ans;64,387
2020;Y_GE65;DEU;Allemagne;PS;Personnes;_T;Total;65 ans et plus;18181162
2020;Y_GE65;DEU;Allemagne;PT;Pourcentage de la population;_T;Total;65 ans et plus;21,863
2020;Y15T64;DEU;Allemagne;PS;Personnes;M;Sexe masculin;De 15 a 64 ans;27182913
2020;Y15T64;DEU;Allemagne;PT;Pourcentage de la population;M;Sexe masculin;De 15 a 64 ans;66,248
2020;Y_GE65;DEU;Allemagne;PS;Personnes;M;Sexe masculin;65 ans et plus;7975121
2020;Y_GE65;DEU;Allemagne;PT;Pourcentage de la population;M;Sexe masculin;65 ans et plus;19,436
2020;Y_GE65;DEU;Allemagne;PS;Personnes;F;Sexe feminin;65 ans et plus;10206041
2020;Y_GE65;DEU;Allemagne;PT;Pourcentage de la population;F;Sexe feminin;65 ans et plus;24,226
2020;Y15T64;DEU;Allemagne;PS;Personnes;F;Sexe feminin;De 15 a 64 ans;26362271
2020;Y15T64;DEU;Allemagne;PT;Pourcentage de la population;F;Sexe feminin;De 15 a 64 ans;62,575
2020;Y_LT15;DEU;Allemagne;PS;Personnes;_T;Total;Moins de 15 ans;11434620,59
2020;Y_LT15;DEU;Allemagne;PT;Pourcentage de la population;_T;Total;Moins de 15 ans;13,75
2020;Y_LT15;DEU;Allemagne;PS;Personnes;F;Sexe feminin;Moins de 15 ans;5560581,368
2020;Y_LT15;DEU;Allemagne;PT;Pourcentage de la population;F;Sexe feminin;Moins de 15 ans;13,199
2020;Y_LT15;DEU;Allemagne;PS;Personnes;M;Sexe masculin;Moins de 15 ans;5874150,998
2020;Y_LT15;DEU;Allemagne;PT;Pourcentage de la population;M;Sexe masculin;Moins de 15 ans;14,316
2021;Y15T64;DEU;Allemagne;PS;Personnes;_T;Total;De 15 a 64 ans;53299643
2021;Y15T64;DEU;Allemagne;PT;Pourcentage de la population;_T;Total;De 15 a 64 ans;64,065
2021;Y_GE65;DEU;Allemagne;PS;Personnes;_T;Total;65 ans et plus;18354067
2021;Y_GE65;DEU;Allemagne;PT;Pourcentage de la population;_T;Total;65 ans et plus;22,061
2021;Y15T64;DEU;Allemagne;PS;Personnes;M;Sexe masculin;De 15 a 64 ans;27051650
2021;Y15T64;DEU;Allemagne;PT;Pourcentage de la population;M;Sexe masculin;De 15 a 64 ans;65,905
2021;Y_GE65;DEU;Allemagne;PS;Personnes;M;Sexe masculin;65 ans et plus;8065732
2021;Y_GE65;DEU;Allemagne;PT;Pourcentage de la population;M;Sexe masculin;65 ans et plus;19,65
2021;Y_GE65;DEU;Allemagne;PS;Personnes;F;Sexe feminin;65 ans et plus;10288335
2021;Y_GE65;DEU;Allemagne;PT;Pourcentage de la population;F;Sexe feminin;65 ans et plus;24,409
2021;Y15T64;DEU;Allemagne;PS;Personnes;F;Sexe feminin;De 15 a 64 ans;26247993
2021;Y15T64;DEU;Allemagne;PT;Pourcentage de la population;F;Sexe feminin;De 15 a 64 ans;62,274
2021;Y_LT15;DEU;Allemagne;PS;Personnes;_T;Total;Moins de 15 ans;11542623,58
2021;Y_LT15;DEU;Allemagne;PT;Pourcentage de la population;_T;Total;Moins de 15 ans;13,874
2021;Y_LT15;DEU;Allemagne;PS;Personnes;F;Sexe feminin;Moins de 15 ans;5613038,794
2021;Y_LT15;DEU;Allemagne;PT;Pourcentage de la population;F;Sexe feminin;Moins de 15 ans;13,317
2021;Y_LT15;DEU;Allemagne;PS;Personnes;M;Sexe masculin;Moins de 15 ans;5929188,881
2021;Y_LT15;DEU;Allemagne;PT;Pourcentage de la population;M;Sexe masculin;Moins de 15 ans;14,445
2022;Y15T64;DEU;Allemagne;PS;Personnes;_T;Total;De 15 a 64 ans;53481767
2022;Y15T64;DEU;Allemagne;PT;Pourcentage de la population;_T;Total;De 15 a 64 ans;63,822
2022;Y_GE65;DEU;Allemagne;PS;Personnes;_T;Total;65 ans et plus;18548263
2022;Y_GE65;DEU;Allemagne;PT;Pourcentage de la population;_T;Total;65 ans et plus;22,134
2022;Y15T64;DEU;Allemagne;PS;Personnes;M;Sexe masculin;De 15 a 64 ans;27107641
2022;Y15T64;DEU;Allemagne;PT;Pourcentage de la population;M;Sexe masculin;De 15 a 64 ans;65,615
2022;Y15T64;DEU;Allemagne;PS;Personnes;F;Sexe feminin;De 15 a 64 ans;26374126
2022;Y15T64;DEU;Allemagne;PT;Pourcentage de la population;F;Sexe feminin;De 15 a 64 ans;62,079
2022;Y_GE65;DEU;Allemagne;PS;Personnes;F;Sexe feminin;65 ans et plus;10387399
2022;Y_GE65;DEU;Allemagne;PT;Pourcentage de la population;F;Sexe feminin;65 ans et plus;24,45
2022;Y_GE65;DEU;Allemagne;PS;Personnes;M;Sexe masculin;65 ans et plus;8160864
2022;Y_GE65;DEU;Allemagne;PT;Pourcentage de la population;M;Sexe masculin;65 ans et plus;19,754
2022;Y_LT15;DEU;Allemagne;PS;Personnes;_T;Total;Moins de 15 ans;11767751,31
2022;Y_LT15;DEU;Allemagne;PT;Pourcentage de la population;_T;Total;Moins de 15 ans;14,043
2022;Y_LT15;DEU;Allemagne;PS;Personnes;F;Sexe feminin;Moins de 15 ans;5723588,226
2022;Y_LT15;DEU;Allemagne;PT;Pourcentage de la population;F;Sexe feminin;Moins de 15 ans;13,472
2022;Y_LT15;DEU;Allemagne;PS;Personnes;M;Sexe masculin;Moins de 15 ans;6044493,325
2022;Y_LT15;DEU;Allemagne;PT;Pourcentage de la population;M;Sexe masculin;Moins de 15 ans;14,631
2023;Y_GE65;DEU;Allemagne;PS;Personnes;F;Sexe feminin;65 ans et plus;10415552
2023;Y_GE65;DEU;Allemagne;PT;Pourcentage de la population;F;Sexe feminin;65 ans et plus;24,654
2023;Y15T64;DEU;Allemagne;PS;Personnes;F;Sexe feminin;De 15 a 64 ans;26165656
2023;Y15T64;DEU;Allemagne;PT;Pourcentage de la population;F;Sexe feminin;De 15 a 64 ans;61,936
2023;Y15T64;DEU;Allemagne;PS;Personnes;M;Sexe masculin;De 15 a 64 ans;26893865
2023;Y15T64;DEU;Allemagne;PT;Pourcentage de la population;M;Sexe masculin;De 15 a 64 ans;65,53
2023;Y_GE65;DEU;Allemagne;PS;Personnes;M;Sexe masculin;65 ans et plus;8183848
2023;Y_GE65;DEU;Allemagne;PT;Pourcentage de la population;M;Sexe masculin;65 ans et plus;19,941
2023;Y15T64;DEU;Allemagne;PS;Personnes;_T;Total;De 15 a 64 ans;53059521
2023;Y15T64;DEU;Allemagne;PT;Pourcentage de la population;_T;Total;De 15 a 64 ans;63,707
2023;Y_GE65;DEU;Allemagne;PS;Personnes;_T;Total;65 ans et plus;18599400
2023;Y_GE65;DEU;Allemagne;PT;Pourcentage de la population;_T;Total;65 ans et plus;22,332
2023;Y_LT15;DEU;Allemagne;PS;Personnes;_T;Total;Moins de 15 ans;11628570,17
2023;Y_LT15;DEU;Allemagne;PT;Pourcentage de la population;_T;Total;Moins de 15 ans;13,962
2023;Y_LT15;DEU;Allemagne;PS;Personnes;F;Sexe feminin;Moins de 15 ans;5665250,286
2023;Y_LT15;DEU;Allemagne;PT;Pourcentage de la population;F;Sexe feminin;Moins de 15 ans;13,41
2023;Y_LT15;DEU;Allemagne;PS;Personnes;M;Sexe masculin;Moins de 15 ans;5963231,291
2023;Y_LT15;DEU;Allemagne;PT;Pourcentage de la population;M;Sexe masculin;Moins de 15 ans;14,53
2024;Y_GE65;DEU;Allemagne;PS;Personnes;F;Sexe feminin;65 ans et plus;10535441
2024;Y_GE65;DEU;Allemagne;PT;Pourcentage de la population;F;Sexe feminin;65 ans et plus;24,883
2024;Y15T64;DEU;Allemagne;PS;Personnes;F;Sexe feminin;De 15 a 64 ans;26127072
2024;Y15T64;DEU;Allemagne;PT;Pourcentage de la population;F;Sexe feminin;De 15 a 64 ans;61,709
2024;Y15T64;DEU;Allemagne;PS;Personnes;M;Sexe masculin;De 15 a 64 ans;26997874
2024;Y15T64;DEU;Allemagne;PT;Pourcentage de la population;M;Sexe masculin;De 15 a 64 ans;65,399
2024;Y_GE65;DEU;Allemagne;PS;Personnes;M;Sexe masculin;65 ans et plus;8306266
2024;Y_GE65;DEU;Allemagne;PT;Pourcentage de la population;M;Sexe masculin;65 ans et plus;20,121
2024;Y15T64;DEU;Allemagne;PS;Personnes;_T;Total;De 15 a 64 ans;53124946
2024;Y15T64;DEU;Allemagne;PT;Pourcentage de la population;_T;Total;De 15 a 64 ans;63,531
2024;Y_GE65;DEU;Allemagne;PS;Personnes;_T;Total;65 ans et plus;18841707
2024;Y_GE65;DEU;Allemagne;PT;Pourcentage de la population;_T;Total;65 ans et plus;22,532
2024;Y_LT15;DEU;Allemagne;PS;Personnes;_T;Total;Moins de 15 ans;11654199,54
2024;Y_LT15;DEU;Allemagne;PT;Pourcentage de la population;_T;Total;Moins de 15 ans;13,937
2024;Y_LT15;DEU;Allemagne;PS;Personnes;F;Sexe feminin;Moins de 15 ans;5676402,199
2024;Y_LT15;DEU;Allemagne;PT;Pourcentage de la population;F;Sexe feminin;Moins de 15 ans;13,407
2024;Y_LT15;DEU;Allemagne;PS;Personnes;M;Sexe masculin;Moins de 15 ans;5977145,779
2024;Y_LT15;DEU;Allemagne;PT;Pourcentage de la population;M;Sexe masculin;Moins de 15 ans;14,479
2002;Y15T64;ESP;Espagne;PS;Personnes;_T;Total;De 15 a 64 ans;28401513
2002;Y15T64;ESP;Espagne;PT;Pourcentage de la population;_T;Total;De 15 a 64 ans;68,564
2002;Y_GE65;ESP;Espagne;PS;Personnes;_T;Total;65 ans et plus;7026593
2002;Y_GE65;ESP;Espagne;PT;Pourcentage de la population;_T;Total;65 ans et plus;16,963
2002;Y15T64;ESP;Espagne;PS;Personnes;M;Sexe masculin;De 15 a 64 ans;14287599
2002;Y15T64;ESP;Espagne;PT;Pourcentage de la population;M;Sexe masculin;De 15 a 64 ans;70,289
2002;Y_GE65;ESP;Espagne;PS;Personnes;M;Sexe masculin;65 ans et plus;2960775
2002;Y_GE65;ESP;Espagne;PT;Pourcentage de la population;M;Sexe masculin;65 ans et plus;14,566
2002;Y_GE65;ESP;Espagne;PS;Personnes;F;Sexe feminin;65 ans et plus;4065824
2002;Y_GE65;ESP;Espagne;PT;Pourcentage de la population;F;Sexe feminin;65 ans et plus;19,272
2002;Y15T64;ESP;Espagne;PS;Personnes;F;Sexe feminin;De 15 a 64 ans;14113916
2002;Y15T64;ESP;Espagne;PT;Pourcentage de la population;F;Sexe feminin;De 15 a 64 ans;66,901
2002;Y_LT15;ESP;Espagne;PS;Personnes;_T;Total;Moins de 15 ans;5995226,05
2002;Y_LT15;ESP;Espagne;PT;Pourcentage de la population;_T;Total;Moins de 15 ans;14,473
2002;Y_LT15;ESP;Espagne;PS;Personnes;F;Sexe feminin;Moins de 15 ans;2917036,008
2002;Y_LT15;ESP;Espagne;PT;Pourcentage de la population;F;Sexe feminin;Moins de 15 ans;13,827
2002;Y_LT15;ESP;Espagne;PS;Personnes;M;Sexe masculin;Moins de 15 ans;3078502,038
2002;Y_LT15;ESP;Espagne;PT;Pourcentage de la population;M;Sexe masculin;Moins de 15 ans;15,145
2003;Y15T64;ESP;Espagne;PS;Personnes;_T;Total;De 15 a 64 ans;28966656
2003;Y15T64;ESP;Espagne;PT;Pourcentage de la population;_T;Total;De 15 a 64 ans;68,647
2003;Y_GE65;ESP;Espagne;PS;Personnes;_T;Total;65 ans et plus;7119244
2003;Y_GE65;ESP;Espagne;PT;Pourcentage de la population;_T;Total;65 ans et plus;16,872
2003;Y15T64;ESP;Espagne;PS;Personnes;M;Sexe masculin;De 15 a 64 ans;14598089
2003;Y15T64;ESP;Espagne;PT;Pourcentage de la population;M;Sexe masculin;De 15 a 64 ans;70,393
2003;Y_GE65;ESP;Espagne;PS;Personnes;M;Sexe masculin;65 ans et plus;3001138
2003;Y_GE65;ESP;Espagne;PT;Pourcentage de la population;M;Sexe masculin;65 ans et plus;14,472
2003;Y_GE65;ESP;Espagne;PS;Personnes;F;Sexe feminin;65 ans et plus;4118108
2003;Y_GE65;ESP;Espagne;PT;Pourcentage de la population;F;Sexe feminin;65 ans et plus;19,191
2003;Y15T64;ESP;Espagne;PS;Personnes;F;Sexe feminin;De 15 a 64 ans;14368567
2003;Y15T64;ESP;Espagne;PT;Pourcentage de la population;F;Sexe feminin;De 15 a 64 ans;66,961
2003;Y_LT15;ESP;Espagne;PS;Personnes;_T;Total;Moins de 15 ans;6110436,211
2003;Y_LT15;ESP;Espagne;PT;Pourcentage de la population;_T;Total;Moins de 15 ans;14,481
2003;Y_LT15;ESP;Espagne;PS;Personnes;F;Sexe feminin;Moins de 15 ans;2971535,967
2003;Y_LT15;ESP;Espagne;PT;Pourcentage de la population;F;Sexe feminin;Moins de 15 ans;13,848
2003;Y_LT15;ESP;Espagne;PS;Personnes;M;Sexe masculin;Moins de 15 ans;3138696,149
2003;Y_LT15;ESP;Espagne;PT;Pourcentage de la population;M;Sexe masculin;Moins de 15 ans;15,135
2004;Y15T64;ESP;Espagne;PS;Personnes;_T;Total;De 15 a 64 ans;29501722
2004;Y15T64;ESP;Espagne;PT;Pourcentage de la population;_T;Total;De 15 a 64 ans;68,834
2004;Y_GE65;ESP;Espagne;PS;Personnes;_T;Total;65 ans et plus;7154260
2004;Y_GE65;ESP;Espagne;PT;Pourcentage de la population;_T;Total;65 ans et plus;16,692
2004;Y15T64;ESP;Espagne;PS;Personnes;M;Sexe masculin;De 15 a 64 ans;14890698
2004;Y15T64;ESP;Espagne;PT;Pourcentage de la population;M;Sexe masculin;De 15 a 64 ans;70,595
2004;Y_GE65;ESP;Espagne;PS;Personnes;M;Sexe masculin;65 ans et plus;3015259
2004;Y_GE65;ESP;Espagne;PT;Pourcentage de la population;M;Sexe masculin;65 ans et plus;14,295
2004;Y_GE65;ESP;Espagne;PS;Personnes;F;Sexe feminin;65 ans et plus;4139001
2004;Y_GE65;ESP;Espagne;PT;Pourcentage de la population;F;Sexe feminin;65 ans et plus;19,016
2004;Y15T64;ESP;Espagne;PS;Personnes;F;Sexe feminin;De 15 a 64 ans;14611023
2004;Y15T64;ESP;Espagne;PT;Pourcentage de la population;F;Sexe feminin;De 15 a 64 ans;67,127
2004;Y_LT15;ESP;Espagne;PS;Personnes;_T;Total;Moins de 15 ans;6203007,964
2004;Y_LT15;ESP;Espagne;PT;Pourcentage de la population;_T;Total;Moins de 15 ans;14,473
2004;Y_LT15;ESP;Espagne;PS;Personnes;F;Sexe feminin;Moins de 15 ans;3016131,387
2004;Y_LT15;ESP;Espagne;PT;Pourcentage de la population;F;Sexe feminin;Moins de 15 ans;13,857
2004;Y_LT15;ESP;Espagne;PS;Personnes;M;Sexe masculin;Moins de 15 ans;3187160,157
2004;Y_LT15;ESP;Espagne;PT;Pourcentage de la population;M;Sexe masculin;Moins de 15 ans;15,11
2005;Y15T64;ESP;Espagne;PS;Personnes;_T;Total;De 15 a 64 ans;30120189
2005;Y15T64;ESP;Espagne;PT;Pourcentage de la population;_T;Total;De 15 a 64 ans;68,984
2005;Y_GE65;ESP;Espagne;PS;Personnes;_T;Total;65 ans et plus;7230328
2005;Y_GE65;ESP;Espagne;PT;Pourcentage de la population;_T;Total;65 ans et plus;16,56
2005;Y15T64;ESP;Espagne;PS;Personnes;M;Sexe masculin;De 15 a 64 ans;15248405
2005;Y15T64;ESP;Espagne;PT;Pourcentage de la population;M;Sexe masculin;De 15 a 64 ans;70,785
2005;Y_GE65;ESP;Espagne;PS;Personnes;M;Sexe masculin;65 ans et plus;3049867
2005;Y_GE65;ESP;Espagne;PT;Pourcentage de la population;M;Sexe masculin;65 ans et plus;14,158
2005;Y_GE65;ESP;Espagne;PS;Personnes;F;Sexe feminin;65 ans et plus;4180461
2005;Y_GE65;ESP;Espagne;PT;Pourcentage de la population;F;Sexe feminin;65 ans et plus;18,898
2005;Y15T64;ESP;Espagne;PS;Personnes;F;Sexe feminin;De 15 a 64 ans;14871785
2005;Y15T64;ESP;Espagne;PT;Pourcentage de la population;F;Sexe feminin;De 15 a 64 ans;67,23
2005;Y_LT15;ESP;Espagne;PS;Personnes;_T;Total;Moins de 15 ans;6312303,961
2005;Y_LT15;ESP;Espagne;PT;Pourcentage de la population;_T;Total;Moins de 15 ans;14,457
2005;Y_LT15;ESP;Espagne;PS;Personnes;F;Sexe feminin;Moins de 15 ans;3068355,084
2005;Y_LT15;ESP;Espagne;PT;Pourcentage de la population;F;Sexe feminin;Moins de 15 ans;13,871
2005;Y_LT15;ESP;Espagne;PS;Personnes;M;Sexe masculin;Moins de 15 ans;3243789,09
2005;Y_LT15;ESP;Espagne;PT;Pourcentage de la population;M;Sexe masculin;Moins de 15 ans;15,058
2006;Y15T64;ESP;Espagne;PS;Personnes;_T;Total;De 15 a 64 ans;30553422
2006;Y15T64;ESP;Espagne;PT;Pourcentage de la population;_T;Total;De 15 a 64 ans;68,875
2006;Y_GE65;ESP;Espagne;PS;Personnes;_T;Total;65 ans et plus;7362321
2006;Y_GE65;ESP;Espagne;PT;Pourcentage de la population;_T;Total;65 ans et plus;16,597
2006;Y15T64;ESP;Espagne;PS;Personnes;M;Sexe masculin;De 15 a 64 ans;15476427
2006;Y15T64;ESP;Espagne;PT;Pourcentage de la population;M;Sexe masculin;De 15 a 64 ans;70,666
2006;Y_GE65;ESP;Espagne;PS;Personnes;M;Sexe masculin;65 ans et plus;3112155
2006;Y_GE65;ESP;Espagne;PT;Pourcentage de la population;M;Sexe masculin;65 ans et plus;14,21
2006;Y_GE65;ESP;Espagne;PS;Personnes;F;Sexe feminin;65 ans et plus;4250165
2006;Y_GE65;ESP;Espagne;PT;Pourcentage de la population;F;Sexe feminin;65 ans et plus;18,923
2006;Y15T64;ESP;Espagne;PS;Personnes;F;Sexe feminin;De 15 a 64 ans;15077001
2006;Y15T64;ESP;Espagne;PT;Pourcentage de la population;F;Sexe feminin;De 15 a 64 ans;67,129
2006;Y_LT15;ESP;Espagne;PS;Personnes;_T;Total;Moins de 15 ans;6444696,491
2006;Y_LT15;ESP;Espagne;PT;Pourcentage de la population;_T;Total;Moins de 15 ans;14,528
2006;Y_LT15;ESP;Espagne;PS;Personnes;F;Sexe feminin;Moins de 15 ans;3132694,717
2006;Y_LT15;ESP;Espagne;PT;Pourcentage de la population;F;Sexe feminin;Moins de 15 ans;13,948
2006;Y_LT15;ESP;Espagne;PS;Personnes;M;Sexe masculin;Moins de 15 ans;3312044,222
2006;Y_LT15;ESP;Espagne;PT;Pourcentage de la population;M;Sexe masculin;Moins de 15 ans;15,123
2007;Y15T64;ESP;Espagne;PS;Personnes;_T;Total;De 15 a 64 ans;31188438
2007;Y15T64;ESP;Espagne;PT;Pourcentage de la population;_T;Total;De 15 a 64 ans;68,946
2007;Y_GE65;ESP;Espagne;PS;Personnes;_T;Total;65 ans et plus;7451435
2007;Y_GE65;ESP;Espagne;PT;Pourcentage de la population;_T;Total;65 ans et plus;16,472
2007;Y15T64;ESP;Espagne;PS;Personnes;M;Sexe masculin;De 15 a 64 ans;15817167
2007;Y15T64;ESP;Espagne;PT;Pourcentage de la population;M;Sexe masculin;De 15 a 64 ans;70,732
2007;Y_GE65;ESP;Espagne;PS;Personnes;M;Sexe masculin;65 ans et plus;3154365
2007;Y_GE65;ESP;Espagne;PT;Pourcentage de la population;M;Sexe masculin;65 ans et plus;14,106
2007;Y_GE65;ESP;Espagne;PS;Personnes;F;Sexe feminin;65 ans et plus;4297065
2007;Y_GE65;ESP;Espagne;PT;Pourcentage de la population;F;Sexe feminin;65 ans et plus;18,786
2007;Y15T64;ESP;Espagne;PS;Personnes;F;Sexe feminin;De 15 a 64 ans;15371270
2007;Y15T64;ESP;Espagne;PT;Pourcentage de la population;F;Sexe feminin;De 15 a 64 ans;67,2
2007;Y_LT15;ESP;Espagne;PS;Personnes;_T;Total;Moins de 15 ans;6596314,103
2007;Y_LT15;ESP;Espagne;PT;Pourcentage de la population;_T;Total;Moins de 15 ans;14,582
2007;Y_LT15;ESP;Espagne;PS;Personnes;F;Sexe feminin;Moins de 15 ans;3205552,69
2007;Y_LT15;ESP;Espagne;PT;Pourcentage de la population;F;Sexe feminin;Moins de 15 ans;14,014
2007;Y_LT15;ESP;Espagne;PS;Personnes;M;Sexe masculin;Moins de 15 ans;3390537,66
2007;Y_LT15;ESP;Espagne;PT;Pourcentage de la population;M;Sexe masculin;Moins de 15 ans;15,162
2008;Y15T64;ESP;Espagne;PS;Personnes;_T;Total;De 15 a 64 ans;31647959
2008;Y15T64;ESP;Espagne;PT;Pourcentage de la population;_T;Total;De 15 a 64 ans;68,825
2008;Y_GE65;ESP;Espagne;PS;Personnes;_T;Total;65 ans et plus;7577395
2008;Y_GE65;ESP;Espagne;PT;Pourcentage de la population;_T;Total;65 ans et plus;16,479
2008;Y15T64;ESP;Espagne;PS;Personnes;M;Sexe masculin;De 15 a 64 ans;16067774
2008;Y15T64;ESP;Espagne;PT;Pourcentage de la population;M;Sexe masculin;De 15 a 64 ans;70,606
2008;Y_GE65;ESP;Espagne;PS;Personnes;M;Sexe masculin;65 ans et plus;3214073
2008;Y_GE65;ESP;Espagne;PT;Pourcentage de la population;M;Sexe masculin;65 ans et plus;14,124
2008;Y_GE65;ESP;Espagne;PS;Personnes;F;Sexe feminin;65 ans et plus;4363318
2008;Y_GE65;ESP;Espagne;PT;Pourcentage de la population;F;Sexe feminin;65 ans et plus;18,786
2008;Y15T64;ESP;Espagne;PS;Personnes;F;Sexe feminin;De 15 a 64 ans;15580187
2008;Y15T64;ESP;Espagne;PT;Pourcentage de la population;F;Sexe feminin;De 15 a 64 ans;67,08
2008;Y_LT15;ESP;Espagne;PS;Personnes;_T;Total;Moins de 15 ans;6757686,516
2008;Y_LT15;ESP;Espagne;PT;Pourcentage de la population;_T;Total;Moins de 15 ans;14,696
2008;Y_LT15;ESP;Espagne;PS;Personnes;F;Sexe feminin;Moins de 15 ans;3282805,949
2008;Y_LT15;ESP;Espagne;PT;Pourcentage de la population;F;Sexe feminin;Moins de 15 ans;14,134
2008;Y_LT15;ESP;Espagne;PS;Personnes;M;Sexe masculin;Moins de 15 ans;3474973,133
2008;Y_LT15;ESP;Espagne;PT;Pourcentage de la population;M;Sexe masculin;Moins de 15 ans;15,27
2009;Y15T64;ESP;Espagne;PS;Personnes;_T;Total;De 15 a 64 ans;31756902
2009;Y15T64;ESP;Espagne;PT;Pourcentage de la population;_T;Total;De 15 a 64 ans;68,489
2009;Y_GE65;ESP;Espagne;PS;Personnes;_T;Total;65 ans et plus;7727114
2009;Y_GE65;ESP;Espagne;PT;Pourcentage de la population;_T;Total;65 ans et plus;16,665
2009;Y15T64;ESP;Espagne;PS;Personnes;M;Sexe masculin;De 15 a 64 ans;16107330
2009;Y15T64;ESP;Espagne;PT;Pourcentage de la population;M;Sexe masculin;De 15 a 64 ans;70,232
2009;Y_GE65;ESP;Espagne;PS;Personnes;M;Sexe masculin;65 ans et plus;3285475
2009;Y_GE65;ESP;Espagne;PT;Pourcentage de la population;M;Sexe masculin;65 ans et plus;14,325
2009;Y_GE65;ESP;Espagne;PS;Personnes;F;Sexe feminin;65 ans et plus;4441642
2009;Y_GE65;ESP;Espagne;PT;Pourcentage de la population;F;Sexe feminin;65 ans et plus;18,955
2009;Y15T64;ESP;Espagne;PS;Personnes;F;Sexe feminin;De 15 a 64 ans;15649568
2009;Y15T64;ESP;Espagne;PT;Pourcentage de la population;F;Sexe feminin;De 15 a 64 ans;66,784
2009;Y_LT15;ESP;Espagne;PS;Personnes;_T;Total;Moins de 15 ans;6883726,473
2009;Y_LT15;ESP;Espagne;PT;Pourcentage de la population;_T;Total;Moins de 15 ans;14,846
2009;Y_LT15;ESP;Espagne;PS;Personnes;F;Sexe feminin;Moins de 15 ans;3341786,975
2009;Y_LT15;ESP;Espagne;PT;Pourcentage de la population;F;Sexe feminin;Moins de 15 ans;14,261
2009;Y_LT15;ESP;Espagne;PS;Personnes;M;Sexe masculin;Moins de 15 ans;3541775,144
2009;Y_LT15;ESP;Espagne;PT;Pourcentage de la population;M;Sexe masculin;Moins de 15 ans;15,443
2010;Y15T64;ESP;Espagne;PS;Personnes;_T;Total;De 15 a 64 ans;31705439
2010;Y15T64;ESP;Espagne;PT;Pourcentage de la population;_T;Total;De 15 a 64 ans;68,092
2010;Y_GE65;ESP;Espagne;PS;Personnes;_T;Total;65 ans et plus;7892790
2010;Y_GE65;ESP;Espagne;PT;Pourcentage de la population;_T;Total;65 ans et plus;16,951
2010;Y15T64;ESP;Espagne;PS;Personnes;M;Sexe masculin;De 15 a 64 ans;16060244
2010;Y15T64;ESP;Espagne;PT;Pourcentage de la population;M;Sexe masculin;De 15 a 64 ans;69,801
2010;Y_GE65;ESP;Espagne;PS;Personnes;M;Sexe masculin;65 ans et plus;3364112
2010;Y_GE65;ESP;Espagne;PT;Pourcentage de la population;M;Sexe masculin;65 ans et plus;14,621
2010;Y_GE65;ESP;Espagne;PS;Personnes;F;Sexe feminin;65 ans et plus;4528679
2010;Y_GE65;ESP;Espagne;PT;Pourcentage de la population;F;Sexe feminin;65 ans et plus;19,227
2010;Y15T64;ESP;Espagne;PS;Personnes;F;Sexe feminin;De 15 a 64 ans;15645190
2010;Y15T64;ESP;Espagne;PT;Pourcentage de la population;F;Sexe feminin;De 15 a 64 ans;66,423
2010;Y_LT15;ESP;Espagne;PS;Personnes;_T;Total;Moins de 15 ans;6964350,582
2010;Y_LT15;ESP;Espagne;PT;Pourcentage de la population;_T;Total;Moins de 15 ans;14,957
2010;Y_LT15;ESP;Espagne;PS;Personnes;F;Sexe feminin;Moins de 15 ans;3379984,937
2010;Y_LT15;ESP;Espagne;PT;Pourcentage de la population;F;Sexe feminin;Moins de 15 ans;14,35
2010;Y_LT15;ESP;Espagne;PS;Personnes;M;Sexe masculin;Moins de 15 ans;3584276,592
2010;Y_LT15;ESP;Espagne;PT;Pourcentage de la population;M;Sexe masculin;Moins de 15 ans;15,578
2011;Y15T64;ESP;Espagne;PS;Personnes;_T;Total;De 15 a 64 ans;31644057
2011;Y15T64;ESP;Espagne;PT;Pourcentage de la population;_T;Total;De 15 a 64 ans;67,708
2011;Y_GE65;ESP;Espagne;PS;Personnes;_T;Total;65 ans et plus;8052204
2011;Y_GE65;ESP;Espagne;PT;Pourcentage de la population;_T;Total;65 ans et plus;17,229
2011;Y15T64;ESP;Espagne;PS;Personnes;M;Sexe masculin;De 15 a 64 ans;16008762
2011;Y15T64;ESP;Espagne;PT;Pourcentage de la population;M;Sexe masculin;De 15 a 64 ans;69,382
2011;Y_GE65;ESP;Espagne;PS;Personnes;M;Sexe masculin;65 ans et plus;3439265
2011;Y_GE65;ESP;Espagne;PT;Pourcentage de la population;M;Sexe masculin;65 ans et plus;14,906
2011;Y_GE65;ESP;Espagne;PS;Personnes;F;Sexe feminin;65 ans et plus;4612935
2011;Y_GE65;ESP;Espagne;PT;Pourcentage de la population;F;Sexe feminin;65 ans et plus;19,494
2011;Y15T64;ESP;Espagne;PS;Personnes;F;Sexe feminin;De 15 a 64 ans;15635294
2011;Y15T64;ESP;Espagne;PT;Pourcentage de la population;F;Sexe feminin;De 15 a 64 ans;66,075
2011;Y_LT15;ESP;Espagne;PS;Personnes;_T;Total;Moins de 15 ans;7039882,392
2011;Y_LT15;ESP;Espagne;PT;Pourcentage de la population;_T;Total;Moins de 15 ans;15,063
2011;Y_LT15;ESP;Espagne;PS;Personnes;F;Sexe feminin;Moins de 15 ans;3414805,077
2011;Y_LT15;ESP;Espagne;PT;Pourcentage de la population;F;Sexe feminin;Moins de 15 ans;14,431
2011;Y_LT15;ESP;Espagne;PS;Personnes;M;Sexe masculin;Moins de 15 ans;3625272,811
2011;Y_LT15;ESP;Espagne;PT;Pourcentage de la population;M;Sexe masculin;Moins de 15 ans;15,712
2012;Y15T64;ESP;Espagne;PS;Personnes;F;Sexe feminin;De 15 a 64 ans;15593498
2012;Y15T64;ESP;Espagne;PT;Pourcentage de la population;F;Sexe feminin;De 15 a 64 ans;65,794
2012;Y_GE65;ESP;Espagne;PS;Personnes;F;Sexe feminin;65 ans et plus;4675622
2012;Y_GE65;ESP;Espagne;PT;Pourcentage de la population;F;Sexe feminin;65 ans et plus;19,728
2012;Y_GE65;ESP;Espagne;PS;Personnes;M;Sexe masculin;65 ans et plus;3498769
2012;Y_GE65;ESP;Espagne;PT;Pourcentage de la population;M;Sexe masculin;65 ans et plus;15,18
2012;Y15T64;ESP;Espagne;PS;Personnes;M;Sexe masculin;De 15 a 64 ans;15905620
2012;Y15T64;ESP;Espagne;PT;Pourcentage de la population;M;Sexe masculin;De 15 a 64 ans;69,008
2012;Y_GE65;ESP;Espagne;PS;Personnes;_T;Total;65 ans et plus;8174391
2012;Y_GE65;ESP;Espagne;PT;Pourcentage de la population;_T;Total;65 ans et plus;17,486
2012;Y15T64;ESP;Espagne;PS;Personnes;_T;Total;De 15 a 64 ans;31499118
2012;Y15T64;ESP;Espagne;PT;Pourcentage de la population;_T;Total;De 15 a 64 ans;67,379
2012;Y_LT15;ESP;Espagne;PS;Personnes;_T;Total;Moins de 15 ans;7075974,502
2012;Y_LT15;ESP;Espagne;PT;Pourcentage de la population;_T;Total;Moins de 15 ans;15,136
2012;Y_LT15;ESP;Espagne;PS;Personnes;F;Sexe feminin;Moins de 15 ans;3431340,003
2012;Y_LT15;ESP;Espagne;PT;Pourcentage de la population;F;Sexe feminin;Moins de 15 ans;14,478
2012;Y_LT15;ESP;Espagne;PS;Personnes;M;Sexe masculin;Moins de 15 ans;3644496,812
2012;Y_LT15;ESP;Espagne;PT;Pourcentage de la population;M;Sexe masculin;Moins de 15 ans;15,812
2013;Y15T64;ESP;Espagne;PS;Personnes;F;Sexe feminin;De 15 a 64 ans;15466408
2013;Y15T64;ESP;Espagne;PT;Pourcentage de la population;F;Sexe feminin;De 15 a 64 ans;65,4
2013;Y_GE65;ESP;Espagne;PS;Personnes;F;Sexe feminin;65 ans et plus;4758563
2013;Y_GE65;ESP;Espagne;PT;Pourcentage de la population;F;Sexe feminin;65 ans et plus;20,122
2013;Y_GE65;ESP;Espagne;PS;Personnes;M;Sexe masculin;65 ans et plus;3574425
2013;Y_GE65;ESP;Espagne;PT;Pourcentage de la population;M;Sexe masculin;65 ans et plus;15,587
2013;Y15T64;ESP;Espagne;PS;Personnes;M;Sexe masculin;De 15 a 64 ans;15722312
2013;Y15T64;ESP;Espagne;PT;Pourcentage de la population;M;Sexe masculin;De 15 a 64 ans;68,56
2013;Y15T64;ESP;Espagne;PS;Personnes;_T;Total;De 15 a 64 ans;31188720
2013;Y15T64;ESP;Espagne;PT;Pourcentage de la population;_T;Total;De 15 a 64 ans;66,956
2013;Y_GE65;ESP;Espagne;PS;Personnes;_T;Total;65 ans et plus;8332988
2013;Y_GE65;ESP;Espagne;PT;Pourcentage de la population;_T;Total;65 ans et plus;17,889
2013;Y_LT15;ESP;Espagne;PS;Personnes;_T;Total;Moins de 15 ans;7059369,342
2013;Y_LT15;ESP;Espagne;PT;Pourcentage de la population;_T;Total;Moins de 15 ans;15,155
2013;Y_LT15;ESP;Espagne;PS;Personnes;F;Sexe feminin;Moins de 15 ans;3423884,267
2013;Y_LT15;ESP;Espagne;PT;Pourcentage de la population;F;Sexe feminin;Moins de 15 ans;14,478
2013;Y_LT15;ESP;Espagne;PS;Personnes;M;Sexe masculin;Moins de 15 ans;3635449,275
2013;Y_LT15;ESP;Espagne;PT;Pourcentage de la population;M;Sexe masculin;Moins de 15 ans;15,853
2014;Y15T64;ESP;Espagne;PS;Personnes;F;Sexe feminin;De 15 a 64 ans;15346825
2014;Y15T64;ESP;Espagne;PT;Pourcentage de la population;F;Sexe feminin;De 15 a 64 ans;65,036
2014;Y_GE65;ESP;Espagne;PS;Personnes;F;Sexe feminin;65 ans et plus;4839814
2014;Y_GE65;ESP;Espagne;PT;Pourcentage de la population;F;Sexe feminin;65 ans et plus;20,51
2014;Y_GE65;ESP;Espagne;PS;Personnes;M;Sexe masculin;65 ans et plus;3647967
2014;Y_GE65;ESP;Espagne;PT;Pourcentage de la population;M;Sexe masculin;65 ans et plus;15,975
2014;Y15T64;ESP;Espagne;PS;Personnes;M;Sexe masculin;De 15 a 64 ans;15566455
2014;Y15T64;ESP;Espagne;PT;Pourcentage de la population;M;Sexe masculin;De 15 a 64 ans;68,168
2014;Y_GE65;ESP;Espagne;PS;Personnes;_T;Total;65 ans et plus;8487781
2014;Y_GE65;ESP;Espagne;PT;Pourcentage de la population;_T;Total;65 ans et plus;18,28
2014;Y15T64;ESP;Espagne;PS;Personnes;_T;Total;De 15 a 64 ans;30913280
2014;Y15T64;ESP;Espagne;PT;Pourcentage de la population;_T;Total;De 15 a 64 ans;66,576
2014;Y_LT15;ESP;Espagne;PS;Personnes;_T;Total;Moins de 15 ans;7031821,092
2014;Y_LT15;ESP;Espagne;PT;Pourcentage de la population;_T;Total;Moins de 15 ans;15,144
2014;Y_LT15;ESP;Espagne;PS;Personnes;F;Sexe feminin;Moins de 15 ans;3410778,747
2014;Y_LT15;ESP;Espagne;PT;Pourcentage de la population;F;Sexe feminin;Moins de 15 ans;14,454
2014;Y_LT15;ESP;Espagne;PS;Personnes;M;Sexe masculin;Moins de 15 ans;3621265,801
2014;Y_LT15;ESP;Espagne;PT;Pourcentage de la population;M;Sexe masculin;Moins de 15 ans;15,858
2015;Y15T64;ESP;Espagne;PS;Personnes;F;Sexe feminin;De 15 a 64 ans;15291997
2015;Y15T64;ESP;Espagne;PT;Pourcentage de la population;F;Sexe feminin;De 15 a 64 ans;64,832
2015;Y_GE65;ESP;Espagne;PS;Personnes;F;Sexe feminin;65 ans et plus;4897557
2015;Y_GE65;ESP;Espagne;PT;Pourcentage de la population;F;Sexe feminin;65 ans et plus;20,764
2015;Y_GE65;ESP;Espagne;PS;Personnes;M;Sexe masculin;65 ans et plus;3702295
2015;Y_GE65;ESP;Espagne;PT;Pourcentage de la population;M;Sexe masculin;65 ans et plus;16,24
2015;Y15T64;ESP;Espagne;PS;Personnes;M;Sexe masculin;De 15 a 64 ans;15488709
2015;Y15T64;ESP;Espagne;PT;Pourcentage de la population;M;Sexe masculin;De 15 a 64 ans;67,941
2015;Y15T64;ESP;Espagne;PS;Personnes;_T;Total;De 15 a 64 ans;30780706
2015;Y15T64;ESP;Espagne;PT;Pourcentage de la population;_T;Total;De 15 a 64 ans;66,36
2015;Y_GE65;ESP;Espagne;PS;Personnes;_T;Total;65 ans et plus;8599852
2015;Y_GE65;ESP;Espagne;PT;Pourcentage de la population;_T;Total;65 ans et plus;18,54
2015;Y_LT15;ESP;Espagne;PS;Personnes;_T;Total;Moins de 15 ans;7004041,229
2015;Y_LT15;ESP;Espagne;PT;Pourcentage de la population;_T;Total;Moins de 15 ans;15,1
2015;Y_LT15;ESP;Espagne;PS;Personnes;F;Sexe feminin;Moins de 15 ans;3397463,558
2015;Y_LT15;ESP;Espagne;PT;Pourcentage de la population;F;Sexe feminin;Moins de 15 ans;14,404
2015;Y_LT15;ESP;Espagne;PS;Personnes;M;Sexe masculin;Moins de 15 ans;3606326,084
2015;Y_LT15;ESP;Espagne;PT;Pourcentage de la population;M;Sexe masculin;Moins de 15 ans;15,819
2016;Y15T64;ESP;Espagne;PS;Personnes;F;Sexe feminin;De 15 a 64 ans;15278465
2016;Y15T64;ESP;Espagne;PT;Pourcentage de la population;F;Sexe feminin;De 15 a 64 ans;64,678
2016;Y_GE65;ESP;Espagne;PS;Personnes;F;Sexe feminin;65 ans et plus;4960687
2016;Y_GE65;ESP;Espagne;PT;Pourcentage de la population;F;Sexe feminin;65 ans et plus;21
2016;Y_GE65;ESP;Espagne;PS;Personnes;M;Sexe masculin;65 ans et plus;3759232
2016;Y_GE65;ESP;Espagne;PT;Pourcentage de la population;M;Sexe masculin;65 ans et plus;16,484
2016;Y15T64;ESP;Espagne;PS;Personnes;M;Sexe masculin;De 15 a 64 ans;15454603
2016;Y15T64;ESP;Espagne;PT;Pourcentage de la population;M;Sexe masculin;De 15 a 64 ans;67,77
2016;Y_GE65;ESP;Espagne;PS;Personnes;_T;Total;65 ans et plus;8719919
2016;Y_GE65;ESP;Espagne;PT;Pourcentage de la population;_T;Total;65 ans et plus;18,782
2016;Y15T64;ESP;Espagne;PS;Personnes;_T;Total;De 15 a 64 ans;30733068
2016;Y15T64;ESP;Espagne;PT;Pourcentage de la population;_T;Total;De 15 a 64 ans;66,196
2016;Y_LT15;ESP;Espagne;PS;Personnes;_T;Total;Moins de 15 ans;6974278,962
2016;Y_LT15;ESP;Espagne;PT;Pourcentage de la population;_T;Total;Moins de 15 ans;15,022
2016;Y_LT15;ESP;Espagne;PS;Personnes;F;Sexe feminin;Moins de 15 ans;3383207,003
2016;Y_LT15;ESP;Espagne;PT;Pourcentage de la population;F;Sexe feminin;Moins de 15 ans;14,322
2016;Y_LT15;ESP;Espagne;PS;Personnes;M;Sexe masculin;Moins de 15 ans;3590820,504
2016;Y_LT15;ESP;Espagne;PT;Pourcentage de la population;M;Sexe masculin;Moins de 15 ans;15,746
2017;Y15T64;ESP;Espagne;PS;Personnes;F;Sexe feminin;De 15 a 64 ans;15287609
2017;Y15T64;ESP;Espagne;PT;Pourcentage de la population;F;Sexe feminin;De 15 a 64 ans;64,563
2017;Y_GE65;ESP;Espagne;PS;Personnes;F;Sexe feminin;65 ans et plus;5022684
2017;Y_GE65;ESP;Espagne;PT;Pourcentage de la population;F;Sexe feminin;65 ans et plus;21,212
2017;Y_GE65;ESP;Espagne;PS;Personnes;M;Sexe masculin;65 ans et plus;3817681
2017;Y_GE65;ESP;Espagne;PT;Pourcentage de la population;M;Sexe masculin;65 ans et plus;16,721
2017;Y15T64;ESP;Espagne;PS;Personnes;M;Sexe masculin;De 15 a 64 ans;15439694
2017;Y15T64;ESP;Espagne;PT;Pourcentage de la population;M;Sexe masculin;De 15 a 64 ans;67,624
2017;Y15T64;ESP;Espagne;PS;Personnes;_T;Total;De 15 a 64 ans;30727303
2017;Y15T64;ESP;Espagne;PT;Pourcentage de la population;_T;Total;De 15 a 64 ans;66,065
2017;Y_GE65;ESP;Espagne;PS;Personnes;_T;Total;65 ans et plus;8840365
2017;Y_GE65;ESP;Espagne;PT;Pourcentage de la population;_T;Total;65 ans et plus;19,007
2017;Y_LT15;ESP;Espagne;PS;Personnes;_T;Total;Moins de 15 ans;6942616,513
2017;Y_LT15;ESP;Espagne;PT;Pourcentage de la population;_T;Total;Moins de 15 ans;14,927
2017;Y_LT15;ESP;Espagne;PS;Personnes;F;Sexe feminin;Moins de 15 ans;3368541,393
2017;Y_LT15;ESP;Espagne;PT;Pourcentage de la population;F;Sexe feminin;Moins de 15 ans;14,226
2017;Y_LT15;ESP;Espagne;PS;Personnes;M;Sexe masculin;Moins de 15 ans;3574301,696
2017;Y_LT15;ESP;Espagne;PT;Pourcentage de la population;M;Sexe masculin;Moins de 15 ans;15,655
2018;Y15T64;ESP;Espagne;PS;Personnes;F;Sexe feminin;De 15 a 64 ans;15354662
2018;Y15T64;ESP;Espagne;PT;Pourcentage de la population;F;Sexe feminin;De 15 a 64 ans;64,53
2018;Y_GE65;ESP;Espagne;PS;Personnes;F;Sexe feminin;65 ans et plus;5091496
2018;Y_GE65;ESP;Espagne;PT;Pourcentage de la population;F;Sexe feminin;65 ans et plus;21,398
2018;Y_GE65;ESP;Espagne;PS;Personnes;M;Sexe masculin;65 ans et plus;3881154
2018;Y_GE65;ESP;Espagne;PT;Pourcentage de la population;M;Sexe masculin;65 ans et plus;16,933
2018;Y15T64;ESP;Espagne;PS;Personnes;M;Sexe masculin;De 15 a 64 ans;15486310
2018;Y15T64;ESP;Espagne;PT;Pourcentage de la population;M;Sexe masculin;De 15 a 64 ans;67,565
2018;Y_GE65;ESP;Espagne;PS;Personnes;_T;Total;65 ans et plus;8972650
2018;Y_GE65;ESP;Espagne;PT;Pourcentage de la population;_T;Total;65 ans et plus;19,207
2018;Y15T64;ESP;Espagne;PS;Personnes;_T;Total;De 15 a 64 ans;30840972
2018;Y15T64;ESP;Espagne;PT;Pourcentage de la population;_T;Total;De 15 a 64 ans;66,019
2018;Y_LT15;ESP;Espagne;PS;Personnes;_T;Total;Moins de 15 ans;6901730,684
2018;Y_LT15;ESP;Espagne;PT;Pourcentage de la population;_T;Total;Moins de 15 ans;14,774
2018;Y_LT15;ESP;Espagne;PS;Personnes;F;Sexe feminin;Moins de 15 ans;3348632,071
2018;Y_LT15;ESP;Espagne;PT;Pourcentage de la population;F;Sexe feminin;Moins de 15 ans;14,073
2018;Y_LT15;ESP;Espagne;PS;Personnes;M;Sexe masculin;Moins de 15 ans;3553159,938
2018;Y_LT15;ESP;Espagne;PT;Pourcentage de la population;M;Sexe masculin;Moins de 15 ans;15,502
2019;Y15T64;ESP;Espagne;PS;Personnes;F;Sexe feminin;De 15 a 64 ans;15490300
2019;Y15T64;ESP;Espagne;PT;Pourcentage de la population;F;Sexe feminin;De 15 a 64 ans;64,578
2019;Y_GE65;ESP;Espagne;PS;Personnes;F;Sexe feminin;65 ans et plus;5173068
2019;Y_GE65;ESP;Espagne;PT;Pourcentage de la population;F;Sexe feminin;65 ans et plus;21,566
2019;Y_GE65;ESP;Espagne;PS;Personnes;M;Sexe masculin;65 ans et plus;3952736
2019;Y_GE65;ESP;Espagne;PT;Pourcentage de la population;M;Sexe masculin;65 ans et plus;17,111
2019;Y15T64;ESP;Espagne;PS;Personnes;M;Sexe masculin;De 15 a 64 ans;15621426
2019;Y15T64;ESP;Espagne;PT;Pourcentage de la population;M;Sexe masculin;De 15 a 64 ans;67,623
2019;Y15T64;ESP;Espagne;PS;Personnes;_T;Total;De 15 a 64 ans;31111726
2019;Y15T64;ESP;Espagne;PT;Pourcentage de la population;_T;Total;De 15 a 64 ans;66,072
2019;Y_GE65;ESP;Espagne;PS;Personnes;_T;Total;65 ans et plus;9125804
2019;Y_GE65;ESP;Espagne;PT;Pourcentage de la population;_T;Total;65 ans et plus;19,38
2019;Y_LT15;ESP;Espagne;PS;Personnes;_T;Total;Moins de 15 ans;6850329,943
2019;Y_LT15;ESP;Espagne;PT;Pourcentage de la population;_T;Total;Moins de 15 ans;14,548
2019;Y_LT15;ESP;Espagne;PS;Personnes;F;Sexe feminin;Moins de 15 ans;3323632,069
2019;Y_LT15;ESP;Espagne;PT;Pourcentage de la population;F;Sexe feminin;Moins de 15 ans;13,856
2019;Y_LT15;ESP;Espagne;PS;Personnes;M;Sexe masculin;Moins de 15 ans;3526572,097
2019;Y_LT15;ESP;Espagne;PT;Pourcentage de la population;M;Sexe masculin;Moins de 15 ans;15,266
2020;Y15T64;ESP;Espagne;PS;Personnes;F;Sexe feminin;De 15 a 64 ans;15598675
2020;Y15T64;ESP;Espagne;PT;Pourcentage de la population;F;Sexe feminin;De 15 a 64 ans;64,666
2020;Y_GE65;ESP;Espagne;PS;Personnes;F;Sexe feminin;65 ans et plus;5236250
2020;Y_GE65;ESP;Espagne;PT;Pourcentage de la population;F;Sexe feminin;65 ans et plus;21,708
2020;Y_GE65;ESP;Espagne;PS;Personnes;M;Sexe masculin;65 ans et plus;4007280
2020;Y_GE65;ESP;Espagne;PT;Pourcentage de la population;M;Sexe masculin;65 ans et plus;17,256
2020;Y15T64;ESP;Espagne;PS;Personnes;M;Sexe masculin;De 15 a 64 ans;15728546
2020;Y15T64;ESP;Espagne;PT;Pourcentage de la population;M;Sexe masculin;De 15 a 64 ans;67,728
2020;Y_GE65;ESP;Espagne;PS;Personnes;_T;Total;65 ans et plus;9243530
2020;Y_GE65;ESP;Espagne;PT;Pourcentage de la population;_T;Total;65 ans et plus;19,524
2020;Y15T64;ESP;Espagne;PS;Personnes;_T;Total;De 15 a 64 ans;31327221
2020;Y15T64;ESP;Espagne;PT;Pourcentage de la population;_T;Total;De 15 a 64 ans;66,168
2020;Y_LT15;ESP;Espagne;PS;Personnes;_T;Total;Moins de 15 ans;6774101,424
2020;Y_LT15;ESP;Espagne;PT;Pourcentage de la population;_T;Total;Moins de 15 ans;14,308
2020;Y_LT15;ESP;Espagne;PS;Personnes;F;Sexe feminin;Moins de 15 ans;3286841,101
2020;Y_LT15;ESP;Espagne;PT;Pourcentage de la population;F;Sexe feminin;Moins de 15 ans;13,626
2020;Y_LT15;ESP;Espagne;PS;Personnes;M;Sexe masculin;Moins de 15 ans;3487168,383
2020;Y_LT15;ESP;Espagne;PT;Pourcentage de la population;M;Sexe masculin;Moins de 15 ans;15,016
2021;Y15T64;ESP;Espagne;PS;Personnes;F;Sexe feminin;De 15 a 64 ans;15588773
2021;Y15T64;ESP;Espagne;PT;Pourcentage de la population;F;Sexe feminin;De 15 a 64 ans;64,621
2021;Y_GE65;ESP;Espagne;PS;Personnes;F;Sexe feminin;65 ans et plus;5317792
2021;Y_GE65;ESP;Espagne;PT;Pourcentage de la population;F;Sexe feminin;65 ans et plus;22,044
2021;Y_GE65;ESP;Espagne;PS;Personnes;M;Sexe masculin;65 ans et plus;4078552
2021;Y_GE65;ESP;Espagne;PT;Pourcentage de la population;M;Sexe masculin;65 ans et plus;17,562
2021;Y15T64;ESP;Espagne;PS;Personnes;M;Sexe masculin;De 15 a 64 ans;15731761
2021;Y15T64;ESP;Espagne;PT;Pourcentage de la population;M;Sexe masculin;De 15 a 64 ans;67,741
2021;Y15T64;ESP;Espagne;PS;Personnes;_T;Total;De 15 a 64 ans;31320534
2021;Y15T64;ESP;Espagne;PT;Pourcentage de la population;_T;Total;De 15 a 64 ans;66,151
2021;Y_GE65;ESP;Espagne;PS;Personnes;_T;Total;65 ans et plus;9396344
2021;Y_GE65;ESP;Espagne;PT;Pourcentage de la population;_T;Total;65 ans et plus;19,846
2021;Y_LT15;ESP;Espagne;PS;Personnes;_T;Total;Moins de 15 ans;6629977,445
2021;Y_LT15;ESP;Espagne;PT;Pourcentage de la population;_T;Total;Moins de 15 ans;14,003
2021;Y_LT15;ESP;Espagne;PS;Personnes;F;Sexe feminin;Moins de 15 ans;3216861,524
2021;Y_LT15;ESP;Espagne;PT;Pourcentage de la population;F;Sexe feminin;Moins de 15 ans;13,335
2021;Y_LT15;ESP;Espagne;PS;Personnes;M;Sexe masculin;Moins de 15 ans;3413141,628
2021;Y_LT15;ESP;Espagne;PT;Pourcentage de la population;M;Sexe masculin;Moins de 15 ans;14,697
2022;Y15T64;ESP;Espagne;PS;Personnes;F;Sexe feminin;De 15 a 64 ans;15752623
2022;Y15T64;ESP;Espagne;PT;Pourcentage de la population;F;Sexe feminin;De 15 a 64 ans;64,667
2022;Y_GE65;ESP;Espagne;PS;Personnes;F;Sexe feminin;65 ans et plus;5419422
2022;Y_GE65;ESP;Espagne;PT;Pourcentage de la population;F;Sexe feminin;65 ans et plus;22,248
2022;Y_GE65;ESP;Espagne;PS;Personnes;M;Sexe masculin;65 ans et plus;4166336
2022;Y_GE65;ESP;Espagne;PT;Pourcentage de la population;M;Sexe masculin;65 ans et plus;17,788
2022;Y15T64;ESP;Espagne;PS;Personnes;M;Sexe masculin;De 15 a 64 ans;15875122
2022;Y15T64;ESP;Espagne;PT;Pourcentage de la population;M;Sexe masculin;De 15 a 64 ans;67,779
2022;Y_GE65;ESP;Espagne;PS;Personnes;_T;Total;65 ans et plus;9585758
2022;Y_GE65;ESP;Espagne;PT;Pourcentage de la population;_T;Total;65 ans et plus;20,062
2022;Y15T64;ESP;Espagne;PS;Personnes;_T;Total;De 15 a 64 ans;31627745
2022;Y15T64;ESP;Espagne;PT;Pourcentage de la population;_T;Total;De 15 a 64 ans;66,193
2022;Y_LT15;ESP;Espagne;PS;Personnes;_T;Total;Moins de 15 ans;6568024,921
2022;Y_LT15;ESP;Espagne;PT;Pourcentage de la population;_T;Total;Moins de 15 ans;13,746
2022;Y_LT15;ESP;Espagne;PS;Personnes;F;Sexe feminin;Moins de 15 ans;3187431,285
2022;Y_LT15;ESP;Espagne;PT;Pourcentage de la population;F;Sexe feminin;Moins de 15 ans;13,085
2022;Y_LT15;ESP;Espagne;PS;Personnes;M;Sexe masculin;Moins de 15 ans;3380486,435
2022;Y_LT15;ESP;Espagne;PT;Pourcentage de la population;M;Sexe masculin;Moins de 15 ans;14,433
2023;Y15T64;ESP;Espagne;PS;Personnes;F;Sexe feminin;De 15 a 64 ans;15956557
2023;Y15T64;ESP;Espagne;PT;Pourcentage de la population;F;Sexe feminin;De 15 a 64 ans;64,762
2023;Y_GE65;ESP;Espagne;PS;Personnes;F;Sexe feminin;65 ans et plus;5536839
2023;Y_GE65;ESP;Espagne;PT;Pourcentage de la population;F;Sexe feminin;65 ans et plus;22,472
2023;Y_GE65;ESP;Espagne;PS;Personnes;M;Sexe masculin;65 ans et plus;4271192
2023;Y_GE65;ESP;Espagne;PT;Pourcentage de la population;M;Sexe masculin;65 ans et plus;18,036
2023;Y15T64;ESP;Espagne;PS;Personnes;M;Sexe masculin;De 15 a 64 ans;16076610
2023;Y15T64;ESP;Espagne;PT;Pourcentage de la population;M;Sexe masculin;De 15 a 64 ans;67,886
2023;Y15T64;ESP;Espagne;PS;Personnes;_T;Total;De 15 a 64 ans;32033167
2023;Y15T64;ESP;Espagne;PT;Pourcentage de la population;_T;Total;De 15 a 64 ans;66,293
2023;Y_GE65;ESP;Espagne;PS;Personnes;_T;Total;65 ans et plus;9808031
2023;Y_GE65;ESP;Espagne;PT;Pourcentage de la population;_T;Total;65 ans et plus;20,298
2023;Y_LT15;ESP;Espagne;PS;Personnes;_T;Total;Moins de 15 ans;6479298,527
2023;Y_LT15;ESP;Espagne;PT;Pourcentage de la population;_T;Total;Moins de 15 ans;13,409
2023;Y_LT15;ESP;Espagne;PS;Personnes;F;Sexe feminin;Moins de 15 ans;3145115,886
2023;Y_LT15;ESP;Espagne;PT;Pourcentage de la population;F;Sexe feminin;Moins de 15 ans;12,765
2023;Y_LT15;ESP;Espagne;PS;Personnes;M;Sexe masculin;Moins de 15 ans;3334179,065
2023;Y_LT15;ESP;Espagne;PT;Pourcentage de la population;M;Sexe masculin;Moins de 15 ans;14,079
2024;Y15T64;ESP;Espagne;PS;Personnes;F;Sexe feminin;De 15 a 64 ans;16123372
2024;Y15T64;ESP;Espagne;PT;Pourcentage de la population;F;Sexe feminin;De 15 a 64 ans;64,808
2024;Y_GE65;ESP;Espagne;PS;Personnes;F;Sexe feminin;65 ans et plus;5665489
2024;Y_GE65;ESP;Espagne;PT;Pourcentage de la population;F;Sexe feminin;65 ans et plus;22,772
2024;Y_GE65;ESP;Espagne;PS;Personnes;M;Sexe masculin;65 ans et plus;4379448
2024;Y_GE65;ESP;Espagne;PT;Pourcentage de la population;M;Sexe masculin;65 ans et plus;18,302
2024;Y15T64;ESP;Espagne;PS;Personnes;M;Sexe masculin;De 15 a 64 ans;16273909
2024;Y15T64;ESP;Espagne;PT;Pourcentage de la population;M;Sexe masculin;De 15 a 64 ans;68,011
2024;Y_GE65;ESP;Espagne;PS;Personnes;_T;Total;65 ans et plus;10044937
2024;Y_GE65;ESP;Espagne;PT;Pourcentage de la population;_T;Total;65 ans et plus;20,581
2024;Y15T64;ESP;Espagne;PS;Personnes;_T;Total;De 15 a 64 ans;32397281
2024;Y15T64;ESP;Espagne;PT;Pourcentage de la population;_T;Total;De 15 a 64 ans;66,378
2024;Y_LT15;ESP;Espagne;PS;Personnes;_T;Total;Moins de 15 ans;6364938,736
2024;Y_LT15;ESP;Espagne;PT;Pourcentage de la population;_T;Total;Moins de 15 ans;13,041
2024;Y_LT15;ESP;Espagne;PS;Personnes;F;Sexe feminin;Moins de 15 ans;3089947,333
2024;Y_LT15;ESP;Espagne;PT;Pourcentage de la population;F;Sexe feminin;Moins de 15 ans;12,42
2024;Y_LT15;ESP;Espagne;PS;Personnes;M;Sexe masculin;Moins de 15 ans;3275071,075
2024;Y_LT15;ESP;Espagne;PT;Pourcentage de la population;M;Sexe masculin;Moins de 15 ans;13,687
2002;Y15T64;EST;Estonie;PS;Personnes;_T;Total;De 15 a 64 ans;933965
2002;Y15T64;EST;Estonie;PT;Pourcentage de la population;_T;Total;De 15 a 64 ans;67,711
2002;Y_GE65;EST;Estonie;PS;Personnes;_T;Total;65 ans et plus;215765
2002;Y_GE65;EST;Estonie;PT;Pourcentage de la population;_T;Total;65 ans et plus;15,643
2002;Y15T64;EST;Estonie;PS;Personnes;M;Sexe masculin;De 15 a 64 ans;452505
2002;Y15T64;EST;Estonie;PT;Pourcentage de la population;M;Sexe masculin;De 15 a 64 ans;70,468
2002;Y_GE65;EST;Estonie;PS;Personnes;M;Sexe masculin;65 ans et plus;71210
2002;Y_GE65;EST;Estonie;PT;Pourcentage de la population;M;Sexe masculin;65 ans et plus;11,089
2002;Y_GE65;EST;Estonie;PS;Personnes;F;Sexe feminin;65 ans et plus;144555
2002;Y_GE65;EST;Estonie;PT;Pourcentage de la population;F;Sexe feminin;65 ans et plus;19,609
2002;Y15T64;EST;Estonie;PS;Personnes;F;Sexe feminin;De 15 a 64 ans;481460
2002;Y15T64;EST;Estonie;PT;Pourcentage de la population;F;Sexe feminin;De 15 a 64 ans;65,309
2002;Y_LT15;EST;Estonie;PS;Personnes;_T;Total;Moins de 15 ans;229620,3945
2002;Y_LT15;EST;Estonie;PT;Pourcentage de la population;_T;Total;Moins de 15 ans;16,647
2002;Y_LT15;EST;Estonie;PS;Personnes;F;Sexe feminin;Moins de 15 ans;111192,6302
2002;Y_LT15;EST;Estonie;PT;Pourcentage de la population;F;Sexe feminin;Moins de 15 ans;15,083
2002;Y_LT15;EST;Estonie;PS;Personnes;M;Sexe masculin;Moins de 15 ans;118430,8024
2002;Y_LT15;EST;Estonie;PT;Pourcentage de la population;M;Sexe masculin;Moins de 15 ans;18,443
2003;Y15T64;EST;Estonie;PS;Personnes;_T;Total;De 15 a 64 ans;930255
2003;Y15T64;EST;Estonie;PT;Pourcentage de la population;_T;Total;De 15 a 64 ans;67,866
2003;Y_GE65;EST;Estonie;PS;Personnes;_T;Total;65 ans et plus;219565
2003;Y_GE65;EST;Estonie;PT;Pourcentage de la population;_T;Total;65 ans et plus;16,018
2003;Y15T64;EST;Estonie;PS;Personnes;M;Sexe masculin;De 15 a 64 ans;451350
2003;Y15T64;EST;Estonie;PT;Pourcentage de la population;M;Sexe masculin;De 15 a 64 ans;70,776
2003;Y_GE65;EST;Estonie;PS;Personnes;M;Sexe masculin;65 ans et plus;72645
2003;Y_GE65;EST;Estonie;PT;Pourcentage de la population;M;Sexe masculin;65 ans et plus;11,391
2003;Y_GE65;EST;Estonie;PS;Personnes;F;Sexe feminin;65 ans et plus;146920
2003;Y_GE65;EST;Estonie;PT;Pourcentage de la population;F;Sexe feminin;65 ans et plus;20,044
2003;Y15T64;EST;Estonie;PS;Personnes;F;Sexe feminin;De 15 a 64 ans;478905
2003;Y15T64;EST;Estonie;PT;Pourcentage de la population;F;Sexe feminin;De 15 a 64 ans;65,335
2003;Y_LT15;EST;Estonie;PS;Personnes;_T;Total;Moins de 15 ans;220905,2352
2003;Y_LT15;EST;Estonie;PT;Pourcentage de la population;_T;Total;Moins de 15 ans;16,116
2003;Y_LT15;EST;Estonie;PS;Personnes;F;Sexe feminin;Moins de 15 ans;107171,93
2003;Y_LT15;EST;Estonie;PT;Pourcentage de la population;F;Sexe feminin;Moins de 15 ans;14,621
2003;Y_LT15;EST;Estonie;PS;Personnes;M;Sexe masculin;Moins de 15 ans;113724,6076
2003;Y_LT15;EST;Estonie;PT;Pourcentage de la population;M;Sexe masculin;Moins de 15 ans;17,833
2004;Y15T64;EST;Estonie;PS;Personnes;_T;Total;De 15 a 64 ans;926635
2004;Y15T64;EST;Estonie;PT;Pourcentage de la population;_T;Total;De 15 a 64 ans;68,007
2004;Y_GE65;EST;Estonie;PS;Personnes;_T;Total;65 ans et plus;223200
2004;Y_GE65;EST;Estonie;PT;Pourcentage de la population;_T;Total;65 ans et plus;16,381
2004;Y15T64;EST;Estonie;PS;Personnes;M;Sexe masculin;De 15 a 64 ans;450205
2004;Y15T64;EST;Estonie;PT;Pourcentage de la population;M;Sexe masculin;De 15 a 64 ans;71,057
2004;Y_GE65;EST;Estonie;PS;Personnes;M;Sexe masculin;65 ans et plus;74005
2004;Y_GE65;EST;Estonie;PT;Pourcentage de la population;M;Sexe masculin;65 ans et plus;11,68
2004;Y_GE65;EST;Estonie;PS;Personnes;F;Sexe feminin;65 ans et plus;149195
2004;Y_GE65;EST;Estonie;PT;Pourcentage de la population;F;Sexe feminin;65 ans et plus;20,467
2004;Y15T64;EST;Estonie;PS;Personnes;F;Sexe feminin;De 15 a 64 ans;476430
2004;Y15T64;EST;Estonie;PT;Pourcentage de la population;F;Sexe feminin;De 15 a 64 ans;65,357
2004;Y_LT15;EST;Estonie;PS;Personnes;_T;Total;Moins de 15 ans;212721,306
2004;Y_LT15;EST;Estonie;PT;Pourcentage de la population;_T;Total;Moins de 15 ans;15,612
2004;Y_LT15;EST;Estonie;PS;Personnes;F;Sexe feminin;Moins de 15 ans;103346,0769
2004;Y_LT15;EST;Estonie;PT;Pourcentage de la population;F;Sexe feminin;Moins de 15 ans;14,177
2004;Y_LT15;EST;Estonie;PS;Personnes;M;Sexe masculin;Moins de 15 ans;109368,5796
2004;Y_LT15;EST;Estonie;PT;Pourcentage de la population;M;Sexe masculin;Moins de 15 ans;17,262
2005;Y15T64;EST;Estonie;PS;Personnes;_T;Total;De 15 a 64 ans;922260
2005;Y15T64;EST;Estonie;PT;Pourcentage de la population;_T;Total;De 15 a 64 ans;68,075
2005;Y_GE65;EST;Estonie;PS;Personnes;_T;Total;65 ans et plus;226505
2005;Y_GE65;EST;Estonie;PT;Pourcentage de la population;_T;Total;65 ans et plus;16,719
2005;Y15T64;EST;Estonie;PS;Personnes;M;Sexe masculin;De 15 a 64 ans;448720
2005;Y15T64;EST;Estonie;PT;Pourcentage de la population;M;Sexe masculin;De 15 a 64 ans;71,246
2005;Y_GE65;EST;Estonie;PS;Personnes;M;Sexe masculin;65 ans et plus;75225
2005;Y_GE65;EST;Estonie;PT;Pourcentage de la population;M;Sexe masculin;65 ans et plus;11,944
2005;Y_GE65;EST;Estonie;PS;Personnes;F;Sexe feminin;65 ans et plus;151280
2005;Y_GE65;EST;Estonie;PT;Pourcentage de la population;F;Sexe feminin;65 ans et plus;20,868
2005;Y15T64;EST;Estonie;PS;Personnes;F;Sexe feminin;De 15 a 64 ans;473540
2005;Y15T64;EST;Estonie;PT;Pourcentage de la population;F;Sexe feminin;De 15 a 64 ans;65,32
2005;Y_LT15;EST;Estonie;PS;Personnes;_T;Total;Moins de 15 ans;206007,0865
2005;Y_LT15;EST;Estonie;PT;Pourcentage de la population;_T;Total;Moins de 15 ans;15,206
2005;Y_LT15;EST;Estonie;PS;Personnes;F;Sexe feminin;Moins de 15 ans;100138,0342
2005;Y_LT15;EST;Estonie;PT;Pourcentage de la population;F;Sexe feminin;Moins de 15 ans;13,813
2005;Y_LT15;EST;Estonie;PS;Personnes;M;Sexe masculin;Moins de 15 ans;105872,742
2005;Y_LT15;EST;Estonie;PT;Pourcentage de la population;M;Sexe masculin;Moins de 15 ans;16,81
2006;Y15T64;EST;Estonie;PS;Personnes;_T;Total;De 15 a 64 ans;915360
2006;Y15T64;EST;Estonie;PT;Pourcentage de la population;_T;Total;De 15 a 64 ans;67,965
2006;Y_GE65;EST;Estonie;PS;Personnes;_T;Total;65 ans et plus;229990
2006;Y_GE65;EST;Estonie;PT;Pourcentage de la population;_T;Total;65 ans et plus;17,077
2006;Y15T64;EST;Estonie;PS;Personnes;M;Sexe masculin;De 15 a 64 ans;446045
2006;Y15T64;EST;Estonie;PT;Pourcentage de la population;M;Sexe masculin;De 15 a 64 ans;71,242
2006;Y_GE65;EST;Estonie;PS;Personnes;M;Sexe masculin;65 ans et plus;76465
2006;Y_GE65;EST;Estonie;PT;Pourcentage de la population;M;Sexe masculin;65 ans et plus;12,213
2006;Y_GE65;EST;Estonie;PS;Personnes;F;Sexe feminin;65 ans et plus;153525
2006;Y_GE65;EST;Estonie;PT;Pourcentage de la population;F;Sexe feminin;65 ans et plus;21,302
2006;Y15T64;EST;Estonie;PS;Personnes;F;Sexe feminin;De 15 a 64 ans;469315
2006;Y15T64;EST;Estonie;PT;Pourcentage de la population;F;Sexe feminin;De 15 a 64 ans;65,118
2006;Y_LT15;EST;Estonie;PS;Personnes;_T;Total;Moins de 15 ans;201455,8398
2006;Y_LT15;EST;Estonie;PT;Pourcentage de la population;_T;Total;Moins de 15 ans;14,958
2006;Y_LT15;EST;Estonie;PS;Personnes;F;Sexe feminin;Moins de 15 ans;97873,097
2006;Y_LT15;EST;Estonie;PT;Pourcentage de la population;F;Sexe feminin;Moins de 15 ans;13,58
2006;Y_LT15;EST;Estonie;PS;Personnes;M;Sexe masculin;Moins de 15 ans;103587,4178
2006;Y_LT15;EST;Estonie;PT;Pourcentage de la population;M;Sexe masculin;Moins de 15 ans;16,545
2007;Y15T64;EST;Estonie;PS;Personnes;_T;Total;De 15 a 64 ans;908660
2007;Y15T64;EST;Estonie;PT;Pourcentage de la population;_T;Total;De 15 a 64 ans;67,776
2007;Y_GE65;EST;Estonie;PS;Personnes;_T;Total;65 ans et plus;232885
2007;Y_GE65;EST;Estonie;PT;Pourcentage de la population;_T;Total;65 ans et plus;17,371
2007;Y15T64;EST;Estonie;PS;Personnes;M;Sexe masculin;De 15 a 64 ans;443285
2007;Y15T64;EST;Estonie;PT;Pourcentage de la population;M;Sexe masculin;De 15 a 64 ans;71,136
2007;Y_GE65;EST;Estonie;PS;Personnes;M;Sexe masculin;65 ans et plus;77450
2007;Y_GE65;EST;Estonie;PT;Pourcentage de la population;M;Sexe masculin;65 ans et plus;12,429
2007;Y_GE65;EST;Estonie;PS;Personnes;F;Sexe feminin;65 ans et plus;155435
2007;Y_GE65;EST;Estonie;PT;Pourcentage de la population;F;Sexe feminin;65 ans et plus;21,663
2007;Y15T64;EST;Estonie;PS;Personnes;F;Sexe feminin;De 15 a 64 ans;465375
2007;Y15T64;EST;Estonie;PT;Pourcentage de la population;F;Sexe feminin;De 15 a 64 ans;64,858
2007;Y_LT15;EST;Estonie;PS;Personnes;_T;Total;Moins de 15 ans;199131,2004
2007;Y_LT15;EST;Estonie;PT;Pourcentage de la population;_T;Total;Moins de 15 ans;14,853
2007;Y_LT15;EST;Estonie;PS;Personnes;F;Sexe feminin;Moins de 15 ans;96715,19475
2007;Y_LT15;EST;Estonie;PT;Pourcentage de la population;F;Sexe feminin;Moins de 15 ans;13,479
2007;Y_LT15;EST;Estonie;PS;Personnes;M;Sexe masculin;Moins de 15 ans;102421,7558
2007;Y_LT15;EST;Estonie;PT;Pourcentage de la population;M;Sexe masculin;Moins de 15 ans;16,436
2008;Y15T64;EST;Estonie;PS;Personnes;_T;Total;De 15 a 64 ans;904805
2008;Y15T64;EST;Estonie;PT;Pourcentage de la population;_T;Total;De 15 a 64 ans;67,67
2008;Y_GE65;EST;Estonie;PS;Personnes;_T;Total;65 ans et plus;233235
2008;Y_GE65;EST;Estonie;PT;Pourcentage de la population;_T;Total;65 ans et plus;17,443
2008;Y15T64;EST;Estonie;PS;Personnes;M;Sexe masculin;De 15 a 64 ans;441875
2008;Y15T64;EST;Estonie;PT;Pourcentage de la population;M;Sexe masculin;De 15 a 64 ans;71,077
2008;Y_GE65;EST;Estonie;PS;Personnes;M;Sexe masculin;65 ans et plus;77465
2008;Y_GE65;EST;Estonie;PT;Pourcentage de la population;M;Sexe masculin;65 ans et plus;12,46
2008;Y_GE65;EST;Estonie;PS;Personnes;F;Sexe feminin;65 ans et plus;155770
2008;Y_GE65;EST;Estonie;PT;Pourcentage de la population;F;Sexe feminin;65 ans et plus;21,774
2008;Y15T64;EST;Estonie;PS;Personnes;F;Sexe feminin;De 15 a 64 ans;462930
2008;Y15T64;EST;Estonie;PT;Pourcentage de la population;F;Sexe feminin;De 15 a 64 ans;64,709
2008;Y_LT15;EST;Estonie;PS;Personnes;_T;Total;Moins de 15 ans;199052,5883
2008;Y_LT15;EST;Estonie;PT;Pourcentage de la population;_T;Total;Moins de 15 ans;14,887
2008;Y_LT15;EST;Estonie;PS;Personnes;F;Sexe feminin;Moins de 15 ans;96708,4479
2008;Y_LT15;EST;Estonie;PT;Pourcentage de la population;F;Sexe feminin;Moins de 15 ans;13,518
2008;Y_LT15;EST;Estonie;PS;Personnes;M;Sexe masculin;Moins de 15 ans;102348,0016
2008;Y_LT15;EST;Estonie;PT;Pourcentage de la population;M;Sexe masculin;Moins de 15 ans;16,463
2009;Y15T64;EST;Estonie;PS;Personnes;_T;Total;De 15 a 64 ans;901230
2009;Y15T64;EST;Estonie;PT;Pourcentage de la population;_T;Total;De 15 a 64 ans;67,532
2009;Y_GE65;EST;Estonie;PS;Personnes;_T;Total;65 ans et plus;232630
2009;Y_GE65;EST;Estonie;PT;Pourcentage de la population;_T;Total;65 ans et plus;17,432
2009;Y15T64;EST;Estonie;PS;Personnes;M;Sexe masculin;De 15 a 64 ans;440750
2009;Y15T64;EST;Estonie;PT;Pourcentage de la population;M;Sexe masculin;De 15 a 64 ans;70,967
2009;Y_GE65;EST;Estonie;PS;Personnes;M;Sexe masculin;65 ans et plus;77145
2009;Y_GE65;EST;Estonie;PT;Pourcentage de la population;M;Sexe masculin;65 ans et plus;12,422
2009;Y_GE65;EST;Estonie;PS;Personnes;F;Sexe feminin;65 ans et plus;155485
2009;Y_GE65;EST;Estonie;PT;Pourcentage de la population;F;Sexe feminin;65 ans et plus;21,793
2009;Y15T64;EST;Estonie;PS;Personnes;F;Sexe feminin;De 15 a 64 ans;460480
2009;Y15T64;EST;Estonie;PT;Pourcentage de la population;F;Sexe feminin;De 15 a 64 ans;64,542
2009;Y_LT15;EST;Estonie;PS;Personnes;_T;Total;Moins de 15 ans;200657,6754
2009;Y_LT15;EST;Estonie;PT;Pourcentage de la population;_T;Total;Moins de 15 ans;15,036
2009;Y_LT15;EST;Estonie;PS;Personnes;F;Sexe feminin;Moins de 15 ans;97486,4912
2009;Y_LT15;EST;Estonie;PT;Pourcentage de la population;F;Sexe feminin;Moins de 15 ans;13,664
2009;Y_LT15;EST;Estonie;PS;Personnes;M;Sexe masculin;Moins de 15 ans;103164,2766
2009;Y_LT15;EST;Estonie;PT;Pourcentage de la population;M;Sexe masculin;Moins de 15 ans;16,611
2010;Y15T64;EST;Estonie;PS;Personnes;_T;Total;De 15 a 64 ans;896380
2010;Y15T64;EST;Estonie;PT;Pourcentage de la population;_T;Total;De 15 a 64 ans;67,322
2010;Y_GE65;EST;Estonie;PS;Personnes;_T;Total;65 ans et plus;232235
2010;Y_GE65;EST;Estonie;PT;Pourcentage de la population;_T;Total;65 ans et plus;17,442
2010;Y15T64;EST;Estonie;PS;Personnes;M;Sexe masculin;De 15 a 64 ans;438955
2010;Y15T64;EST;Estonie;PT;Pourcentage de la population;M;Sexe masculin;De 15 a 64 ans;70,771
2010;Y_GE65;EST;Estonie;PS;Personnes;M;Sexe masculin;65 ans et plus;76955
2010;Y_GE65;EST;Estonie;PT;Pourcentage de la population;M;Sexe masculin;65 ans et plus;12,407
2010;Y_GE65;EST;Estonie;PS;Personnes;F;Sexe feminin;65 ans et plus;155280
2010;Y_GE65;EST;Estonie;PT;Pourcentage de la population;F;Sexe feminin;65 ans et plus;21,833
2010;Y15T64;EST;Estonie;PS;Personnes;F;Sexe feminin;De 15 a 64 ans;457425
2010;Y15T64;EST;Estonie;PT;Pourcentage de la population;F;Sexe feminin;De 15 a 64 ans;64,315
2010;Y_LT15;EST;Estonie;PS;Personnes;_T;Total;Moins de 15 ans;202863,531
2010;Y_LT15;EST;Estonie;PT;Pourcentage de la population;_T;Total;Moins de 15 ans;15,236
2010;Y_LT15;EST;Estonie;PS;Personnes;F;Sexe feminin;Moins de 15 ans;98518,887
2010;Y_LT15;EST;Estonie;PT;Pourcentage de la population;F;Sexe feminin;Moins de 15 ans;13,852
2010;Y_LT15;EST;Estonie;PS;Personnes;M;Sexe masculin;Moins de 15 ans;104338,455
2010;Y_LT15;EST;Estonie;PT;Pourcentage de la population;M;Sexe masculin;Moins de 15 ans;16,822
2011;Y15T64;EST;Estonie;PS;Personnes;_T;Total;De 15 a 64 ans;889264
2011;Y15T64;EST;Estonie;PT;Pourcentage de la population;_T;Total;De 15 a 64 ans;66,991
2011;Y_GE65;EST;Estonie;PS;Personnes;_T;Total;65 ans et plus;233324
2011;Y_GE65;EST;Estonie;PT;Pourcentage de la population;_T;Total;65 ans et plus;17,577
2011;Y15T64;EST;Estonie;PS;Personnes;M;Sexe masculin;De 15 a 64 ans;436109
2011;Y15T64;EST;Estonie;PT;Pourcentage de la population;M;Sexe masculin;De 15 a 64 ans;70,463
2011;Y_GE65;EST;Estonie;PS;Personnes;M;Sexe masculin;65 ans et plus;77398
2011;Y_GE65;EST;Estonie;PT;Pourcentage de la population;M;Sexe masculin;65 ans et plus;12,505
2011;Y_GE65;EST;Estonie;PS;Personnes;F;Sexe feminin;65 ans et plus;155926
2011;Y_GE65;EST;Estonie;PT;Pourcentage de la population;F;Sexe feminin;65 ans et plus;22,007
2011;Y15T64;EST;Estonie;PS;Personnes;F;Sexe feminin;De 15 a 64 ans;453155
2011;Y15T64;EST;Estonie;PT;Pourcentage de la population;F;Sexe feminin;De 15 a 64 ans;63,958
2011;Y_LT15;EST;Estonie;PS;Personnes;_T;Total;Moins de 15 ans;204850,3865
2011;Y_LT15;EST;Estonie;PT;Pourcentage de la population;_T;Total;Moins de 15 ans;15,432
2011;Y_LT15;EST;Estonie;PS;Personnes;F;Sexe feminin;Moins de 15 ans;99440,782
2011;Y_LT15;EST;Estonie;PT;Pourcentage de la population;F;Sexe feminin;Moins de 15 ans;14,035
2011;Y_LT15;EST;Estonie;PS;Personnes;M;Sexe masculin;Moins de 15 ans;105414,2841
2011;Y_LT15;EST;Estonie;PT;Pourcentage de la population;M;Sexe masculin;Moins de 15 ans;17,032
2012;Y15T64;EST;Estonie;PS;Personnes;_T;Total;De 15 a 64 ans;880150
2012;Y15T64;EST;Estonie;PT;Pourcentage de la population;_T;Total;De 15 a 64 ans;66,542
2012;Y_GE65;EST;Estonie;PS;Personnes;_T;Total;65 ans et plus;236336
2012;Y_GE65;EST;Estonie;PT;Pourcentage de la population;_T;Total;65 ans et plus;17,868
2012;Y15T64;EST;Estonie;PS;Personnes;M;Sexe masculin;De 15 a 64 ans;432428
2012;Y15T64;EST;Estonie;PT;Pourcentage de la population;M;Sexe masculin;De 15 a 64 ans;70,068
2012;Y_GE65;EST;Estonie;PS;Personnes;M;Sexe masculin;65 ans et plus;78634
2012;Y_GE65;EST;Estonie;PT;Pourcentage de la population;M;Sexe masculin;65 ans et plus;12,741
2012;Y_GE65;EST;Estonie;PS;Personnes;F;Sexe feminin;65 ans et plus;157702
2012;Y_GE65;EST;Estonie;PT;Pourcentage de la population;F;Sexe feminin;65 ans et plus;22,352
2012;Y15T64;EST;Estonie;PS;Personnes;F;Sexe feminin;De 15 a 64 ans;447722
2012;Y15T64;EST;Estonie;PT;Pourcentage de la population;F;Sexe feminin;De 15 a 64 ans;63,458
2012;Y_LT15;EST;Estonie;PS;Personnes;_T;Total;Moins de 15 ans;206208,3064
2012;Y_LT15;EST;Estonie;PT;Pourcentage de la population;_T;Total;Moins de 15 ans;15,59
2012;Y_LT15;EST;Estonie;PS;Personnes;F;Sexe feminin;Moins de 15 ans;100116,5517
2012;Y_LT15;EST;Estonie;PT;Pourcentage de la population;F;Sexe feminin;Moins de 15 ans;14,19
2012;Y_LT15;EST;Estonie;PS;Personnes;M;Sexe masculin;Moins de 15 ans;106088,6007
2012;Y_LT15;EST;Estonie;PT;Pourcentage de la population;M;Sexe masculin;Moins de 15 ans;17,19
2013;Y15T64;EST;Estonie;PS;Personnes;_T;Total;De 15 a 64 ans;870656
2013;Y15T64;EST;Estonie;PT;Pourcentage de la population;_T;Total;De 15 a 64 ans;66,059
2013;Y_GE65;EST;Estonie;PS;Personnes;_T;Total;65 ans et plus;239918
2013;Y_GE65;EST;Estonie;PT;Pourcentage de la population;_T;Total;65 ans et plus;18,203
2013;Y15T64;EST;Estonie;PS;Personnes;M;Sexe masculin;De 15 a 64 ans;428714
2013;Y15T64;EST;Estonie;PT;Pourcentage de la population;M;Sexe masculin;De 15 a 64 ans;69,648
2013;Y_GE65;EST;Estonie;PS;Personnes;M;Sexe masculin;65 ans et plus;80189
2013;Y_GE65;EST;Estonie;PT;Pourcentage de la population;M;Sexe masculin;65 ans et plus;13,027
2013;Y_GE65;EST;Estonie;PS;Personnes;F;Sexe feminin;65 ans et plus;159729
2013;Y_GE65;EST;Estonie;PT;Pourcentage de la population;F;Sexe feminin;65 ans et plus;22,739
2013;Y15T64;EST;Estonie;PS;Personnes;F;Sexe feminin;De 15 a 64 ans;441942
2013;Y15T64;EST;Estonie;PT;Pourcentage de la population;F;Sexe feminin;De 15 a 64 ans;62,914
2013;Y_LT15;EST;Estonie;PS;Personnes;_T;Total;Moins de 15 ans;207426,3679
2013;Y_LT15;EST;Estonie;PT;Pourcentage de la population;_T;Total;Moins de 15 ans;15,738
2013;Y_LT15;EST;Estonie;PS;Personnes;F;Sexe feminin;Moins de 15 ans;100781,0754
2013;Y_LT15;EST;Estonie;PT;Pourcentage de la population;F;Sexe feminin;Moins de 15 ans;14,347
2013;Y_LT15;EST;Estonie;PS;Personnes;M;Sexe masculin;Moins de 15 ans;106642,8248
2013;Y_LT15;EST;Estonie;PT;Pourcentage de la population;M;Sexe masculin;Moins de 15 ans;17,325
2014;Y15T64;EST;Estonie;PS;Personnes;_T;Total;De 15 a 64 ans;861667
2014;Y15T64;EST;Estonie;PT;Pourcentage de la population;_T;Total;De 15 a 64 ans;65,549
2014;Y_GE65;EST;Estonie;PS;Personnes;_T;Total;65 ans et plus;244067
2014;Y_GE65;EST;Estonie;PT;Pourcentage de la population;_T;Total;65 ans et plus;18,567
2014;Y15T64;EST;Estonie;PS;Personnes;M;Sexe masculin;De 15 a 64 ans;425344
2014;Y15T64;EST;Estonie;PT;Pourcentage de la population;M;Sexe masculin;De 15 a 64 ans;69,201
2014;Y_GE65;EST;Estonie;PS;Personnes;M;Sexe masculin;65 ans et plus;82009
2014;Y_GE65;EST;Estonie;PT;Pourcentage de la population;M;Sexe masculin;65 ans et plus;13,342
2014;Y_GE65;EST;Estonie;PS;Personnes;F;Sexe feminin;65 ans et plus;162058
2014;Y_GE65;EST;Estonie;PT;Pourcentage de la population;F;Sexe feminin;65 ans et plus;23,155
2014;Y15T64;EST;Estonie;PS;Personnes;F;Sexe feminin;De 15 a 64 ans;436323
2014;Y15T64;EST;Estonie;PT;Pourcentage de la population;F;Sexe feminin;De 15 a 64 ans;62,342
2014;Y_LT15;EST;Estonie;PS;Personnes;_T;Total;Moins de 15 ans;208815,4733
2014;Y_LT15;EST;Estonie;PT;Pourcentage de la population;_T;Total;Moins de 15 ans;15,885
2014;Y_LT15;EST;Estonie;PS;Personnes;F;Sexe feminin;Moins de 15 ans;101512,1906
2014;Y_LT15;EST;Estonie;PT;Pourcentage de la population;F;Sexe feminin;Moins de 15 ans;14,504
2014;Y_LT15;EST;Estonie;PS;Personnes;M;Sexe masculin;Moins de 15 ans;107300,1488
2014;Y_LT15;EST;Estonie;PT;Pourcentage de la population;M;Sexe masculin;Moins de 15 ans;17,457
2015;Y15T64;EST;Estonie;PS;Personnes;_T;Total;De 15 a 64 ans;855750
2015;Y15T64;EST;Estonie;PT;Pourcentage de la population;_T;Total;De 15 a 64 ans;65,095
2015;Y_GE65;EST;Estonie;PS;Personnes;_T;Total;65 ans et plus;248337
2015;Y_GE65;EST;Estonie;PT;Pourcentage de la population;_T;Total;65 ans et plus;18,891
2015;Y15T64;EST;Estonie;PS;Personnes;M;Sexe masculin;De 15 a 64 ans;423583
2015;Y15T64;EST;Estonie;PT;Pourcentage de la population;M;Sexe masculin;De 15 a 64 ans;68,814
2015;Y_GE65;EST;Estonie;PS;Personnes;M;Sexe masculin;65 ans et plus;83892
2015;Y_GE65;EST;Estonie;PT;Pourcentage de la population;M;Sexe masculin;65 ans et plus;13,629
2015;Y_GE65;EST;Estonie;PS;Personnes;F;Sexe feminin;65 ans et plus;164445
2015;Y_GE65;EST;Estonie;PT;Pourcentage de la population;F;Sexe feminin;65 ans et plus;23,524
2015;Y15T64;EST;Estonie;PS;Personnes;F;Sexe feminin;De 15 a 64 ans;432167
2015;Y15T64;EST;Estonie;PT;Pourcentage de la population;F;Sexe feminin;De 15 a 64 ans;61,821
2015;Y_LT15;EST;Estonie;PS;Personnes;_T;Total;Moins de 15 ans;210521,3251
2015;Y_LT15;EST;Estonie;PT;Pourcentage de la population;_T;Total;Moins de 15 ans;16,014
2015;Y_LT15;EST;Estonie;PS;Personnes;F;Sexe feminin;Moins de 15 ans;102447,0965
2015;Y_LT15;EST;Estonie;PT;Pourcentage de la population;F;Sexe feminin;Moins de 15 ans;14,655
2015;Y_LT15;EST;Estonie;PS;Personnes;M;Sexe masculin;Moins de 15 ans;108071,9379
2015;Y_LT15;EST;Estonie;PT;Pourcentage de la population;M;Sexe masculin;Moins de 15 ans;17,557
2016;Y15T64;EST;Estonie;PS;Personnes;_T;Total;De 15 a 64 ans;850864
2016;Y15T64;EST;Estonie;PT;Pourcentage de la population;_T;Total;De 15 a 64 ans;64,666
2016;Y_GE65;EST;Estonie;PS;Personnes;_T;Total;65 ans et plus;252399
2016;Y_GE65;EST;Estonie;PT;Pourcentage de la population;_T;Total;65 ans et plus;19,182
2016;Y15T64;EST;Estonie;PS;Personnes;M;Sexe masculin;De 15 a 64 ans;422397
2016;Y15T64;EST;Estonie;PT;Pourcentage de la population;M;Sexe masculin;De 15 a 64 ans;68,446
2016;Y_GE65;EST;Estonie;PS;Personnes;M;Sexe masculin;65 ans et plus;85667
2016;Y_GE65;EST;Estonie;PT;Pourcentage de la population;M;Sexe masculin;65 ans et plus;13,882
2016;Y_GE65;EST;Estonie;PS;Personnes;F;Sexe feminin;65 ans et plus;166732
2016;Y_GE65;EST;Estonie;PT;Pourcentage de la population;F;Sexe feminin;65 ans et plus;23,864
2016;Y15T64;EST;Estonie;PS;Personnes;F;Sexe feminin;De 15 a 64 ans;428467
2016;Y15T64;EST;Estonie;PT;Pourcentage de la population;F;Sexe feminin;De 15 a 64 ans;61,326
2016;Y_LT15;EST;Estonie;PS;Personnes;_T;Total;Moins de 15 ans;212526,4008
2016;Y_LT15;EST;Estonie;PT;Pourcentage de la population;_T;Total;Moins de 15 ans;16,152
2016;Y_LT15;EST;Estonie;PS;Personnes;F;Sexe feminin;Moins de 15 ans;103465,596
2016;Y_LT15;EST;Estonie;PT;Pourcentage de la population;F;Sexe feminin;Moins de 15 ans;14,809
2016;Y_LT15;EST;Estonie;PS;Personnes;M;Sexe masculin;Moins de 15 ans;109057,9766
2016;Y_LT15;EST;Estonie;PT;Pourcentage de la population;M;Sexe masculin;Moins de 15 ans;17,672
2017;Y15T64;EST;Estonie;PS;Personnes;_T;Total;De 15 a 64 ans;846537
2017;Y15T64;EST;Estonie;PT;Pourcentage de la population;_T;Total;De 15 a 64 ans;64,259
2017;Y_GE65;EST;Estonie;PS;Personnes;_T;Total;65 ans et plus;256429
2017;Y_GE65;EST;Estonie;PT;Pourcentage de la population;_T;Total;65 ans et plus;19,465
2017;Y15T64;EST;Estonie;PS;Personnes;M;Sexe masculin;De 15 a 64 ans;421669
2017;Y15T64;EST;Estonie;PT;Pourcentage de la population;M;Sexe masculin;De 15 a 64 ans;68,087
2017;Y_GE65;EST;Estonie;PS;Personnes;M;Sexe masculin;65 ans et plus;87470
2017;Y_GE65;EST;Estonie;PT;Pourcentage de la population;M;Sexe masculin;65 ans et plus;14,124
2017;Y_GE65;EST;Estonie;PS;Personnes;F;Sexe feminin;65 ans et plus;168959
2017;Y_GE65;EST;Estonie;PT;Pourcentage de la population;F;Sexe feminin;65 ans et plus;24,204
2017;Y15T64;EST;Estonie;PS;Personnes;F;Sexe feminin;De 15 a 64 ans;424868
2017;Y15T64;EST;Estonie;PT;Pourcentage de la population;F;Sexe feminin;De 15 a 64 ans;60,863
2017;Y_LT15;EST;Estonie;PS;Personnes;_T;Total;Moins de 15 ans;214417,4198
2017;Y_LT15;EST;Estonie;PT;Pourcentage de la population;_T;Total;Moins de 15 ans;16,276
2017;Y_LT15;EST;Estonie;PS;Personnes;F;Sexe feminin;Moins de 15 ans;104243,2411
2017;Y_LT15;EST;Estonie;PT;Pourcentage de la population;F;Sexe feminin;Moins de 15 ans;14,933
2017;Y_LT15;EST;Estonie;PS;Personnes;M;Sexe masculin;Moins de 15 ans;110169,2338
2017;Y_LT15;EST;Estonie;PT;Pourcentage de la population;M;Sexe masculin;Moins de 15 ans;17,789
2018;Y15T64;EST;Estonie;PS;Personnes;_T;Total;De 15 a 64 ans;845537
2018;Y15T64;EST;Estonie;PT;Pourcentage de la population;_T;Total;De 15 a 64 ans;63,96
2018;Y_GE65;EST;Estonie;PS;Personnes;_T;Total;65 ans et plus;260115
2018;Y_GE65;EST;Estonie;PT;Pourcentage de la population;_T;Total;65 ans et plus;19,676
2018;Y15T64;EST;Estonie;PS;Personnes;M;Sexe masculin;De 15 a 64 ans;422821
2018;Y15T64;EST;Estonie;PT;Pourcentage de la population;M;Sexe masculin;De 15 a 64 ans;67,829
2018;Y_GE65;EST;Estonie;PS;Personnes;M;Sexe masculin;65 ans et plus;89287
2018;Y_GE65;EST;Estonie;PT;Pourcentage de la population;M;Sexe masculin;65 ans et plus;14,324
2018;Y_GE65;EST;Estonie;PS;Personnes;F;Sexe feminin;65 ans et plus;170828
2018;Y_GE65;EST;Estonie;PT;Pourcentage de la population;F;Sexe feminin;65 ans et plus;24,452
2018;Y15T64;EST;Estonie;PS;Personnes;F;Sexe feminin;De 15 a 64 ans;422716
2018;Y15T64;EST;Estonie;PT;Pourcentage de la population;F;Sexe feminin;De 15 a 64 ans;60,508
2018;Y_LT15;EST;Estonie;PS;Personnes;_T;Total;Moins de 15 ans;216328,3163
2018;Y_LT15;EST;Estonie;PT;Pourcentage de la population;_T;Total;Moins de 15 ans;16,364
2018;Y_LT15;EST;Estonie;PS;Personnes;F;Sexe feminin;Moins de 15 ans;105071,9968
2018;Y_LT15;EST;Estonie;PT;Pourcentage de la population;F;Sexe feminin;Moins de 15 ans;15,04
2018;Y_LT15;EST;Estonie;PS;Personnes;M;Sexe masculin;Moins de 15 ans;111251,0592
2018;Y_LT15;EST;Estonie;PT;Pourcentage de la population;M;Sexe masculin;Moins de 15 ans;17,847
2019;Y15T64;EST;Estonie;PS;Personnes;_T;Total;De 15 a 64 ans;844767
2019;Y15T64;EST;Estonie;PT;Pourcentage de la population;_T;Total;De 15 a 64 ans;63,667
2019;Y_GE65;EST;Estonie;PS;Personnes;_T;Total;65 ans et plus;264025
2019;Y_GE65;EST;Estonie;PT;Pourcentage de la population;_T;Total;65 ans et plus;19,899
2019;Y15T64;EST;Estonie;PS;Personnes;M;Sexe masculin;De 15 a 64 ans;424071
2019;Y15T64;EST;Estonie;PT;Pourcentage de la population;M;Sexe masculin;De 15 a 64 ans;67,587
2019;Y_GE65;EST;Estonie;PS;Personnes;M;Sexe masculin;65 ans et plus;91235
2019;Y_GE65;EST;Estonie;PT;Pourcentage de la population;M;Sexe masculin;65 ans et plus;14,541
2019;Y_GE65;EST;Estonie;PS;Personnes;F;Sexe feminin;65 ans et plus;172790
2019;Y_GE65;EST;Estonie;PT;Pourcentage de la population;F;Sexe feminin;65 ans et plus;24,705
2019;Y15T64;EST;Estonie;PS;Personnes;F;Sexe feminin;De 15 a 64 ans;420696
2019;Y15T64;EST;Estonie;PT;Pourcentage de la population;F;Sexe feminin;De 15 a 64 ans;60,15
2019;Y_LT15;EST;Estonie;PS;Personnes;_T;Total;Moins de 15 ans;218068,6193
2019;Y_LT15;EST;Estonie;PT;Pourcentage de la population;_T;Total;Moins de 15 ans;16,435
2019;Y_LT15;EST;Estonie;PS;Personnes;F;Sexe feminin;Moins de 15 ans;105926,2503
2019;Y_LT15;EST;Estonie;PT;Pourcentage de la population;F;Sexe feminin;Moins de 15 ans;15,145
2019;Y_LT15;EST;Estonie;PS;Personnes;M;Sexe masculin;Moins de 15 ans;112136,2555
2019;Y_LT15;EST;Estonie;PT;Pourcentage de la population;M;Sexe masculin;Moins de 15 ans;17,872
2020;Y15T64;EST;Estonie;PS;Personnes;_T;Total;De 15 a 64 ans;842472
2020;Y15T64;EST;Estonie;PT;Pourcentage de la population;_T;Total;De 15 a 64 ans;63,369
2020;Y_GE65;EST;Estonie;PS;Personnes;_T;Total;65 ans et plus;268421
2020;Y_GE65;EST;Estonie;PT;Pourcentage de la population;_T;Total;65 ans et plus;20,19
2020;Y15T64;EST;Estonie;PS;Personnes;M;Sexe masculin;De 15 a 64 ans;424375
2020;Y15T64;EST;Estonie;PT;Pourcentage de la population;M;Sexe masculin;De 15 a 64 ans;67,352
2020;Y_GE65;EST;Estonie;PS;Personnes;M;Sexe masculin;65 ans et plus;93406
2020;Y_GE65;EST;Estonie;PT;Pourcentage de la population;M;Sexe masculin;65 ans et plus;14,824
2020;Y_GE65;EST;Estonie;PS;Personnes;F;Sexe feminin;65 ans et plus;175015
2020;Y_GE65;EST;Estonie;PT;Pourcentage de la population;F;Sexe feminin;65 ans et plus;25,024
2020;Y15T64;EST;Estonie;PS;Personnes;F;Sexe feminin;De 15 a 64 ans;418097
2020;Y15T64;EST;Estonie;PT;Pourcentage de la population;F;Sexe feminin;De 15 a 64 ans;59,78
2020;Y_LT15;EST;Estonie;PS;Personnes;_T;Total;Moins de 15 ans;218579,6424
2020;Y_LT15;EST;Estonie;PT;Pourcentage de la population;_T;Total;Moins de 15 ans;16,441
2020;Y_LT15;EST;Estonie;PS;Personnes;F;Sexe feminin;Moins de 15 ans;106287,5141
2020;Y_LT15;EST;Estonie;PT;Pourcentage de la population;F;Sexe feminin;Moins de 15 ans;15,197
2020;Y_LT15;EST;Estonie;PS;Personnes;M;Sexe masculin;Moins de 15 ans;112299,3366
2020;Y_LT15;EST;Estonie;PT;Pourcentage de la population;M;Sexe masculin;Moins de 15 ans;17,823
2021;Y15T64;EST;Estonie;PS;Personnes;_T;Total;De 15 a 64 ans;841403
2021;Y15T64;EST;Estonie;PT;Pourcentage de la population;_T;Total;De 15 a 64 ans;63,219
2021;Y_GE65;EST;Estonie;PS;Personnes;_T;Total;65 ans et plus;271394
2021;Y_GE65;EST;Estonie;PT;Pourcentage de la population;_T;Total;65 ans et plus;20,391
2021;Y15T64;EST;Estonie;PS;Personnes;M;Sexe masculin;De 15 a 64 ans;425276
2021;Y15T64;EST;Estonie;PT;Pourcentage de la population;M;Sexe masculin;De 15 a 64 ans;67,273
2021;Y_GE65;EST;Estonie;PS;Personnes;M;Sexe masculin;65 ans et plus;94961
2021;Y_GE65;EST;Estonie;PT;Pourcentage de la population;M;Sexe masculin;65 ans et plus;15,022
2021;Y_GE65;EST;Estonie;PS;Personnes;F;Sexe feminin;65 ans et plus;176433
2021;Y_GE65;EST;Estonie;PT;Pourcentage de la population;F;Sexe feminin;65 ans et plus;25,249
2021;Y15T64;EST;Estonie;PS;Personnes;F;Sexe feminin;De 15 a 64 ans;416127
2021;Y15T64;EST;Estonie;PT;Pourcentage de la population;F;Sexe feminin;De 15 a 64 ans;59,552
2021;Y_LT15;EST;Estonie;PS;Personnes;_T;Total;Moins de 15 ans;218139,7548
2021;Y_LT15;EST;Estonie;PT;Pourcentage de la population;_T;Total;Moins de 15 ans;16,39
2021;Y_LT15;EST;Estonie;PS;Personnes;F;Sexe feminin;Moins de 15 ans;106205,5963
2021;Y_LT15;EST;Estonie;PT;Pourcentage de la population;F;Sexe feminin;Moins de 15 ans;15,199
2021;Y_LT15;EST;Estonie;PS;Personnes;M;Sexe masculin;Moins de 15 ans;111931,1349
2021;Y_LT15;EST;Estonie;PT;Pourcentage de la population;M;Sexe masculin;Moins de 15 ans;17,706
2022;Y15T64;EST;Estonie;PS;Personnes;_T;Total;De 15 a 64 ans;853681
2022;Y15T64;EST;Estonie;PT;Pourcentage de la population;_T;Total;De 15 a 64 ans;63,29
2022;Y_GE65;EST;Estonie;PS;Personnes;_T;Total;65 ans et plus;274300
2022;Y_GE65;EST;Estonie;PT;Pourcentage de la population;_T;Total;65 ans et plus;20,336
2022;Y15T64;EST;Estonie;PS;Personnes;M;Sexe masculin;De 15 a 64 ans;430846
2022;Y15T64;EST;Estonie;PT;Pourcentage de la population;M;Sexe masculin;De 15 a 64 ans;67,279
2022;Y_GE65;EST;Estonie;PS;Personnes;M;Sexe masculin;65 ans et plus;96329
2022;Y_GE65;EST;Estonie;PT;Pourcentage de la population;M;Sexe masculin;65 ans et plus;15,042
2022;Y_GE65;EST;Estonie;PS;Personnes;F;Sexe feminin;65 ans et plus;177971
2022;Y_GE65;EST;Estonie;PT;Pourcentage de la population;F;Sexe feminin;65 ans et plus;25,121
2022;Y15T64;EST;Estonie;PS;Personnes;F;Sexe feminin;De 15 a 64 ans;422835
2022;Y15T64;EST;Estonie;PT;Pourcentage de la population;F;Sexe feminin;De 15 a 64 ans;59,685
2022;Y_LT15;EST;Estonie;PS;Personnes;_T;Total;Moins de 15 ans;220859,0616
2022;Y_LT15;EST;Estonie;PT;Pourcentage de la population;_T;Total;Moins de 15 ans;16,374
2022;Y_LT15;EST;Estonie;PS;Personnes;F;Sexe feminin;Moins de 15 ans;107641,7411
2022;Y_LT15;EST;Estonie;PT;Pourcentage de la population;F;Sexe feminin;Moins de 15 ans;15,194
2022;Y_LT15;EST;Estonie;PS;Personnes;M;Sexe masculin;Moins de 15 ans;113214,7249
2022;Y_LT15;EST;Estonie;PT;Pourcentage de la population;M;Sexe masculin;Moins de 15 ans;17,679
2023;Y_GE65;EST;Estonie;PS;Personnes;F;Sexe feminin;65 ans et plus;180576
2023;Y_GE65;EST;Estonie;PT;Pourcentage de la population;F;Sexe feminin;65 ans et plus;25,052
2023;Y15T64;EST;Estonie;PS;Personnes;F;Sexe feminin;De 15 a 64 ans;431867
2023;Y15T64;EST;Estonie;PT;Pourcentage de la population;F;Sexe feminin;De 15 a 64 ans;59,915
2023;Y_GE65;EST;Estonie;PS;Personnes;M;Sexe masculin;65 ans et plus;98381
2023;Y_GE65;EST;Estonie;PT;Pourcentage de la population;M;Sexe masculin;65 ans et plus;15,147
2023;Y15T64;EST;Estonie;PS;Personnes;M;Sexe masculin;De 15 a 64 ans;437338
2023;Y15T64;EST;Estonie;PT;Pourcentage de la population;M;Sexe masculin;De 15 a 64 ans;67,336
2023;Y15T64;EST;Estonie;PS;Personnes;_T;Total;De 15 a 64 ans;869205
2023;Y15T64;EST;Estonie;PT;Pourcentage de la population;_T;Total;De 15 a 64 ans;63,432
2023;Y_GE65;EST;Estonie;PS;Personnes;_T;Total;65 ans et plus;278957
2023;Y_GE65;EST;Estonie;PT;Pourcentage de la population;_T;Total;65 ans et plus;20,358
2023;Y_LT15;EST;Estonie;PS;Personnes;_T;Total;Moins de 15 ans;222123,3606
2023;Y_LT15;EST;Estonie;PT;Pourcentage de la population;_T;Total;Moins de 15 ans;16,21
2023;Y_LT15;EST;Estonie;PS;Personnes;F;Sexe feminin;Moins de 15 ans;108350,0547
2023;Y_LT15;EST;Estonie;PT;Pourcentage de la population;F;Sexe feminin;Moins de 15 ans;15,032
2023;Y_LT15;EST;Estonie;PS;Personnes;M;Sexe masculin;Moins de 15 ans;113771,1633
2023;Y_LT15;EST;Estonie;PT;Pourcentage de la population;M;Sexe masculin;Moins de 15 ans;17,517
2024;Y_GE65;EST;Estonie;PS;Personnes;F;Sexe feminin;65 ans et plus;183213
2024;Y_GE65;EST;Estonie;PT;Pourcentage de la population;F;Sexe feminin;65 ans et plus;25,388
2024;Y15T64;EST;Estonie;PS;Personnes;F;Sexe feminin;De 15 a 64 ans;432583
2024;Y15T64;EST;Estonie;PT;Pourcentage de la population;F;Sexe feminin;De 15 a 64 ans;59,943
2024;Y_GE65;EST;Estonie;PS;Personnes;M;Sexe masculin;65 ans et plus;100739
2024;Y_GE65;EST;Estonie;PT;Pourcentage de la population;M;Sexe masculin;65 ans et plus;15,482
2024;Y15T64;EST;Estonie;PS;Personnes;M;Sexe masculin;De 15 a 64 ans;438778
2024;Y15T64;EST;Estonie;PT;Pourcentage de la population;M;Sexe masculin;De 15 a 64 ans;67,433
2024;Y_GE65;EST;Estonie;PS;Personnes;_T;Total;65 ans et plus;283952
2024;Y_GE65;EST;Estonie;PT;Pourcentage de la population;_T;Total;65 ans et plus;20,691
2024;Y15T64;EST;Estonie;PS;Personnes;_T;Total;De 15 a 64 ans;871361
2024;Y15T64;EST;Estonie;PT;Pourcentage de la population;_T;Total;De 15 a 64 ans;63,494
2024;Y_LT15;EST;Estonie;PS;Personnes;_T;Total;Moins de 15 ans;217022,0057
2024;Y_LT15;EST;Estonie;PT;Pourcentage de la population;_T;Total;Moins de 15 ans;15,814
2024;Y_LT15;EST;Estonie;PS;Personnes;F;Sexe feminin;Moins de 15 ans;105860,012
2024;Y_LT15;EST;Estonie;PT;Pourcentage de la population;F;Sexe feminin;Moins de 15 ans;14,669
2024;Y_LT15;EST;Estonie;PS;Personnes;M;Sexe masculin;Moins de 15 ans;111169,1906
2024;Y_LT15;EST;Estonie;PT;Pourcentage de la population;M;Sexe masculin;Moins de 15 ans;17,085
2002;Y15T64;FIN;Finlande;PS;Personnes;_T;Total;De 15 a 64 ans;3478330
2002;Y15T64;FIN;Finlande;PT;Pourcentage de la population;_T;Total;De 15 a 64 ans;66,883
2002;Y_GE65;FIN;Finlande;PS;Personnes;_T;Total;65 ans et plus;792969
2002;Y_GE65;FIN;Finlande;PT;Pourcentage de la population;_T;Total;65 ans et plus;15,248
2002;Y15T64;FIN;Finlande;PS;Personnes;M;Sexe masculin;De 15 a 64 ans;1757947
2002;Y15T64;FIN;Finlande;PT;Pourcentage de la population;M;Sexe masculin;De 15 a 64 ans;69,176
2002;Y_GE65;FIN;Finlande;PS;Personnes;M;Sexe masculin;65 ans et plus;308899
2002;Y_GE65;FIN;Finlande;PT;Pourcentage de la population;M;Sexe masculin;65 ans et plus;12,155
2002;Y_GE65;FIN;Finlande;PS;Personnes;F;Sexe feminin;65 ans et plus;484070
2002;Y_GE65;FIN;Finlande;PT;Pourcentage de la population;F;Sexe feminin;65 ans et plus;18,203
2002;Y15T64;FIN;Finlande;PS;Personnes;F;Sexe feminin;De 15 a 64 ans;1720383
2002;Y15T64;FIN;Finlande;PT;Pourcentage de la population;F;Sexe feminin;De 15 a 64 ans;64,692
2002;Y_LT15;FIN;Finlande;PS;Personnes;_T;Total;Moins de 15 ans;929294,8566
2002;Y_LT15;FIN;Finlande;PT;Pourcentage de la population;_T;Total;Moins de 15 ans;17,869
2002;Y_LT15;FIN;Finlande;PS;Personnes;F;Sexe feminin;Moins de 15 ans;454880,2781
2002;Y_LT15;FIN;Finlande;PT;Pourcentage de la population;F;Sexe feminin;Moins de 15 ans;17,105
2002;Y_LT15;FIN;Finlande;PS;Personnes;M;Sexe masculin;Moins de 15 ans;474401,8568
2002;Y_LT15;FIN;Finlande;PT;Pourcentage de la population;M;Sexe masculin;Moins de 15 ans;18,668
2003;Y15T64;FIN;Finlande;PS;Personnes;_T;Total;De 15 a 64 ans;3483578
2003;Y15T64;FIN;Finlande;PT;Pourcentage de la population;_T;Total;De 15 a 64 ans;66,825
2003;Y_GE65;FIN;Finlande;PS;Personnes;_T;Total;65 ans et plus;805880
2003;Y_GE65;FIN;Finlande;PT;Pourcentage de la population;_T;Total;65 ans et plus;15,459
2003;Y15T64;FIN;Finlande;PS;Personnes;M;Sexe masculin;De 15 a 64 ans;1760620
2003;Y15T64;FIN;Finlande;PT;Pourcentage de la population;M;Sexe masculin;De 15 a 64 ans;69,074
2003;Y_GE65;FIN;Finlande;PS;Personnes;M;Sexe masculin;65 ans et plus;316780
2003;Y_GE65;FIN;Finlande;PT;Pourcentage de la population;M;Sexe masculin;65 ans et plus;12,428
2003;Y_GE65;FIN;Finlande;PS;Personnes;F;Sexe feminin;65 ans et plus;489100
2003;Y_GE65;FIN;Finlande;PT;Pourcentage de la population;F;Sexe feminin;65 ans et plus;18,359
2003;Y15T64;FIN;Finlande;PS;Personnes;F;Sexe feminin;De 15 a 64 ans;1722958
2003;Y15T64;FIN;Finlande;PT;Pourcentage de la population;F;Sexe feminin;De 15 a 64 ans;64,673
2003;Y_LT15;FIN;Finlande;PS;Personnes;_T;Total;Moins de 15 ans;923536,8516
2003;Y_LT15;FIN;Finlande;PT;Pourcentage de la population;_T;Total;Moins de 15 ans;17,716
2003;Y_LT15;FIN;Finlande;PS;Personnes;F;Sexe feminin;Moins de 15 ans;452045,5061
2003;Y_LT15;FIN;Finlande;PT;Pourcentage de la population;F;Sexe feminin;Moins de 15 ans;16,968
2003;Y_LT15;FIN;Finlande;PS;Personnes;M;Sexe masculin;Moins de 15 ans;471496,2619
2003;Y_LT15;FIN;Finlande;PT;Pourcentage de la population;M;Sexe masculin;Moins de 15 ans;18,498
2004;Y15T64;FIN;Finlande;PS;Personnes;_T;Total;De 15 a 64 ans;3488774
2004;Y15T64;FIN;Finlande;PT;Pourcentage de la population;_T;Total;De 15 a 64 ans;66,73
2004;Y_GE65;FIN;Finlande;PS;Personnes;_T;Total;65 ans et plus;822069
2004;Y_GE65;FIN;Finlande;PT;Pourcentage de la population;_T;Total;65 ans et plus;15,724
2004;Y15T64;FIN;Finlande;PS;Personnes;M;Sexe masculin;De 15 a 64 ans;1763268
2004;Y15T64;FIN;Finlande;PT;Pourcentage de la population;M;Sexe masculin;De 15 a 64 ans;68,945
2004;Y_GE65;FIN;Finlande;PS;Personnes;M;Sexe masculin;65 ans et plus;325929
2004;Y_GE65;FIN;Finlande;PT;Pourcentage de la population;M;Sexe masculin;65 ans et plus;12,744
2004;Y_GE65;FIN;Finlande;PS;Personnes;F;Sexe feminin;65 ans et plus;496140
2004;Y_GE65;FIN;Finlande;PT;Pourcentage de la population;F;Sexe feminin;65 ans et plus;18,577
2004;Y15T64;FIN;Finlande;PS;Personnes;F;Sexe feminin;De 15 a 64 ans;1725506
2004;Y15T64;FIN;Finlande;PT;Pourcentage de la population;F;Sexe feminin;De 15 a 64 ans;64,609
2004;Y_LT15;FIN;Finlande;PS;Personnes;_T;Total;Moins de 15 ans;917335,2346
2004;Y_LT15;FIN;Finlande;PT;Pourcentage de la population;_T;Total;Moins de 15 ans;17,546
2004;Y_LT15;FIN;Finlande;PS;Personnes;F;Sexe feminin;Moins de 15 ans;449048,9759
2004;Y_LT15;FIN;Finlande;PT;Pourcentage de la population;F;Sexe feminin;Moins de 15 ans;16,814
2004;Y_LT15;FIN;Finlande;PS;Personnes;M;Sexe masculin;Moins de 15 ans;468301,6277
2004;Y_LT15;FIN;Finlande;PT;Pourcentage de la population;M;Sexe masculin;Moins de 15 ans;18,311
2005;Y15T64;FIN;Finlande;PS;Personnes;_T;Total;De 15 a 64 ans;3499315
2005;Y15T64;FIN;Finlande;PT;Pourcentage de la population;_T;Total;De 15 a 64 ans;66,703
2005;Y_GE65;FIN;Finlande;PS;Personnes;_T;Total;65 ans et plus;836053
2005;Y_GE65;FIN;Finlande;PT;Pourcentage de la population;_T;Total;65 ans et plus;15,937
2005;Y15T64;FIN;Finlande;PS;Personnes;M;Sexe masculin;De 15 a 64 ans;1768654
2005;Y15T64;FIN;Finlande;PT;Pourcentage de la population;M;Sexe masculin;De 15 a 64 ans;68,894
2005;Y_GE65;FIN;Finlande;PS;Personnes;M;Sexe masculin;65 ans et plus;333711
2005;Y_GE65;FIN;Finlande;PT;Pourcentage de la population;M;Sexe masculin;65 ans et plus;12,999
2005;Y_GE65;FIN;Finlande;PS;Personnes;F;Sexe feminin;65 ans et plus;502342
2005;Y_GE65;FIN;Finlande;PT;Pourcentage de la population;F;Sexe feminin;65 ans et plus;18,752
2005;Y15T64;FIN;Finlande;PS;Personnes;F;Sexe feminin;De 15 a 64 ans;1730661
2005;Y15T64;FIN;Finlande;PT;Pourcentage de la population;F;Sexe feminin;De 15 a 64 ans;64,604
2005;Y_LT15;FIN;Finlande;PS;Personnes;_T;Total;Moins de 15 ans;910722,96
2005;Y_LT15;FIN;Finlande;PT;Pourcentage de la population;_T;Total;Moins de 15 ans;17,36
2005;Y_LT15;FIN;Finlande;PS;Personnes;F;Sexe feminin;Moins de 15 ans;445873,7858
2005;Y_LT15;FIN;Finlande;PT;Pourcentage de la population;F;Sexe feminin;Moins de 15 ans;16,644
2005;Y_LT15;FIN;Finlande;PS;Personnes;M;Sexe masculin;Moins de 15 ans;464845,439
2005;Y_LT15;FIN;Finlande;PT;Pourcentage de la population;M;Sexe masculin;Moins de 15 ans;18,107
2006;Y15T64;FIN;Finlande;PS;Personnes;_T;Total;De 15 a 64 ans;3507281
2006;Y15T64;FIN;Finlande;PT;Pourcentage de la population;_T;Total;De 15 a 64 ans;66,599
2006;Y_GE65;FIN;Finlande;PS;Personnes;_T;Total;65 ans et plus;854942
2006;Y_GE65;FIN;Finlande;PT;Pourcentage de la population;_T;Total;65 ans et plus;16,234
2006;Y15T64;FIN;Finlande;PS;Personnes;M;Sexe masculin;De 15 a 64 ans;1772682
2006;Y15T64;FIN;Finlande;PT;Pourcentage de la population;M;Sexe masculin;De 15 a 64 ans;68,761
2006;Y_GE65;FIN;Finlande;PS;Personnes;M;Sexe masculin;65 ans et plus;343975
2006;Y_GE65;FIN;Finlande;PT;Pourcentage de la population;M;Sexe masculin;65 ans et plus;13,342
2006;Y_GE65;FIN;Finlande;PS;Personnes;F;Sexe feminin;65 ans et plus;510967
2006;Y_GE65;FIN;Finlande;PT;Pourcentage de la population;F;Sexe feminin;65 ans et plus;19,008
2006;Y15T64;FIN;Finlande;PS;Personnes;F;Sexe feminin;De 15 a 64 ans;1734599
2006;Y15T64;FIN;Finlande;PT;Pourcentage de la population;F;Sexe feminin;De 15 a 64 ans;64,526
2006;Y_LT15;FIN;Finlande;PS;Personnes;_T;Total;Moins de 15 ans;904059,8842
2006;Y_LT15;FIN;Finlande;PT;Pourcentage de la population;_T;Total;Moins de 15 ans;17,167
2006;Y_LT15;FIN;Finlande;PS;Personnes;F;Sexe feminin;Moins de 15 ans;442669,6814
2006;Y_LT15;FIN;Finlande;PT;Pourcentage de la population;F;Sexe feminin;Moins de 15 ans;16,467
2006;Y_LT15;FIN;Finlande;PS;Personnes;M;Sexe masculin;Moins de 15 ans;461392,3557
2006;Y_LT15;FIN;Finlande;PT;Pourcentage de la population;M;Sexe masculin;Moins de 15 ans;17,897
2007;Y15T64;FIN;Finlande;PS;Personnes;_T;Total;De 15 a 64 ans;3518859
2007;Y15T64;FIN;Finlande;PT;Pourcentage de la population;_T;Total;De 15 a 64 ans;66,535
2007;Y_GE65;FIN;Finlande;PS;Personnes;_T;Total;65 ans et plus;871975
2007;Y_GE65;FIN;Finlande;PT;Pourcentage de la population;_T;Total;65 ans et plus;16,487
2007;Y15T64;FIN;Finlande;PS;Personnes;M;Sexe masculin;De 15 a 64 ans;1778605
2007;Y15T64;FIN;Finlande;PT;Pourcentage de la population;M;Sexe masculin;De 15 a 64 ans;68,665
2007;Y_GE65;FIN;Finlande;PS;Personnes;M;Sexe masculin;65 ans et plus;353345
2007;Y_GE65;FIN;Finlande;PT;Pourcentage de la population;M;Sexe masculin;65 ans et plus;13,641
2007;Y_GE65;FIN;Finlande;PS;Personnes;F;Sexe feminin;65 ans et plus;518630
2007;Y_GE65;FIN;Finlande;PT;Pourcentage de la population;F;Sexe feminin;65 ans et plus;19,22
2007;Y15T64;FIN;Finlande;PS;Personnes;F;Sexe feminin;De 15 a 64 ans;1740254
2007;Y15T64;FIN;Finlande;PT;Pourcentage de la population;F;Sexe feminin;De 15 a 64 ans;64,491
2007;Y_LT15;FIN;Finlande;PS;Personnes;_T;Total;Moins de 15 ans;897865,8246
2007;Y_LT15;FIN;Finlande;PT;Pourcentage de la population;_T;Total;Moins de 15 ans;16,977
2007;Y_LT15;FIN;Finlande;PS;Personnes;F;Sexe feminin;Moins de 15 ans;439577,6679
2007;Y_LT15;FIN;Finlande;PT;Pourcentage de la population;F;Sexe feminin;Moins de 15 ans;16,29
2007;Y_LT15;FIN;Finlande;PS;Personnes;M;Sexe masculin;Moins de 15 ans;458322,0199
2007;Y_LT15;FIN;Finlande;PT;Pourcentage de la population;M;Sexe masculin;Moins de 15 ans;17,694
2008;Y15T64;FIN;Finlande;PS;Personnes;_T;Total;De 15 a 64 ans;3536873
2008;Y15T64;FIN;Finlande;PT;Pourcentage de la population;_T;Total;De 15 a 64 ans;66,565
2008;Y_GE65;FIN;Finlande;PS;Personnes;_T;Total;65 ans et plus;883646
2008;Y_GE65;FIN;Finlande;PT;Pourcentage de la population;_T;Total;65 ans et plus;16,631
2008;Y15T64;FIN;Finlande;PS;Personnes;M;Sexe masculin;De 15 a 64 ans;1787889
2008;Y15T64;FIN;Finlande;PT;Pourcentage de la population;M;Sexe masculin;De 15 a 64 ans;68,654
2008;Y_GE65;FIN;Finlande;PS;Personnes;M;Sexe masculin;65 ans et plus;360403
2008;Y_GE65;FIN;Finlande;PT;Pourcentage de la population;M;Sexe masculin;65 ans et plus;13,839
2008;Y_GE65;FIN;Finlande;PS;Personnes;F;Sexe feminin;65 ans et plus;523243
2008;Y_GE65;FIN;Finlande;PT;Pourcentage de la population;F;Sexe feminin;65 ans et plus;19,314
2008;Y15T64;FIN;Finlande;PS;Personnes;F;Sexe feminin;De 15 a 64 ans;1748984
2008;Y15T64;FIN;Finlande;PT;Pourcentage de la population;F;Sexe feminin;De 15 a 64 ans;64,558
2008;Y_LT15;FIN;Finlande;PS;Personnes;_T;Total;Moins de 15 ans;892863,3999
2008;Y_LT15;FIN;Finlande;PT;Pourcentage de la population;_T;Total;Moins de 15 ans;16,804
2008;Y_LT15;FIN;Finlande;PS;Personnes;F;Sexe feminin;Moins de 15 ans;436963,1583
2008;Y_LT15;FIN;Finlande;PT;Pourcentage de la population;F;Sexe feminin;Moins de 15 ans;16,129
2008;Y_LT15;FIN;Finlande;PS;Personnes;M;Sexe masculin;Moins de 15 ans;455920,9705
2008;Y_LT15;FIN;Finlande;PT;Pourcentage de la population;M;Sexe masculin;Moins de 15 ans;17,507
2009;Y15T64;FIN;Finlande;PS;Personnes;_T;Total;De 15 a 64 ans;3547872
2009;Y15T64;FIN;Finlande;PT;Pourcentage de la population;_T;Total;De 15 a 64 ans;66,454
2009;Y_GE65;FIN;Finlande;PS;Personnes;_T;Total;65 ans et plus;901253
2009;Y_GE65;FIN;Finlande;PT;Pourcentage de la population;_T;Total;65 ans et plus;16,881
2009;Y15T64;FIN;Finlande;PS;Personnes;M;Sexe masculin;De 15 a 64 ans;1793540
2009;Y15T64;FIN;Finlande;PT;Pourcentage de la population;M;Sexe masculin;De 15 a 64 ans;68,499
2009;Y_GE65;FIN;Finlande;PS;Personnes;M;Sexe masculin;65 ans et plus;370318
2009;Y_GE65;FIN;Finlande;PT;Pourcentage de la population;M;Sexe masculin;65 ans et plus;14,143
2009;Y_GE65;FIN;Finlande;PS;Personnes;F;Sexe feminin;65 ans et plus;530935
2009;Y_GE65;FIN;Finlande;PT;Pourcentage de la population;F;Sexe feminin;65 ans et plus;19,516
2009;Y15T64;FIN;Finlande;PS;Personnes;F;Sexe feminin;De 15 a 64 ans;1754332
2009;Y15T64;FIN;Finlande;PT;Pourcentage de la population;F;Sexe feminin;De 15 a 64 ans;64,485
2009;Y_LT15;FIN;Finlande;PS;Personnes;_T;Total;Moins de 15 ans;889722,1856
2009;Y_LT15;FIN;Finlande;PT;Pourcentage de la population;_T;Total;Moins de 15 ans;16,665
2009;Y_LT15;FIN;Finlande;PS;Personnes;F;Sexe feminin;Moins de 15 ans;435254,7149
2009;Y_LT15;FIN;Finlande;PT;Pourcentage de la population;F;Sexe feminin;Moins de 15 ans;15,999
2009;Y_LT15;FIN;Finlande;PS;Personnes;M;Sexe masculin;Moins de 15 ans;454494,0609
2009;Y_LT15;FIN;Finlande;PT;Pourcentage de la population;M;Sexe masculin;Moins de 15 ans;17,358
2010;Y15T64;FIN;Finlande;PS;Personnes;_T;Total;De 15 a 64 ans;3549605
2010;Y15T64;FIN;Finlande;PT;Pourcentage de la population;_T;Total;De 15 a 64 ans;66,183
2010;Y_GE65;FIN;Finlande;PS;Personnes;_T;Total;65 ans et plus;925738
2010;Y_GE65;FIN;Finlande;PT;Pourcentage de la population;_T;Total;65 ans et plus;17,26
2010;Y15T64;FIN;Finlande;PS;Personnes;M;Sexe masculin;De 15 a 64 ans;1794483
2010;Y15T64;FIN;Finlande;PT;Pourcentage de la population;M;Sexe masculin;De 15 a 64 ans;68,186
2010;Y_GE65;FIN;Finlande;PS;Personnes;M;Sexe masculin;65 ans et plus;383522
2010;Y_GE65;FIN;Finlande;PT;Pourcentage de la population;M;Sexe masculin;65 ans et plus;14,573
2010;Y_GE65;FIN;Finlande;PS;Personnes;F;Sexe feminin;65 ans et plus;542216
2010;Y_GE65;FIN;Finlande;PT;Pourcentage de la population;F;Sexe feminin;65 ans et plus;19,85
2010;Y15T64;FIN;Finlande;PS;Personnes;F;Sexe feminin;De 15 a 64 ans;1755122
2010;Y15T64;FIN;Finlande;PT;Pourcentage de la population;F;Sexe feminin;De 15 a 64 ans;64,252
2010;Y_LT15;FIN;Finlande;PS;Personnes;_T;Total;Moins de 15 ans;888008,3694
2010;Y_LT15;FIN;Finlande;PT;Pourcentage de la population;_T;Total;Moins de 15 ans;16,557
2010;Y_LT15;FIN;Finlande;PS;Personnes;F;Sexe feminin;Moins de 15 ans;434270,4039
2010;Y_LT15;FIN;Finlande;PT;Pourcentage de la population;F;Sexe feminin;Moins de 15 ans;15,898
2010;Y_LT15;FIN;Finlande;PS;Personnes;M;Sexe masculin;Moins de 15 ans;453737,7762
2010;Y_LT15;FIN;Finlande;PT;Pourcentage de la population;M;Sexe masculin;Moins de 15 ans;17,241
2011;Y15T64;FIN;Finlande;PS;Personnes;_T;Total;De 15 a 64 ans;3539601
2011;Y15T64;FIN;Finlande;PT;Pourcentage de la population;_T;Total;De 15 a 64 ans;65,691
2011;Y_GE65;FIN;Finlande;PS;Personnes;_T;Total;65 ans et plus;960340
2011;Y_GE65;FIN;Finlande;PT;Pourcentage de la population;_T;Total;65 ans et plus;17,823
2011;Y15T64;FIN;Finlande;PS;Personnes;M;Sexe masculin;De 15 a 64 ans;1789873
2011;Y15T64;FIN;Finlande;PT;Pourcentage de la population;M;Sexe masculin;De 15 a 64 ans;67,658
2011;Y_GE65;FIN;Finlande;PS;Personnes;M;Sexe masculin;65 ans et plus;401691
2011;Y_GE65;FIN;Finlande;PT;Pourcentage de la population;M;Sexe masculin;65 ans et plus;15,184
2011;Y_GE65;FIN;Finlande;PS;Personnes;F;Sexe feminin;65 ans et plus;558649
2011;Y_GE65;FIN;Finlande;PT;Pourcentage de la population;F;Sexe feminin;65 ans et plus;20,368
2011;Y15T64;FIN;Finlande;PS;Personnes;F;Sexe feminin;De 15 a 64 ans;1749728
2011;Y15T64;FIN;Finlande;PT;Pourcentage de la population;F;Sexe feminin;De 15 a 64 ans;63,794
2011;Y_LT15;FIN;Finlande;PS;Personnes;_T;Total;Moins de 15 ans;888310,5219
2011;Y_LT15;FIN;Finlande;PT;Pourcentage de la population;_T;Total;Moins de 15 ans;16,486
2011;Y_LT15;FIN;Finlande;PS;Personnes;F;Sexe feminin;Moins de 15 ans;434431,9336
2011;Y_LT15;FIN;Finlande;PT;Pourcentage de la population;F;Sexe feminin;Moins de 15 ans;15,839
2011;Y_LT15;FIN;Finlande;PS;Personnes;M;Sexe masculin;Moins de 15 ans;453910,2573
2011;Y_LT15;FIN;Finlande;PT;Pourcentage de la population;M;Sexe masculin;Moins de 15 ans;17,158
2012;Y15T64;FIN;Finlande;PS;Personnes;_T;Total;De 15 a 64 ans;3524863
2012;Y15T64;FIN;Finlande;PT;Pourcentage de la population;_T;Total;De 15 a 64 ans;65,107
2012;Y_GE65;FIN;Finlande;PS;Personnes;_T;Total;65 ans et plus;998916
2012;Y_GE65;FIN;Finlande;PT;Pourcentage de la population;_T;Total;65 ans et plus;18,451
2012;Y15T64;FIN;Finlande;PS;Personnes;M;Sexe masculin;De 15 a 64 ans;1782989
2012;Y15T64;FIN;Finlande;PT;Pourcentage de la population;M;Sexe masculin;De 15 a 64 ans;67,04
2012;Y_GE65;FIN;Finlande;PS;Personnes;M;Sexe masculin;65 ans et plus;421721
2012;Y_GE65;FIN;Finlande;PT;Pourcentage de la population;M;Sexe masculin;65 ans et plus;15,857
2012;Y_GE65;FIN;Finlande;PS;Personnes;F;Sexe feminin;65 ans et plus;577195
2012;Y_GE65;FIN;Finlande;PT;Pourcentage de la population;F;Sexe feminin;65 ans et plus;20,955
2012;Y15T64;FIN;Finlande;PS;Personnes;F;Sexe feminin;De 15 a 64 ans;1741874
2012;Y15T64;FIN;Finlande;PT;Pourcentage de la population;F;Sexe feminin;De 15 a 64 ans;63,24
2012;Y_LT15;FIN;Finlande;PS;Personnes;_T;Total;Moins de 15 ans;890164,4541
2012;Y_LT15;FIN;Finlande;PT;Pourcentage de la population;_T;Total;Moins de 15 ans;16,442
2012;Y_LT15;FIN;Finlande;PS;Personnes;F;Sexe feminin;Moins de 15 ans;435331,4976
2012;Y_LT15;FIN;Finlande;PT;Pourcentage de la population;F;Sexe feminin;Moins de 15 ans;15,805
2012;Y_LT15;FIN;Finlande;PS;Personnes;M;Sexe masculin;Moins de 15 ans;454867,2833
2012;Y_LT15;FIN;Finlande;PT;Pourcentage de la population;M;Sexe masculin;Moins de 15 ans;17,103
2013;Y15T64;FIN;Finlande;PS;Personnes;_T;Total;De 15 a 64 ans;3508396
2013;Y15T64;FIN;Finlande;PT;Pourcentage de la population;_T;Total;De 15 a 64 ans;64,505
2013;Y_GE65;FIN;Finlande;PS;Personnes;_T;Total;65 ans et plus;1037372
2013;Y_GE65;FIN;Finlande;PT;Pourcentage de la population;_T;Total;65 ans et plus;19,073
2013;Y15T64;FIN;Finlande;PS;Personnes;M;Sexe masculin;De 15 a 64 ans;1775219
2013;Y15T64;FIN;Finlande;PT;Pourcentage de la population;M;Sexe masculin;De 15 a 64 ans;66,401
2013;Y_GE65;FIN;Finlande;PS;Personnes;M;Sexe masculin;65 ans et plus;441710
2013;Y_GE65;FIN;Finlande;PT;Pourcentage de la population;M;Sexe masculin;65 ans et plus;16,522
2013;Y_GE65;FIN;Finlande;PS;Personnes;F;Sexe feminin;65 ans et plus;595662
2013;Y_GE65;FIN;Finlande;PT;Pourcentage de la population;F;Sexe feminin;65 ans et plus;21,539
2013;Y15T64;FIN;Finlande;PS;Personnes;F;Sexe feminin;De 15 a 64 ans;1733177
2013;Y15T64;FIN;Finlande;PT;Pourcentage de la population;F;Sexe feminin;De 15 a 64 ans;62,672
2013;Y_LT15;FIN;Finlande;PS;Personnes;_T;Total;Moins de 15 ans;893188,4745
2013;Y_LT15;FIN;Finlande;PT;Pourcentage de la population;_T;Total;Moins de 15 ans;16,422
2013;Y_LT15;FIN;Finlande;PS;Personnes;F;Sexe feminin;Moins de 15 ans;436641,3214
2013;Y_LT15;FIN;Finlande;PT;Pourcentage de la population;F;Sexe feminin;Moins de 15 ans;15,789
2013;Y_LT15;FIN;Finlande;PS;Personnes;M;Sexe masculin;Moins de 15 ans;456579,8177
2013;Y_LT15;FIN;Finlande;PT;Pourcentage de la population;M;Sexe masculin;Moins de 15 ans;17,078
2014;Y15T64;FIN;Finlande;PS;Personnes;_T;Total;De 15 a 64 ans;3491727
2014;Y15T64;FIN;Finlande;PT;Pourcentage de la population;_T;Total;De 15 a 64 ans;63,933
2014;Y_GE65;FIN;Finlande;PS;Personnes;_T;Total;65 ans et plus;1073966
2014;Y_GE65;FIN;Finlande;PT;Pourcentage de la population;_T;Total;65 ans et plus;19,664
2014;Y15T64;FIN;Finlande;PS;Personnes;M;Sexe masculin;De 15 a 64 ans;1767278
2014;Y15T64;FIN;Finlande;PT;Pourcentage de la population;M;Sexe masculin;De 15 a 64 ans;65,793
2014;Y_GE65;FIN;Finlande;PS;Personnes;M;Sexe masculin;65 ans et plus;460844
2014;Y_GE65;FIN;Finlande;PT;Pourcentage de la population;M;Sexe masculin;65 ans et plus;17,157
2014;Y_GE65;FIN;Finlande;PS;Personnes;F;Sexe feminin;65 ans et plus;613122
2014;Y_GE65;FIN;Finlande;PT;Pourcentage de la population;F;Sexe feminin;65 ans et plus;22,091
2014;Y15T64;FIN;Finlande;PS;Personnes;F;Sexe feminin;De 15 a 64 ans;1724449
2014;Y15T64;FIN;Finlande;PT;Pourcentage de la population;F;Sexe feminin;De 15 a 64 ans;62,133
2014;Y_LT15;FIN;Finlande;PS;Personnes;_T;Total;Moins de 15 ans;895796,3781
2014;Y_LT15;FIN;Finlande;PT;Pourcentage de la population;_T;Total;Moins de 15 ans;16,402
2014;Y_LT15;FIN;Finlande;PS;Personnes;F;Sexe feminin;Moins de 15 ans;437818,8768
2014;Y_LT15;FIN;Finlande;PT;Pourcentage de la population;F;Sexe feminin;Moins de 15 ans;15,775
2014;Y_LT15;FIN;Finlande;PS;Personnes;M;Sexe masculin;Moins de 15 ans;457981,755
2014;Y_LT15;FIN;Finlande;PT;Pourcentage de la population;M;Sexe masculin;Moins de 15 ans;17,05
2015;Y15T64;FIN;Finlande;PS;Personnes;_T;Total;De 15 a 64 ans;3475969
2015;Y15T64;FIN;Finlande;PT;Pourcentage de la population;_T;Total;De 15 a 64 ans;63,436
2015;Y_GE65;FIN;Finlande;PS;Personnes;_T;Total;65 ans et plus;1107245
2015;Y_GE65;FIN;Finlande;PT;Pourcentage de la population;_T;Total;65 ans et plus;20,207
2015;Y15T64;FIN;Finlande;PS;Personnes;M;Sexe masculin;De 15 a 64 ans;1760103
2015;Y15T64;FIN;Finlande;PT;Pourcentage de la population;M;Sexe masculin;De 15 a 64 ans;65,269
2015;Y_GE65;FIN;Finlande;PS;Personnes;M;Sexe masculin;65 ans et plus;478349
2015;Y_GE65;FIN;Finlande;PT;Pourcentage de la population;M;Sexe masculin;65 ans et plus;17,738
2015;Y_GE65;FIN;Finlande;PS;Personnes;F;Sexe feminin;65 ans et plus;628896
2015;Y_GE65;FIN;Finlande;PT;Pourcentage de la population;F;Sexe feminin;65 ans et plus;22,599
2015;Y15T64;FIN;Finlande;PS;Personnes;F;Sexe feminin;De 15 a 64 ans;1715866
2015;Y15T64;FIN;Finlande;PT;Pourcentage de la population;F;Sexe feminin;De 15 a 64 ans;61,659
2015;Y_LT15;FIN;Finlande;PS;Personnes;_T;Total;Moins de 15 ans;896341,1902
2015;Y_LT15;FIN;Finlande;PT;Pourcentage de la population;_T;Total;Moins de 15 ans;16,358
2015;Y_LT15;FIN;Finlande;PS;Personnes;F;Sexe feminin;Moins de 15 ans;438076,5618
2015;Y_LT15;FIN;Finlande;PT;Pourcentage de la population;F;Sexe feminin;Moins de 15 ans;15,742
2015;Y_LT15;FIN;Finlande;PS;Personnes;M;Sexe masculin;Moins de 15 ans;458219,1859
2015;Y_LT15;FIN;Finlande;PT;Pourcentage de la population;M;Sexe masculin;Moins de 15 ans;16,992
2016;Y15T64;FIN;Finlande;PS;Personnes;_T;Total;De 15 a 64 ans;3463659
2016;Y15T64;FIN;Finlande;PT;Pourcentage de la population;_T;Total;De 15 a 64 ans;63,03
2016;Y_GE65;FIN;Finlande;PS;Personnes;_T;Total;65 ans et plus;1136537
2016;Y_GE65;FIN;Finlande;PT;Pourcentage de la population;_T;Total;65 ans et plus;20,682
2016;Y15T64;FIN;Finlande;PS;Personnes;M;Sexe masculin;De 15 a 64 ans;1755683
2016;Y15T64;FIN;Finlande;PT;Pourcentage de la population;M;Sexe masculin;De 15 a 64 ans;64,859
2016;Y_GE65;FIN;Finlande;PS;Personnes;M;Sexe masculin;65 ans et plus;493662
2016;Y_GE65;FIN;Finlande;PT;Pourcentage de la population;M;Sexe masculin;65 ans et plus;18,237
2016;Y_GE65;FIN;Finlande;PS;Personnes;F;Sexe feminin;65 ans et plus;642875
2016;Y_GE65;FIN;Finlande;PT;Pourcentage de la population;F;Sexe feminin;65 ans et plus;23,055
2016;Y15T64;FIN;Finlande;PS;Personnes;F;Sexe feminin;De 15 a 64 ans;1707976
2016;Y15T64;FIN;Finlande;PT;Pourcentage de la population;F;Sexe feminin;De 15 a 64 ans;61,253
2016;Y_LT15;FIN;Finlande;PS;Personnes;_T;Total;Moins de 15 ans;895073,9754
2016;Y_LT15;FIN;Finlande;PT;Pourcentage de la population;_T;Total;Moins de 15 ans;16,288
2016;Y_LT15;FIN;Finlande;PS;Personnes;F;Sexe feminin;Moins de 15 ans;437554,4726
2016;Y_LT15;FIN;Finlande;PT;Pourcentage de la population;F;Sexe feminin;Moins de 15 ans;15,692
2016;Y_LT15;FIN;Finlande;PS;Personnes;M;Sexe masculin;Moins de 15 ans;457548,1522
2016;Y_LT15;FIN;Finlande;PT;Pourcentage de la population;M;Sexe masculin;Moins de 15 ans;16,903
2017;Y15T64;FIN;Finlande;PS;Personnes;_T;Total;De 15 a 64 ans;3451264
2017;Y15T64;FIN;Finlande;PT;Pourcentage de la population;_T;Total;De 15 a 64 ans;62,657
2017;Y_GE65;FIN;Finlande;PS;Personnes;_T;Total;65 ans et plus;1164643
2017;Y_GE65;FIN;Finlande;PT;Pourcentage de la population;_T;Total;65 ans et plus;21,144
2017;Y15T64;FIN;Finlande;PS;Personnes;M;Sexe masculin;De 15 a 64 ans;1751500
2017;Y15T64;FIN;Finlande;PT;Pourcentage de la population;M;Sexe masculin;De 15 a 64 ans;64,495
2017;Y_GE65;FIN;Finlande;PS;Personnes;M;Sexe masculin;65 ans et plus;508176
2017;Y_GE65;FIN;Finlande;PT;Pourcentage de la population;M;Sexe masculin;65 ans et plus;18,712
2017;Y_GE65;FIN;Finlande;PS;Personnes;F;Sexe feminin;65 ans et plus;656467
2017;Y_GE65;FIN;Finlande;PT;Pourcentage de la population;F;Sexe feminin;65 ans et plus;23,508
2017;Y15T64;FIN;Finlande;PS;Personnes;F;Sexe feminin;De 15 a 64 ans;1699764
2017;Y15T64;FIN;Finlande;PT;Pourcentage de la population;F;Sexe feminin;De 15 a 64 ans;60,869
2017;Y_LT15;FIN;Finlande;PS;Personnes;_T;Total;Moins de 15 ans;892274,7759
2017;Y_LT15;FIN;Finlande;PT;Pourcentage de la population;_T;Total;Moins de 15 ans;16,199
2017;Y_LT15;FIN;Finlande;PS;Personnes;F;Sexe feminin;Moins de 15 ans;436241,538
2017;Y_LT15;FIN;Finlande;PT;Pourcentage de la population;F;Sexe feminin;Moins de 15 ans;15,622
2017;Y_LT15;FIN;Finlande;PS;Personnes;M;Sexe masculin;Moins de 15 ans;456052,0351
2017;Y_LT15;FIN;Finlande;PT;Pourcentage de la population;M;Sexe masculin;Moins de 15 ans;16,793
2018;Y15T64;FIN;Finlande;PS;Personnes;_T;Total;De 15 a 64 ans;3437117
2018;Y15T64;FIN;Finlande;PT;Pourcentage de la population;_T;Total;De 15 a 64 ans;62,317
2018;Y_GE65;FIN;Finlande;PS;Personnes;_T;Total;65 ans et plus;1192077
2018;Y_GE65;FIN;Finlande;PT;Pourcentage de la population;_T;Total;65 ans et plus;21,613
2018;Y15T64;FIN;Finlande;PS;Personnes;M;Sexe masculin;De 15 a 64 ans;1745844
2018;Y15T64;FIN;Finlande;PT;Pourcentage de la population;M;Sexe masculin;De 15 a 64 ans;64,157
2018;Y_GE65;FIN;Finlande;PS;Personnes;M;Sexe masculin;65 ans et plus;522229
2018;Y_GE65;FIN;Finlande;PT;Pourcentage de la population;M;Sexe masculin;65 ans et plus;19,191
2018;Y_GE65;FIN;Finlande;PS;Personnes;F;Sexe feminin;65 ans et plus;669848
2018;Y_GE65;FIN;Finlande;PT;Pourcentage de la population;F;Sexe feminin;65 ans et plus;23,972
2018;Y15T64;FIN;Finlande;PS;Personnes;F;Sexe feminin;De 15 a 64 ans;1691273
2018;Y15T64;FIN;Finlande;PT;Pourcentage de la population;F;Sexe feminin;De 15 a 64 ans;60,526
2018;Y_LT15;FIN;Finlande;PS;Personnes;_T;Total;Moins de 15 ans;886344,8675
2018;Y_LT15;FIN;Finlande;PT;Pourcentage de la population;_T;Total;Moins de 15 ans;16,07
2018;Y_LT15;FIN;Finlande;PS;Personnes;F;Sexe feminin;Moins de 15 ans;433202,3444
2018;Y_LT15;FIN;Finlande;PT;Pourcentage de la population;F;Sexe feminin;Moins de 15 ans;15,503
2018;Y_LT15;FIN;Finlande;PS;Personnes;M;Sexe masculin;Moins de 15 ans;453136,2222
2018;Y_LT15;FIN;Finlande;PT;Pourcentage de la population;M;Sexe masculin;Moins de 15 ans;16,652
2019;Y15T64;FIN;Finlande;PS;Personnes;_T;Total;De 15 a 64 ans;3426913
2019;Y15T64;FIN;Finlande;PT;Pourcentage de la population;_T;Total;De 15 a 64 ans;62,064
2019;Y_GE65;FIN;Finlande;PS;Personnes;_T;Total;65 ans et plus;1218057
2019;Y_GE65;FIN;Finlande;PT;Pourcentage de la population;_T;Total;65 ans et plus;22,06
2019;Y15T64;FIN;Finlande;PS;Personnes;M;Sexe masculin;De 15 a 64 ans;1742303
2019;Y15T64;FIN;Finlande;PT;Pourcentage de la population;M;Sexe masculin;De 15 a 64 ans;63,92
2019;Y_GE65;FIN;Finlande;PS;Personnes;M;Sexe masculin;65 ans et plus;535226
2019;Y_GE65;FIN;Finlande;PT;Pourcentage de la population;M;Sexe masculin;65 ans et plus;19,636
2019;Y_GE65;FIN;Finlande;PS;Personnes;F;Sexe feminin;65 ans et plus;682831
2019;Y_GE65;FIN;Finlande;PT;Pourcentage de la population;F;Sexe feminin;65 ans et plus;24,423
2019;Y15T64;FIN;Finlande;PS;Personnes;F;Sexe feminin;De 15 a 64 ans;1684610
2019;Y15T64;FIN;Finlande;PT;Pourcentage de la population;F;Sexe feminin;De 15 a 64 ans;60,254
2019;Y_LT15;FIN;Finlande;PS;Personnes;_T;Total;Moins de 15 ans;876610,0098
2019;Y_LT15;FIN;Finlande;PT;Pourcentage de la population;_T;Total;Moins de 15 ans;15,876
2019;Y_LT15;FIN;Finlande;PS;Personnes;F;Sexe feminin;Moins de 15 ans;428377,0726
2019;Y_LT15;FIN;Finlande;PT;Pourcentage de la population;F;Sexe feminin;Moins de 15 ans;15,322
2019;Y_LT15;FIN;Finlande;PS;Personnes;M;Sexe masculin;Moins de 15 ans;448253,6988
2019;Y_LT15;FIN;Finlande;PT;Pourcentage de la population;M;Sexe masculin;Moins de 15 ans;16,445
2020;Y15T64;FIN;Finlande;PS;Personnes;_T;Total;De 15 a 64 ans;3419992
2020;Y15T64;FIN;Finlande;PT;Pourcentage de la population;_T;Total;De 15 a 64 ans;61,849
2020;Y_GE65;FIN;Finlande;PS;Personnes;_T;Total;65 ans et plus;1243604
2020;Y_GE65;FIN;Finlande;PT;Pourcentage de la population;_T;Total;65 ans et plus;22,49
2020;Y15T64;FIN;Finlande;PS;Personnes;M;Sexe masculin;De 15 a 64 ans;1740373
2020;Y15T64;FIN;Finlande;PT;Pourcentage de la population;M;Sexe masculin;De 15 a 64 ans;63,726
2020;Y_GE65;FIN;Finlande;PS;Personnes;M;Sexe masculin;65 ans et plus;547952
2020;Y_GE65;FIN;Finlande;PT;Pourcentage de la population;M;Sexe masculin;65 ans et plus;20,064
2020;Y_GE65;FIN;Finlande;PS;Personnes;F;Sexe feminin;65 ans et plus;695652
2020;Y_GE65;FIN;Finlande;PT;Pourcentage de la population;F;Sexe feminin;65 ans et plus;24,858
2020;Y15T64;FIN;Finlande;PS;Personnes;F;Sexe feminin;De 15 a 64 ans;1679619
2020;Y15T64;FIN;Finlande;PT;Pourcentage de la population;F;Sexe feminin;De 15 a 64 ans;60,018
2020;Y_LT15;FIN;Finlande;PS;Personnes;_T;Total;Moins de 15 ans;865926,747
2020;Y_LT15;FIN;Finlande;PT;Pourcentage de la population;_T;Total;Moins de 15 ans;15,66
2020;Y_LT15;FIN;Finlande;PS;Personnes;F;Sexe feminin;Moins de 15 ans;423246,3499
2020;Y_LT15;FIN;Finlande;PT;Pourcentage de la population;F;Sexe feminin;Moins de 15 ans;15,124
2020;Y_LT15;FIN;Finlande;PS;Personnes;M;Sexe masculin;Moins de 15 ans;442701,0977
2020;Y_LT15;FIN;Finlande;PT;Pourcentage de la population;M;Sexe masculin;Moins de 15 ans;16,21
2021;Y15T64;FIN;Finlande;PS;Personnes;_T;Total;De 15 a 64 ans;3417206
2021;Y15T64;FIN;Finlande;PT;Pourcentage de la population;_T;Total;De 15 a 64 ans;61,671
2021;Y_GE65;FIN;Finlande;PS;Personnes;_T;Total;65 ans et plus;1267486
2021;Y_GE65;FIN;Finlande;PT;Pourcentage de la population;_T;Total;65 ans et plus;22,875
2021;Y15T64;FIN;Finlande;PS;Personnes;M;Sexe masculin;De 15 a 64 ans;1740636
2021;Y15T64;FIN;Finlande;PT;Pourcentage de la population;M;Sexe masculin;De 15 a 64 ans;63,563
2021;Y_GE65;FIN;Finlande;PS;Personnes;M;Sexe masculin;65 ans et plus;560010
2021;Y_GE65;FIN;Finlande;PT;Pourcentage de la population;M;Sexe masculin;65 ans et plus;20,45
2021;Y_GE65;FIN;Finlande;PS;Personnes;F;Sexe feminin;65 ans et plus;707476
2021;Y_GE65;FIN;Finlande;PT;Pourcentage de la population;F;Sexe feminin;65 ans et plus;25,244
2021;Y15T64;FIN;Finlande;PS;Personnes;F;Sexe feminin;De 15 a 64 ans;1676570
2021;Y15T64;FIN;Finlande;PT;Pourcentage de la population;F;Sexe feminin;De 15 a 64 ans;59,823
2021;Y_LT15;FIN;Finlande;PS;Personnes;_T;Total;Moins de 15 ans;856309,2308
2021;Y_LT15;FIN;Finlande;PT;Pourcentage de la population;_T;Total;Moins de 15 ans;15,454
2021;Y_LT15;FIN;Finlande;PS;Personnes;F;Sexe feminin;Moins de 15 ans;418506,7328
2021;Y_LT15;FIN;Finlande;PT;Pourcentage de la population;F;Sexe feminin;Moins de 15 ans;14,933
2021;Y_LT15;FIN;Finlande;PS;Personnes;M;Sexe masculin;Moins de 15 ans;437824,5052
2021;Y_LT15;FIN;Finlande;PT;Pourcentage de la population;M;Sexe masculin;Moins de 15 ans;15,988
2022;Y15T64;FIN;Finlande;PS;Personnes;_T;Total;De 15 a 64 ans;3423271
2022;Y15T64;FIN;Finlande;PT;Pourcentage de la population;_T;Total;De 15 a 64 ans;61,613
2022;Y_GE65;FIN;Finlande;PS;Personnes;_T;Total;65 ans et plus;1286775
2022;Y_GE65;FIN;Finlande;PT;Pourcentage de la population;_T;Total;65 ans et plus;23,16
2022;Y15T64;FIN;Finlande;PS;Personnes;M;Sexe masculin;De 15 a 64 ans;1746002
2022;Y15T64;FIN;Finlande;PT;Pourcentage de la population;M;Sexe masculin;De 15 a 64 ans;63,53
2022;Y_GE65;FIN;Finlande;PS;Personnes;M;Sexe masculin;65 ans et plus;569795
2022;Y_GE65;FIN;Finlande;PT;Pourcentage de la population;M;Sexe masculin;65 ans et plus;20,733
2022;Y_GE65;FIN;Finlande;PS;Personnes;F;Sexe feminin;65 ans et plus;716980
2022;Y_GE65;FIN;Finlande;PT;Pourcentage de la population;F;Sexe feminin;65 ans et plus;25,535
2022;Y15T64;FIN;Finlande;PS;Personnes;F;Sexe feminin;De 15 a 64 ans;1677269
2022;Y15T64;FIN;Finlande;PT;Pourcentage de la population;F;Sexe feminin;De 15 a 64 ans;59,736
2022;Y_LT15;FIN;Finlande;PS;Personnes;_T;Total;Moins de 15 ans;846084,1262
2022;Y_LT15;FIN;Finlande;PT;Pourcentage de la population;_T;Total;Moins de 15 ans;15,228
2022;Y_LT15;FIN;Finlande;PS;Personnes;F;Sexe feminin;Moins de 15 ans;413563,5132
2022;Y_LT15;FIN;Finlande;PT;Pourcentage de la population;F;Sexe feminin;Moins de 15 ans;14,729
2022;Y_LT15;FIN;Finlande;PS;Personnes;M;Sexe masculin;Moins de 15 ans;432498,3973
2022;Y_LT15;FIN;Finlande;PT;Pourcentage de la population;M;Sexe masculin;Moins de 15 ans;15,737
2023;Y15T64;FIN;Finlande;PS;Personnes;F;Sexe feminin;De 15 a 64 ans;1686871
2023;Y15T64;FIN;Finlande;PT;Pourcentage de la population;F;Sexe feminin;De 15 a 64 ans;59,813
2023;Y_GE65;FIN;Finlande;PS;Personnes;F;Sexe feminin;65 ans et plus;724556
2023;Y_GE65;FIN;Finlande;PT;Pourcentage de la population;F;Sexe feminin;65 ans et plus;25,691
2023;Y15T64;FIN;Finlande;PS;Personnes;M;Sexe masculin;De 15 a 64 ans;1758813
2023;Y15T64;FIN;Finlande;PT;Pourcentage de la population;M;Sexe masculin;De 15 a 64 ans;63,64
2023;Y_GE65;FIN;Finlande;PS;Personnes;M;Sexe masculin;65 ans et plus;577382
2023;Y_GE65;FIN;Finlande;PT;Pourcentage de la population;M;Sexe masculin;65 ans et plus;20,892
2023;Y15T64;FIN;Finlande;PS;Personnes;_T;Total;De 15 a 64 ans;3445684
2023;Y15T64;FIN;Finlande;PT;Pourcentage de la population;_T;Total;De 15 a 64 ans;61,707
2023;Y_GE65;FIN;Finlande;PS;Personnes;_T;Total;65 ans et plus;1301938
2023;Y_GE65;FIN;Finlande;PT;Pourcentage de la population;_T;Total;65 ans et plus;23,316
2023;Y_LT15;FIN;Finlande;PS;Personnes;_T;Total;Moins de 15 ans;836300,8528
2023;Y_LT15;FIN;Finlande;PT;Pourcentage de la population;_T;Total;Moins de 15 ans;14,977
2023;Y_LT15;FIN;Finlande;PS;Personnes;F;Sexe feminin;Moins de 15 ans;408790,5991
2023;Y_LT15;FIN;Finlande;PT;Pourcentage de la population;F;Sexe feminin;Moins de 15 ans;14,495
2023;Y_LT15;FIN;Finlande;PS;Personnes;M;Sexe masculin;Moins de 15 ans;427486,4864
2023;Y_LT15;FIN;Finlande;PT;Pourcentage de la population;M;Sexe masculin;Moins de 15 ans;15,468
2024;Y15T64;FIN;Finlande;PS;Personnes;F;Sexe feminin;De 15 a 64 ans;1700358
2024;Y15T64;FIN;Finlande;PT;Pourcentage de la population;F;Sexe feminin;De 15 a 64 ans;59,923
2024;Y_GE65;FIN;Finlande;PS;Personnes;F;Sexe feminin;65 ans et plus;733426
2024;Y_GE65;FIN;Finlande;PT;Pourcentage de la population;F;Sexe feminin;65 ans et plus;25,847
2024;Y15T64;FIN;Finlande;PS;Personnes;M;Sexe masculin;De 15 a 64 ans;1774202
2024;Y15T64;FIN;Finlande;PT;Pourcentage de la population;M;Sexe masculin;De 15 a 64 ans;63,767
2024;Y_GE65;FIN;Finlande;PS;Personnes;M;Sexe masculin;65 ans et plus;585666
2024;Y_GE65;FIN;Finlande;PT;Pourcentage de la population;M;Sexe masculin;65 ans et plus;21,049
2024;Y15T64;FIN;Finlande;PS;Personnes;_T;Total;De 15 a 64 ans;3474560
2024;Y15T64;FIN;Finlande;PT;Pourcentage de la population;_T;Total;De 15 a 64 ans;61,826
2024;Y_GE65;FIN;Finlande;PS;Personnes;_T;Total;65 ans et plus;1319092
2024;Y_GE65;FIN;Finlande;PT;Pourcentage de la population;_T;Total;65 ans et plus;23,472
2024;Y_LT15;FIN;Finlande;PS;Personnes;_T;Total;Moins de 15 ans;826239,7563
2024;Y_LT15;FIN;Finlande;PT;Pourcentage de la population;_T;Total;Moins de 15 ans;14,702
2024;Y_LT15;FIN;Finlande;PS;Personnes;F;Sexe feminin;Moins de 15 ans;403787,0648
2024;Y_LT15;FIN;Finlande;PT;Pourcentage de la population;F;Sexe feminin;Moins de 15 ans;14,23
2024;Y_LT15;FIN;Finlande;PS;Personnes;M;Sexe masculin;Moins de 15 ans;422470,2019
2024;Y_LT15;FIN;Finlande;PT;Pourcentage de la population;M;Sexe masculin;Moins de 15 ans;15,184
2002;Y15T64;FRA;France;PS;Personnes;_T;Total;De 15 a 64 ans;40036262
2002;Y15T64;FRA;France;PT;Pourcentage de la population;_T;Total;De 15 a 64 ans;64,989
2002;Y_GE65;FRA;France;PS;Personnes;_T;Total;65 ans et plus;9910704
2002;Y_GE65;FRA;France;PT;Pourcentage de la population;_T;Total;65 ans et plus;16,088
2002;Y15T64;FRA;France;PS;Personnes;M;Sexe masculin;De 15 a 64 ans;19858554
2002;Y15T64;FRA;France;PT;Pourcentage de la population;M;Sexe masculin;De 15 a 64 ans;66,509
2002;Y_GE65;FRA;France;PS;Personnes;M;Sexe masculin;65 ans et plus;4027805
2002;Y_GE65;FRA;France;PT;Pourcentage de la population;M;Sexe masculin;65 ans et plus;13,49
2002;Y_GE65;FRA;France;PS;Personnes;F;Sexe feminin;65 ans et plus;5882899
2002;Y_GE65;FRA;France;PT;Pourcentage de la population;F;Sexe feminin;65 ans et plus;18,531
2002;Y15T64;FRA;France;PS;Personnes;F;Sexe feminin;De 15 a 64 ans;20177708
2002;Y15T64;FRA;France;PT;Pourcentage de la population;F;Sexe feminin;De 15 a 64 ans;63,559
2002;Y_LT15;FRA;France;PS;Personnes;_T;Total;Moins de 15 ans;11657429
2002;Y_LT15;FRA;France;PT;Pourcentage de la population;_T;Total;Moins de 15 ans;18,923
2002;Y_LT15;FRA;France;PS;Personnes;F;Sexe feminin;Moins de 15 ans;5685746,748
2002;Y_LT15;FRA;France;PT;Pourcentage de la population;F;Sexe feminin;Moins de 15 ans;17,91
2002;Y_LT15;FRA;France;PS;Personnes;M;Sexe masculin;Moins de 15 ans;5971965,983
2002;Y_LT15;FRA;France;PT;Pourcentage de la population;M;Sexe masculin;Moins de 15 ans;20,001
2003;Y15T64;FRA;France;PS;Personnes;_T;Total;De 15 a 64 ans;40334317
2003;Y15T64;FRA;France;PT;Pourcentage de la population;_T;Total;De 15 a 64 ans;65,016
2003;Y_GE65;FRA;France;PS;Personnes;_T;Total;65 ans et plus;10028255
2003;Y_GE65;FRA;France;PT;Pourcentage de la population;_T;Total;65 ans et plus;16,165
2003;Y15T64;FRA;France;PS;Personnes;M;Sexe masculin;De 15 a 64 ans;19991787
2003;Y15T64;FRA;France;PT;Pourcentage de la population;M;Sexe masculin;De 15 a 64 ans;66,518
2003;Y_GE65;FRA;France;PS;Personnes;M;Sexe masculin;65 ans et plus;4082271
2003;Y_GE65;FRA;France;PT;Pourcentage de la population;M;Sexe masculin;65 ans et plus;13,583
2003;Y_GE65;FRA;France;PS;Personnes;F;Sexe feminin;65 ans et plus;5945984
2003;Y_GE65;FRA;France;PT;Pourcentage de la population;F;Sexe feminin;65 ans et plus;18,591
2003;Y15T64;FRA;France;PS;Personnes;F;Sexe feminin;De 15 a 64 ans;20342530
2003;Y15T64;FRA;France;PT;Pourcentage de la population;F;Sexe feminin;De 15 a 64 ans;63,604
2003;Y_LT15;FRA;France;PS;Personnes;_T;Total;Moins de 15 ans;11674845,41
2003;Y_LT15;FRA;France;PT;Pourcentage de la population;_T;Total;Moins de 15 ans;18,819
2003;Y_LT15;FRA;France;PS;Personnes;F;Sexe feminin;Moins de 15 ans;5694236,228
2003;Y_LT15;FRA;France;PT;Pourcentage de la population;F;Sexe feminin;Moins de 15 ans;17,804
2003;Y_LT15;FRA;France;PS;Personnes;M;Sexe masculin;Moins de 15 ans;5980572,814
2003;Y_LT15;FRA;France;PT;Pourcentage de la population;M;Sexe masculin;Moins de 15 ans;19,899
2004;Y15T64;FRA;France;PS;Personnes;_T;Total;De 15 a 64 ans;40643943
2004;Y15T64;FRA;France;PT;Pourcentage de la population;_T;Total;De 15 a 64 ans;65,04
2004;Y_GE65;FRA;France;PS;Personnes;_T;Total;65 ans et plus;10158217
2004;Y_GE65;FRA;France;PT;Pourcentage de la population;_T;Total;65 ans et plus;16,256
2004;Y15T64;FRA;France;PS;Personnes;M;Sexe masculin;De 15 a 64 ans;20131405
2004;Y15T64;FRA;France;PT;Pourcentage de la population;M;Sexe masculin;De 15 a 64 ans;66,531
2004;Y_GE65;FRA;France;PS;Personnes;M;Sexe masculin;65 ans et plus;4140473
2004;Y_GE65;FRA;France;PT;Pourcentage de la population;M;Sexe masculin;65 ans et plus;13,684
2004;Y_GE65;FRA;France;PS;Personnes;F;Sexe feminin;65 ans et plus;6017744
2004;Y_GE65;FRA;France;PT;Pourcentage de la population;F;Sexe feminin;65 ans et plus;18,67
2004;Y15T64;FRA;France;PS;Personnes;F;Sexe feminin;De 15 a 64 ans;20512538
2004;Y15T64;FRA;France;PT;Pourcentage de la population;F;Sexe feminin;De 15 a 64 ans;63,64
2004;Y_LT15;FRA;France;PS;Personnes;_T;Total;Moins de 15 ans;11688904,14
2004;Y_LT15;FRA;France;PT;Pourcentage de la population;_T;Total;Moins de 15 ans;18,705
2004;Y_LT15;FRA;France;PS;Personnes;F;Sexe feminin;Moins de 15 ans;5701847,168
2004;Y_LT15;FRA;France;PT;Pourcentage de la population;F;Sexe feminin;Moins de 15 ans;17,69
2004;Y_LT15;FRA;France;PS;Personnes;M;Sexe masculin;Moins de 15 ans;5986999,045
2004;Y_LT15;FRA;France;PT;Pourcentage de la population;M;Sexe masculin;Moins de 15 ans;19,786
2005;Y15T64;FRA;France;PS;Personnes;_T;Total;De 15 a 64 ans;40967918
2005;Y15T64;FRA;France;PT;Pourcentage de la population;_T;Total;De 15 a 64 ans;65,071
2005;Y_GE65;FRA;France;PS;Personnes;_T;Total;65 ans et plus;10284039
2005;Y_GE65;FRA;France;PT;Pourcentage de la population;_T;Total;65 ans et plus;16,335
2005;Y15T64;FRA;France;PS;Personnes;M;Sexe masculin;De 15 a 64 ans;20279291
2005;Y15T64;FRA;France;PT;Pourcentage de la population;M;Sexe masculin;De 15 a 64 ans;66,56
2005;Y_GE65;FRA;France;PS;Personnes;M;Sexe masculin;65 ans et plus;4194941
2005;Y_GE65;FRA;France;PT;Pourcentage de la population;M;Sexe masculin;65 ans et plus;13,768
2005;Y_GE65;FRA;France;PS;Personnes;F;Sexe feminin;65 ans et plus;6089098
2005;Y_GE65;FRA;France;PT;Pourcentage de la population;F;Sexe feminin;65 ans et plus;18,741
2005;Y15T64;FRA;France;PS;Personnes;F;Sexe feminin;De 15 a 64 ans;20688627
2005;Y15T64;FRA;France;PT;Pourcentage de la population;F;Sexe feminin;De 15 a 64 ans;63,676
2005;Y_LT15;FRA;France;PS;Personnes;_T;Total;Moins de 15 ans;11706471,51
2005;Y_LT15;FRA;France;PT;Pourcentage de la population;_T;Total;Moins de 15 ans;18,594
2005;Y_LT15;FRA;France;PS;Personnes;F;Sexe feminin;Moins de 15 ans;5712806,373
2005;Y_LT15;FRA;France;PT;Pourcentage de la population;F;Sexe feminin;Moins de 15 ans;17,583
2005;Y_LT15;FRA;France;PS;Personnes;M;Sexe masculin;Moins de 15 ans;5993629,157
2005;Y_LT15;FRA;France;PT;Pourcentage de la population;M;Sexe masculin;Moins de 15 ans;19,672
2006;Y15T64;FRA;France;PS;Personnes;_T;Total;De 15 a 64 ans;41288023
2006;Y15T64;FRA;France;PT;Pourcentage de la population;_T;Total;De 15 a 64 ans;65,13
2006;Y_GE65;FRA;France;PS;Personnes;_T;Total;65 ans et plus;10358305
2006;Y_GE65;FRA;France;PT;Pourcentage de la population;_T;Total;65 ans et plus;16,34
2006;Y15T64;FRA;France;PS;Personnes;M;Sexe masculin;De 15 a 64 ans;20431887
2006;Y15T64;FRA;France;PT;Pourcentage de la population;M;Sexe masculin;De 15 a 64 ans;66,606
2006;Y_GE65;FRA;France;PS;Personnes;M;Sexe masculin;65 ans et plus;4231092
2006;Y_GE65;FRA;France;PT;Pourcentage de la population;M;Sexe masculin;65 ans et plus;13,793
2006;Y_GE65;FRA;France;PS;Personnes;F;Sexe feminin;65 ans et plus;6127213
2006;Y_GE65;FRA;France;PT;Pourcentage de la population;F;Sexe feminin;65 ans et plus;18,728
2006;Y15T64;FRA;France;PS;Personnes;F;Sexe feminin;De 15 a 64 ans;20856136
2006;Y15T64;FRA;France;PT;Pourcentage de la population;F;Sexe feminin;De 15 a 64 ans;63,746
2006;Y_LT15;FRA;France;PS;Personnes;_T;Total;Moins de 15 ans;11746798,13
2006;Y_LT15;FRA;France;PT;Pourcentage de la population;_T;Total;Moins de 15 ans;18,53
2006;Y_LT15;FRA;France;PS;Personnes;F;Sexe feminin;Moins de 15 ans;5734070,452
2006;Y_LT15;FRA;France;PT;Pourcentage de la population;F;Sexe feminin;Moins de 15 ans;17,526
2006;Y_LT15;FRA;France;PS;Personnes;M;Sexe masculin;Moins de 15 ans;6012782,767
2006;Y_LT15;FRA;France;PT;Pourcentage de la population;M;Sexe masculin;Moins de 15 ans;19,601
2007;Y15T64;FRA;France;PS;Personnes;_T;Total;De 15 a 64 ans;41546796
2007;Y15T64;FRA;France;PT;Pourcentage de la population;_T;Total;De 15 a 64 ans;65,139
2007;Y_GE65;FRA;France;PS;Personnes;_T;Total;65 ans et plus;10431772
2007;Y_GE65;FRA;France;PT;Pourcentage de la population;_T;Total;65 ans et plus;16,356
2007;Y15T64;FRA;France;PS;Personnes;M;Sexe masculin;De 15 a 64 ans;20553939
2007;Y15T64;FRA;France;PT;Pourcentage de la population;M;Sexe masculin;De 15 a 64 ans;66,582
2007;Y_GE65;FRA;France;PS;Personnes;M;Sexe masculin;65 ans et plus;4273632
2007;Y_GE65;FRA;France;PT;Pourcentage de la population;M;Sexe masculin;65 ans et plus;13,844
2007;Y_GE65;FRA;France;PS;Personnes;F;Sexe feminin;65 ans et plus;6158140
2007;Y_GE65;FRA;France;PT;Pourcentage de la population;F;Sexe feminin;65 ans et plus;18,711
2007;Y15T64;FRA;France;PS;Personnes;F;Sexe feminin;De 15 a 64 ans;20992857
2007;Y15T64;FRA;France;PT;Pourcentage de la population;F;Sexe feminin;De 15 a 64 ans;63,786
2007;Y_LT15;FRA;France;PS;Personnes;_T;Total;Moins de 15 ans;11802724,94
2007;Y_LT15;FRA;France;PT;Pourcentage de la population;_T;Total;Moins de 15 ans;18,505
2007;Y_LT15;FRA;France;PS;Personnes;F;Sexe feminin;Moins de 15 ans;5760127,5
2007;Y_LT15;FRA;France;PT;Pourcentage de la population;F;Sexe feminin;Moins de 15 ans;17,502
2007;Y_LT15;FRA;France;PS;Personnes;M;Sexe masculin;Moins de 15 ans;6042498,106
2007;Y_LT15;FRA;France;PT;Pourcentage de la population;M;Sexe masculin;Moins de 15 ans;19,574
2008;Y15T64;FRA;France;PS;Personnes;_T;Total;De 15 a 64 ans;41716240
2008;Y15T64;FRA;France;PT;Pourcentage de la population;_T;Total;De 15 a 64 ans;65,046
2008;Y_GE65;FRA;France;PS;Personnes;_T;Total;65 ans et plus;10544351
2008;Y_GE65;FRA;France;PT;Pourcentage de la population;_T;Total;65 ans et plus;16,441
2008;Y15T64;FRA;France;PS;Personnes;M;Sexe masculin;De 15 a 64 ans;20627914
2008;Y15T64;FRA;France;PT;Pourcentage de la population;M;Sexe masculin;De 15 a 64 ans;66,451
2008;Y_GE65;FRA;France;PS;Personnes;M;Sexe masculin;65 ans et plus;4336304
2008;Y_GE65;FRA;France;PT;Pourcentage de la population;M;Sexe masculin;65 ans et plus;13,969
2008;Y_GE65;FRA;France;PS;Personnes;F;Sexe feminin;65 ans et plus;6208047
2008;Y_GE65;FRA;France;PT;Pourcentage de la population;F;Sexe feminin;65 ans et plus;18,76
2008;Y15T64;FRA;France;PS;Personnes;F;Sexe feminin;De 15 a 64 ans;21088326
2008;Y15T64;FRA;France;PT;Pourcentage de la population;F;Sexe feminin;De 15 a 64 ans;63,728
2008;Y_LT15;FRA;France;PS;Personnes;_T;Total;Moins de 15 ans;11872333,17
2008;Y_LT15;FRA;France;PT;Pourcentage de la population;_T;Total;Moins de 15 ans;18,512
2008;Y_LT15;FRA;France;PS;Personnes;F;Sexe feminin;Moins de 15 ans;5794584,272
2008;Y_LT15;FRA;France;PT;Pourcentage de la population;F;Sexe feminin;Moins de 15 ans;17,511
2008;Y_LT15;FRA;France;PS;Personnes;M;Sexe masculin;Moins de 15 ans;6077725,711
2008;Y_LT15;FRA;France;PT;Pourcentage de la population;M;Sexe masculin;Moins de 15 ans;19,579
2009;Y15T64;FRA;France;PS;Personnes;_T;Total;De 15 a 64 ans;41830652
2009;Y15T64;FRA;France;PT;Pourcentage de la population;_T;Total;De 15 a 64 ans;64,895
2009;Y_GE65;FRA;France;PS;Personnes;_T;Total;65 ans et plus;10669613
2009;Y_GE65;FRA;France;PT;Pourcentage de la population;_T;Total;65 ans et plus;16,553
2009;Y15T64;FRA;France;PS;Personnes;M;Sexe masculin;De 15 a 64 ans;20677482
2009;Y15T64;FRA;France;PT;Pourcentage de la population;M;Sexe masculin;De 15 a 64 ans;66,268
2009;Y_GE65;FRA;France;PS;Personnes;M;Sexe masculin;65 ans et plus;4405060
2009;Y_GE65;FRA;France;PT;Pourcentage de la population;M;Sexe masculin;65 ans et plus;14,118
2009;Y_GE65;FRA;France;PS;Personnes;F;Sexe feminin;65 ans et plus;6264553
2009;Y_GE65;FRA;France;PT;Pourcentage de la population;F;Sexe feminin;65 ans et plus;18,837
2009;Y15T64;FRA;France;PS;Personnes;F;Sexe feminin;De 15 a 64 ans;21153170
2009;Y15T64;FRA;France;PT;Pourcentage de la population;F;Sexe feminin;De 15 a 64 ans;63,607
2009;Y_LT15;FRA;France;PS;Personnes;_T;Total;Moins de 15 ans;11958380,81
2009;Y_LT15;FRA;France;PT;Pourcentage de la population;_T;Total;Moins de 15 ans;18,552
2009;Y_LT15;FRA;France;PS;Personnes;F;Sexe feminin;Moins de 15 ans;5838428,276
2009;Y_LT15;FRA;France;PT;Pourcentage de la population;F;Sexe feminin;Moins de 15 ans;17,556
2009;Y_LT15;FRA;France;PS;Personnes;M;Sexe masculin;Moins de 15 ans;6120095,028
2009;Y_LT15;FRA;France;PT;Pourcentage de la population;M;Sexe masculin;Moins de 15 ans;19,614
2010;Y15T64;FRA;France;PS;Personnes;_T;Total;De 15 a 64 ans;41942890
2010;Y15T64;FRA;France;PT;Pourcentage de la population;_T;Total;De 15 a 64 ans;64,753
2010;Y_GE65;FRA;France;PS;Personnes;_T;Total;65 ans et plus;10800330
2010;Y_GE65;FRA;France;PT;Pourcentage de la population;_T;Total;65 ans et plus;16,674
2010;Y15T64;FRA;France;PS;Personnes;M;Sexe masculin;De 15 a 64 ans;20728295
2010;Y15T64;FRA;France;PT;Pourcentage de la population;M;Sexe masculin;De 15 a 64 ans;66,097
2010;Y_GE65;FRA;France;PS;Personnes;M;Sexe masculin;65 ans et plus;4476050
2010;Y_GE65;FRA;France;PT;Pourcentage de la population;M;Sexe masculin;65 ans et plus;14,273
2010;Y_GE65;FRA;France;PS;Personnes;F;Sexe feminin;65 ans et plus;6324280
2010;Y_GE65;FRA;France;PT;Pourcentage de la population;F;Sexe feminin;65 ans et plus;18,928
2010;Y15T64;FRA;France;PS;Personnes;F;Sexe feminin;De 15 a 64 ans;21214595
2010;Y15T64;FRA;France;PT;Pourcentage de la population;F;Sexe feminin;De 15 a 64 ans;63,492
2010;Y_LT15;FRA;France;PS;Personnes;_T;Total;Moins de 15 ans;12029672,95
2010;Y_LT15;FRA;France;PT;Pourcentage de la population;_T;Total;Moins de 15 ans;18,572
2010;Y_LT15;FRA;France;PS;Personnes;F;Sexe feminin;Moins de 15 ans;5873992,215
2010;Y_LT15;FRA;France;PT;Pourcentage de la population;F;Sexe feminin;Moins de 15 ans;17,58
2010;Y_LT15;FRA;France;PS;Personnes;M;Sexe masculin;Moins de 15 ans;6156015,897
2010;Y_LT15;FRA;France;PT;Pourcentage de la population;M;Sexe masculin;Moins de 15 ans;19,63
2011;Y15T64;FRA;France;PS;Personnes;_T;Total;De 15 a 64 ans;41969558
2011;Y15T64;FRA;France;PT;Pourcentage de la population;_T;Total;De 15 a 64 ans;64,482
2011;Y_GE65;FRA;France;PS;Personnes;_T;Total;65 ans et plus;11025429
2011;Y_GE65;FRA;France;PT;Pourcentage de la population;_T;Total;65 ans et plus;16,939
2011;Y15T64;FRA;France;PS;Personnes;M;Sexe masculin;De 15 a 64 ans;20734764
2011;Y15T64;FRA;France;PT;Pourcentage de la population;M;Sexe masculin;De 15 a 64 ans;65,794
2011;Y_GE65;FRA;France;PS;Personnes;M;Sexe masculin;65 ans et plus;4593046
2011;Y_GE65;FRA;France;PT;Pourcentage de la population;M;Sexe masculin;65 ans et plus;14,574
2011;Y_GE65;FRA;France;PS;Personnes;F;Sexe feminin;65 ans et plus;6432383
2011;Y_GE65;FRA;France;PT;Pourcentage de la population;F;Sexe feminin;65 ans et plus;19,16
2011;Y15T64;FRA;France;PS;Personnes;F;Sexe feminin;De 15 a 64 ans;21234794
2011;Y15T64;FRA;France;PT;Pourcentage de la population;F;Sexe feminin;De 15 a 64 ans;63,25
2011;Y_LT15;FRA;France;PS;Personnes;_T;Total;Moins de 15 ans;12092572,63
2011;Y_LT15;FRA;France;PT;Pourcentage de la population;_T;Total;Moins de 15 ans;18,579
2011;Y_LT15;FRA;France;PS;Personnes;F;Sexe feminin;Moins de 15 ans;5905792,303
2011;Y_LT15;FRA;France;PT;Pourcentage de la population;F;Sexe feminin;Moins de 15 ans;17,591
2011;Y_LT15;FRA;France;PS;Personnes;M;Sexe masculin;Moins de 15 ans;6186613,654
2011;Y_LT15;FRA;France;PT;Pourcentage de la population;M;Sexe masculin;Moins de 15 ans;19,631
2012;Y15T64;FRA;France;PS;Personnes;_T;Total;De 15 a 64 ans;41897771
2012;Y15T64;FRA;France;PT;Pourcentage de la population;_T;Total;De 15 a 64 ans;64,061
2012;Y_GE65;FRA;France;PS;Personnes;_T;Total;65 ans et plus;11350025
2012;Y_GE65;FRA;France;PT;Pourcentage de la population;_T;Total;65 ans et plus;17,354
2012;Y15T64;FRA;France;PS;Personnes;M;Sexe masculin;De 15 a 64 ans;20693335
2012;Y15T64;FRA;France;PT;Pourcentage de la population;M;Sexe masculin;De 15 a 64 ans;65,337
2012;Y_GE65;FRA;France;PS;Personnes;M;Sexe masculin;65 ans et plus;4759391
2012;Y_GE65;FRA;France;PT;Pourcentage de la population;M;Sexe masculin;65 ans et plus;15,027
2012;Y_GE65;FRA;France;PS;Personnes;F;Sexe feminin;65 ans et plus;6590634
2012;Y_GE65;FRA;France;PT;Pourcentage de la population;F;Sexe feminin;65 ans et plus;19,539
2012;Y15T64;FRA;France;PS;Personnes;F;Sexe feminin;De 15 a 64 ans;21204436
2012;Y15T64;FRA;France;PT;Pourcentage de la population;F;Sexe feminin;De 15 a 64 ans;62,863
2012;Y_LT15;FRA;France;PS;Personnes;_T;Total;Moins de 15 ans;12155147,18
2012;Y_LT15;FRA;France;PT;Pourcentage de la population;_T;Total;Moins de 15 ans;18,585
2012;Y_LT15;FRA;France;PS;Personnes;F;Sexe feminin;Moins de 15 ans;5936025,199
2012;Y_LT15;FRA;France;PT;Pourcentage de la population;F;Sexe feminin;Moins de 15 ans;17,598
2012;Y_LT15;FRA;France;PS;Personnes;M;Sexe masculin;Moins de 15 ans;6219064,634
2012;Y_LT15;FRA;France;PT;Pourcentage de la population;M;Sexe masculin;Moins de 15 ans;19,636
2013;Y15T64;FRA;France;PS;Personnes;_T;Total;De 15 a 64 ans;41836202
2013;Y15T64;FRA;France;PT;Pourcentage de la population;_T;Total;De 15 a 64 ans;63,643
2013;Y_GE65;FRA;France;PS;Personnes;_T;Total;65 ans et plus;11695697
2013;Y_GE65;FRA;France;PT;Pourcentage de la population;_T;Total;65 ans et plus;17,792
2013;Y15T64;FRA;France;PS;Personnes;M;Sexe masculin;De 15 a 64 ans;20658049
2013;Y15T64;FRA;France;PT;Pourcentage de la population;M;Sexe masculin;De 15 a 64 ans;64,886
2013;Y_GE65;FRA;France;PS;Personnes;M;Sexe masculin;65 ans et plus;4934581
2013;Y_GE65;FRA;France;PT;Pourcentage de la population;M;Sexe masculin;65 ans et plus;15,499
2013;Y_GE65;FRA;France;PS;Personnes;F;Sexe feminin;65 ans et plus;6761116
2013;Y_GE65;FRA;France;PT;Pourcentage de la population;F;Sexe feminin;65 ans et plus;19,945
2013;Y15T64;FRA;France;PS;Personnes;F;Sexe feminin;De 15 a 64 ans;21178153
2013;Y15T64;FRA;France;PT;Pourcentage de la population;F;Sexe feminin;De 15 a 64 ans;62,475
2013;Y_LT15;FRA;France;PS;Personnes;_T;Total;Moins de 15 ans;12203881,16
2013;Y_LT15;FRA;France;PT;Pourcentage de la population;_T;Total;Moins de 15 ans;18,565
2013;Y_LT15;FRA;France;PS;Personnes;F;Sexe feminin;Moins de 15 ans;5959007,822
2013;Y_LT15;FRA;France;PT;Pourcentage de la population;F;Sexe feminin;Moins de 15 ans;17,579
2013;Y_LT15;FRA;France;PS;Personnes;M;Sexe masculin;Moins de 15 ans;6244928,567
2013;Y_LT15;FRA;France;PT;Pourcentage de la population;M;Sexe masculin;Moins de 15 ans;19,615
2014;Y15T64;FRA;France;PS;Personnes;_T;Total;De 15 a 64 ans;41893489
2014;Y15T64;FRA;France;PT;Pourcentage de la population;_T;Total;De 15 a 64 ans;63,21
2014;Y_GE65;FRA;France;PS;Personnes;_T;Total;65 ans et plus;12053374
2014;Y_GE65;FRA;France;PT;Pourcentage de la population;_T;Total;65 ans et plus;18,186
2014;Y15T64;FRA;France;PS;Personnes;M;Sexe masculin;De 15 a 64 ans;20673929
2014;Y15T64;FRA;France;PT;Pourcentage de la population;M;Sexe masculin;De 15 a 64 ans;64,42
2014;Y_GE65;FRA;France;PS;Personnes;M;Sexe masculin;65 ans et plus;5113738
2014;Y_GE65;FRA;France;PT;Pourcentage de la population;M;Sexe masculin;65 ans et plus;15,934
2014;Y_GE65;FRA;France;PS;Personnes;F;Sexe feminin;65 ans et plus;6939636
2014;Y_GE65;FRA;France;PT;Pourcentage de la population;F;Sexe feminin;65 ans et plus;20,301
2014;Y15T64;FRA;France;PS;Personnes;F;Sexe feminin;De 15 a 64 ans;21219560
2014;Y15T64;FRA;France;PT;Pourcentage de la population;F;Sexe feminin;De 15 a 64 ans;62,074
2014;Y_LT15;FRA;France;PS;Personnes;_T;Total;Moins de 15 ans;12330111,87
2014;Y_LT15;FRA;France;PT;Pourcentage de la population;_T;Total;Moins de 15 ans;18,604
2014;Y_LT15;FRA;France;PS;Personnes;F;Sexe feminin;Moins de 15 ans;6024950,621
2014;Y_LT15;FRA;France;PT;Pourcentage de la population;F;Sexe feminin;Moins de 15 ans;17,625
2014;Y_LT15;FRA;France;PS;Personnes;M;Sexe masculin;Moins de 15 ans;6304903,159
2014;Y_LT15;FRA;France;PT;Pourcentage de la population;M;Sexe masculin;Moins de 15 ans;19,646
2015;Y15T64;FRA;France;PS;Personnes;_T;Total;De 15 a 64 ans;41810564
2015;Y15T64;FRA;France;PT;Pourcentage de la population;_T;Total;De 15 a 64 ans;62,861
2015;Y_GE65;FRA;France;PS;Personnes;_T;Total;65 ans et plus;12393831
2015;Y_GE65;FRA;France;PT;Pourcentage de la population;_T;Total;65 ans et plus;18,634
2015;Y15T64;FRA;France;PS;Personnes;M;Sexe masculin;De 15 a 64 ans;20620554
2015;Y15T64;FRA;France;PT;Pourcentage de la population;M;Sexe masculin;De 15 a 64 ans;64,052
2015;Y_GE65;FRA;France;PS;Personnes;M;Sexe masculin;65 ans et plus;5282007
2015;Y_GE65;FRA;France;PT;Pourcentage de la population;M;Sexe masculin;65 ans et plus;16,407
2015;Y_GE65;FRA;France;PS;Personnes;F;Sexe feminin;65 ans et plus;7111824
2015;Y_GE65;FRA;France;PT;Pourcentage de la population;F;Sexe feminin;65 ans et plus;20,723
2015;Y15T64;FRA;France;PS;Personnes;F;Sexe feminin;De 15 a 64 ans;21190010
2015;Y15T64;FRA;France;PT;Pourcentage de la population;F;Sexe feminin;De 15 a 64 ans;61,744
2015;Y_LT15;FRA;France;PS;Personnes;_T;Total;Moins de 15 ans;12308148,86
2015;Y_LT15;FRA;France;PT;Pourcentage de la population;_T;Total;Moins de 15 ans;18,505
2015;Y_LT15;FRA;France;PS;Personnes;F;Sexe feminin;Moins de 15 ans;6017154,127
2015;Y_LT15;FRA;France;PT;Pourcentage de la population;F;Sexe feminin;Moins de 15 ans;17,533
2015;Y_LT15;FRA;France;PS;Personnes;M;Sexe masculin;Moins de 15 ans;6290938,87
2015;Y_LT15;FRA;France;PT;Pourcentage de la population;M;Sexe masculin;Moins de 15 ans;19,541
2016;Y15T64;FRA;France;PS;Personnes;_T;Total;De 15 a 64 ans;41721962
2016;Y15T64;FRA;France;PT;Pourcentage de la population;_T;Total;De 15 a 64 ans;62,562
2016;Y_GE65;FRA;France;PS;Personnes;_T;Total;65 ans et plus;12720473
2016;Y_GE65;FRA;France;PT;Pourcentage de la population;_T;Total;65 ans et plus;19,074
2016;Y15T64;FRA;France;PS;Personnes;M;Sexe masculin;De 15 a 64 ans;20568569
2016;Y15T64;FRA;France;PT;Pourcentage de la population;M;Sexe masculin;De 15 a 64 ans;63,751
2016;Y_GE65;FRA;France;PS;Personnes;M;Sexe masculin;65 ans et plus;5437269
2016;Y_GE65;FRA;France;PT;Pourcentage de la population;M;Sexe masculin;65 ans et plus;16,853
2016;Y_GE65;FRA;France;PS;Personnes;F;Sexe feminin;65 ans et plus;7283204
2016;Y_GE65;FRA;France;PT;Pourcentage de la population;F;Sexe feminin;65 ans et plus;21,157
2016;Y15T64;FRA;France;PS;Personnes;F;Sexe feminin;De 15 a 64 ans;21153393
2016;Y15T64;FRA;France;PT;Pourcentage de la population;F;Sexe feminin;De 15 a 64 ans;61,448
2016;Y_LT15;FRA;France;PS;Personnes;_T;Total;Moins de 15 ans;12246020,82
2016;Y_LT15;FRA;France;PT;Pourcentage de la population;_T;Total;Moins de 15 ans;18,363
2016;Y_LT15;FRA;France;PS;Personnes;F;Sexe feminin;Moins de 15 ans;5988209,442
2016;Y_LT15;FRA;France;PT;Pourcentage de la population;F;Sexe feminin;Moins de 15 ans;17,395
2016;Y_LT15;FRA;France;PS;Personnes;M;Sexe masculin;Moins de 15 ans;6257862,209
2016;Y_LT15;FRA;France;PT;Pourcentage de la population;M;Sexe masculin;Moins de 15 ans;19,396
2017;Y15T64;FRA;France;PS;Personnes;_T;Total;De 15 a 64 ans;41665470
2017;Y15T64;FRA;France;PT;Pourcentage de la population;_T;Total;De 15 a 64 ans;62,296
2017;Y_GE65;FRA;France;PS;Personnes;_T;Total;65 ans et plus;13023872
2017;Y_GE65;FRA;France;PT;Pourcentage de la population;_T;Total;65 ans et plus;19,473
2017;Y15T64;FRA;France;PS;Personnes;M;Sexe masculin;De 15 a 64 ans;20536531
2017;Y15T64;FRA;France;PT;Pourcentage de la population;M;Sexe masculin;De 15 a 64 ans;63,487
2017;Y_GE65;FRA;France;PS;Personnes;M;Sexe masculin;65 ans et plus;5581768
2017;Y_GE65;FRA;France;PT;Pourcentage de la population;M;Sexe masculin;65 ans et plus;17,256
2017;Y_GE65;FRA;France;PS;Personnes;F;Sexe feminin;65 ans et plus;7442104
2017;Y_GE65;FRA;France;PT;Pourcentage de la population;F;Sexe feminin;65 ans et plus;21,549
2017;Y15T64;FRA;France;PS;Personnes;F;Sexe feminin;De 15 a 64 ans;21128939
2017;Y15T64;FRA;France;PT;Pourcentage de la population;F;Sexe feminin;De 15 a 64 ans;61,18
2017;Y_LT15;FRA;France;PS;Personnes;_T;Total;Moins de 15 ans;12194165,81
2017;Y_LT15;FRA;France;PT;Pourcentage de la population;_T;Total;Moins de 15 ans;18,232
2017;Y_LT15;FRA;France;PS;Personnes;F;Sexe feminin;Moins de 15 ans;5964679,572
2017;Y_LT15;FRA;France;PT;Pourcentage de la population;F;Sexe feminin;Moins de 15 ans;17,271
2017;Y_LT15;FRA;France;PS;Personnes;M;Sexe masculin;Moins de 15 ans;6229159,038
2017;Y_LT15;FRA;France;PT;Pourcentage de la population;M;Sexe masculin;Moins de 15 ans;19,257
2018;Y15T64;FRA;France;PS;Personnes;_T;Total;De 15 a 64 ans;41671167
2018;Y15T64;FRA;France;PT;Pourcentage de la population;_T;Total;De 15 a 64 ans;62,08
2018;Y_GE65;FRA;France;PS;Personnes;_T;Total;65 ans et plus;13314321
2018;Y_GE65;FRA;France;PT;Pourcentage de la population;_T;Total;65 ans et plus;19,835
2018;Y15T64;FRA;France;PS;Personnes;M;Sexe masculin;De 15 a 64 ans;20540963
2018;Y15T64;FRA;France;PT;Pourcentage de la population;M;Sexe masculin;De 15 a 64 ans;63,268
2018;Y_GE65;FRA;France;PS;Personnes;M;Sexe masculin;65 ans et plus;5723231
2018;Y_GE65;FRA;France;PT;Pourcentage de la population;M;Sexe masculin;65 ans et plus;17,628
2018;Y_GE65;FRA;France;PS;Personnes;F;Sexe feminin;65 ans et plus;7591090
2018;Y_GE65;FRA;France;PT;Pourcentage de la population;F;Sexe feminin;65 ans et plus;21,903
2018;Y15T64;FRA;France;PS;Personnes;F;Sexe feminin;De 15 a 64 ans;21130204
2018;Y15T64;FRA;France;PT;Pourcentage de la population;F;Sexe feminin;De 15 a 64 ans;60,967
2018;Y_LT15;FRA;France;PS;Personnes;_T;Total;Moins de 15 ans;12139569,09
2018;Y_LT15;FRA;France;PT;Pourcentage de la population;_T;Total;Moins de 15 ans;18,085
2018;Y_LT15;FRA;France;PS;Personnes;F;Sexe feminin;Moins de 15 ans;5936955,484
2018;Y_LT15;FRA;France;PT;Pourcentage de la population;F;Sexe feminin;Moins de 15 ans;17,13
2018;Y_LT15;FRA;France;PS;Personnes;M;Sexe masculin;Moins de 15 ans;6202789,209
2018;Y_LT15;FRA;France;PT;Pourcentage de la population;M;Sexe masculin;Moins de 15 ans;19,105
2019;Y15T64;FRA;France;PS;Personnes;_T;Total;De 15 a 64 ans;41677958
2019;Y15T64;FRA;France;PT;Pourcentage de la population;_T;Total;De 15 a 64 ans;61,883
2019;Y_GE65;FRA;France;PS;Personnes;_T;Total;65 ans et plus;13602819
2019;Y_GE65;FRA;France;PT;Pourcentage de la population;_T;Total;65 ans et plus;20,197
2019;Y15T64;FRA;France;PS;Personnes;M;Sexe masculin;De 15 a 64 ans;20551278
2019;Y15T64;FRA;France;PT;Pourcentage de la population;M;Sexe masculin;De 15 a 64 ans;63,074
2019;Y_GE65;FRA;France;PS;Personnes;M;Sexe masculin;65 ans et plus;5861198
2019;Y_GE65;FRA;France;PT;Pourcentage de la population;M;Sexe masculin;65 ans et plus;17,989
2019;Y_GE65;FRA;France;PS;Personnes;F;Sexe feminin;65 ans et plus;7741621
2019;Y_GE65;FRA;France;PT;Pourcentage de la population;F;Sexe feminin;65 ans et plus;22,267
2019;Y15T64;FRA;France;PS;Personnes;F;Sexe feminin;De 15 a 64 ans;21126680
2019;Y15T64;FRA;France;PT;Pourcentage de la population;F;Sexe feminin;De 15 a 64 ans;60,766
2019;Y_LT15;FRA;France;PS;Personnes;_T;Total;Moins de 15 ans;12069106,02
2019;Y_LT15;FRA;France;PT;Pourcentage de la population;_T;Total;Moins de 15 ans;17,92
2019;Y_LT15;FRA;France;PS;Personnes;F;Sexe feminin;Moins de 15 ans;5898927,07
2019;Y_LT15;FRA;France;PT;Pourcentage de la population;F;Sexe feminin;Moins de 15 ans;16,967
2019;Y_LT15;FRA;France;PS;Personnes;M;Sexe masculin;Moins de 15 ans;6170542,406
2019;Y_LT15;FRA;France;PT;Pourcentage de la population;M;Sexe masculin;Moins de 15 ans;18,938
2020;Y_GE65;FRA;France;PS;Personnes;F;Sexe feminin;65 ans et plus;7875749
2020;Y_GE65;FRA;France;PT;Pourcentage de la population;F;Sexe feminin;65 ans et plus;22,585
2020;Y15T64;FRA;France;PS;Personnes;F;Sexe feminin;De 15 a 64 ans;21134069
2020;Y15T64;FRA;France;PT;Pourcentage de la population;F;Sexe feminin;De 15 a 64 ans;60,606
2020;Y15T64;FRA;France;PS;Personnes;M;Sexe masculin;De 15 a 64 ans;20583721
2020;Y15T64;FRA;France;PT;Pourcentage de la population;M;Sexe masculin;De 15 a 64 ans;62,95
2020;Y_GE65;FRA;France;PS;Personnes;M;Sexe masculin;65 ans et plus;5979611
2020;Y_GE65;FRA;France;PT;Pourcentage de la population;M;Sexe masculin;65 ans et plus;18,287
2020;Y15T64;FRA;France;PS;Personnes;_T;Total;De 15 a 64 ans;41717790
2020;Y15T64;FRA;France;PT;Pourcentage de la population;_T;Total;De 15 a 64 ans;61,741
2020;Y_GE65;FRA;France;PS;Personnes;_T;Total;65 ans et plus;13855360
2020;Y_GE65;FRA;France;PT;Pourcentage de la population;_T;Total;65 ans et plus;20,505
2020;Y_LT15;FRA;France;PS;Personnes;_T;Total;Moins de 15 ans;11996282,99
2020;Y_LT15;FRA;France;PT;Pourcentage de la population;_T;Total;Moins de 15 ans;17,754
2020;Y_LT15;FRA;France;PS;Personnes;F;Sexe feminin;Moins de 15 ans;5861121,21
2020;Y_LT15;FRA;France;PT;Pourcentage de la population;F;Sexe feminin;Moins de 15 ans;16,808
2020;Y_LT15;FRA;France;PS;Personnes;M;Sexe masculin;Moins de 15 ans;6135209,235
2020;Y_LT15;FRA;France;PT;Pourcentage de la population;M;Sexe masculin;Moins de 15 ans;18,763
2021;Y15T64;FRA;France;PS;Personnes;F;Sexe feminin;De 15 a 64 ans;21193024
2021;Y15T64;FRA;France;PT;Pourcentage de la population;F;Sexe feminin;De 15 a 64 ans;60,532
2021;Y_GE65;FRA;France;PS;Personnes;F;Sexe feminin;65 ans et plus;7997722
2021;Y_GE65;FRA;France;PT;Pourcentage de la population;F;Sexe feminin;65 ans et plus;22,843
2021;Y15T64;FRA;France;PS;Personnes;M;Sexe masculin;De 15 a 64 ans;20683046
2021;Y15T64;FRA;France;PT;Pourcentage de la population;M;Sexe masculin;De 15 a 64 ans;62,929
2021;Y_GE65;FRA;France;PS;Personnes;M;Sexe masculin;65 ans et plus;6089238
2021;Y_GE65;FRA;France;PT;Pourcentage de la population;M;Sexe masculin;65 ans et plus;18,527
2021;Y15T64;FRA;France;PS;Personnes;_T;Total;De 15 a 64 ans;41876070
2021;Y15T64;FRA;France;PT;Pourcentage de la population;_T;Total;De 15 a 64 ans;61,693
2021;Y_GE65;FRA;France;PS;Personnes;_T;Total;65 ans et plus;14086960
2021;Y_GE65;FRA;France;PT;Pourcentage de la population;_T;Total;65 ans et plus;20,753
2021;Y_LT15;FRA;France;PS;Personnes;_T;Total;Moins de 15 ans;11915418,22
2021;Y_LT15;FRA;France;PT;Pourcentage de la population;_T;Total;Moins de 15 ans;17,554
2021;Y_LT15;FRA;France;PS;Personnes;F;Sexe feminin;Moins de 15 ans;5820622,64
2021;Y_LT15;FRA;France;PT;Pourcentage de la population;F;Sexe feminin;Moins de 15 ans;16,625
2021;Y_LT15;FRA;France;PS;Personnes;M;Sexe masculin;Moins de 15 ans;6095256,734
2021;Y_LT15;FRA;France;PT;Pourcentage de la population;M;Sexe masculin;Moins de 15 ans;18,545
2022;Y_GE65;FRA;France;PS;Personnes;F;Sexe feminin;65 ans et plus;8114464
2022;Y_GE65;FRA;France;PT;Pourcentage de la population;F;Sexe feminin;65 ans et plus;23,097
2022;Y15T64;FRA;France;PS;Personnes;F;Sexe feminin;De 15 a 64 ans;21250651
2022;Y15T64;FRA;France;PT;Pourcentage de la population;F;Sexe feminin;De 15 a 64 ans;60,487
2022;Y15T64;FRA;France;PS;Personnes;M;Sexe masculin;De 15 a 64 ans;20777643
2022;Y15T64;FRA;France;PT;Pourcentage de la population;M;Sexe masculin;De 15 a 64 ans;62,923
2022;Y_GE65;FRA;France;PS;Personnes;M;Sexe masculin;65 ans et plus;6199821
2022;Y_GE65;FRA;France;PT;Pourcentage de la population;M;Sexe masculin;65 ans et plus;18,776
2022;Y15T64;FRA;France;PS;Personnes;_T;Total;De 15 a 64 ans;42028294
2022;Y15T64;FRA;France;PT;Pourcentage de la population;_T;Total;De 15 a 64 ans;61,667
2022;Y_GE65;FRA;France;PS;Personnes;_T;Total;65 ans et plus;14314285
2022;Y_GE65;FRA;France;PT;Pourcentage de la population;_T;Total;65 ans et plus;21,003
2022;Y_LT15;FRA;France;PS;Personnes;_T;Total;Moins de 15 ans;11810259,36
2022;Y_LT15;FRA;France;PT;Pourcentage de la population;_T;Total;Moins de 15 ans;17,329
2022;Y_LT15;FRA;France;PS;Personnes;F;Sexe feminin;Moins de 15 ans;5767337,575
2022;Y_LT15;FRA;France;PT;Pourcentage de la population;F;Sexe feminin;Moins de 15 ans;16,416
2022;Y_LT15;FRA;France;PS;Personnes;M;Sexe masculin;Moins de 15 ans;6043124,346
2022;Y_LT15;FRA;France;PT;Pourcentage de la population;M;Sexe masculin;Moins de 15 ans;18,301
2023;Y15T64;FRA;France;PS;Personnes;F;Sexe feminin;De 15 a 64 ans;21279430
2023;Y15T64;FRA;France;PT;Pourcentage de la population;F;Sexe feminin;De 15 a 64 ans;60,43
2023;Y_GE65;FRA;France;PS;Personnes;F;Sexe feminin;65 ans et plus;8232823
2023;Y_GE65;FRA;France;PT;Pourcentage de la population;F;Sexe feminin;65 ans et plus;23,38
2023;Y15T64;FRA;France;PS;Personnes;M;Sexe masculin;De 15 a 64 ans;20838612
2023;Y15T64;FRA;France;PT;Pourcentage de la population;M;Sexe masculin;De 15 a 64 ans;62,904
2023;Y_GE65;FRA;France;PS;Personnes;M;Sexe masculin;65 ans et plus;6312449
2023;Y_GE65;FRA;France;PT;Pourcentage de la population;M;Sexe masculin;65 ans et plus;19,055
2023;Y15T64;FRA;France;PS;Personnes;_T;Total;De 15 a 64 ans;42118042
2023;Y15T64;FRA;France;PT;Pourcentage de la population;_T;Total;De 15 a 64 ans;61,629
2023;Y_GE65;FRA;France;PS;Personnes;_T;Total;65 ans et plus;14545272
2023;Y_GE65;FRA;France;PT;Pourcentage de la population;_T;Total;65 ans et plus;21,283
2023;Y_LT15;FRA;France;PS;Personnes;_T;Total;Moins de 15 ans;11678169,55
2023;Y_LT15;FRA;France;PT;Pourcentage de la population;_T;Total;Moins de 15 ans;17,088
2023;Y_LT15;FRA;France;PS;Personnes;F;Sexe feminin;Moins de 15 ans;5701440,938
2023;Y_LT15;FRA;France;PT;Pourcentage de la population;F;Sexe feminin;Moins de 15 ans;16,191
2023;Y_LT15;FRA;France;PS;Personnes;M;Sexe masculin;Moins de 15 ans;5976569,259
2023;Y_LT15;FRA;France;PT;Pourcentage de la population;M;Sexe masculin;Moins de 15 ans;18,041
2024;Y_GE65;FRA;France;PS;Personnes;F;Sexe feminin;65 ans et plus;8361219
2024;Y_GE65;FRA;France;PT;Pourcentage de la population;F;Sexe feminin;65 ans et plus;23,692
2024;Y15T64;FRA;France;PS;Personnes;F;Sexe feminin;De 15 a 64 ans;21303539
2024;Y15T64;FRA;France;PT;Pourcentage de la population;F;Sexe feminin;De 15 a 64 ans;60,366
2024;Y15T64;FRA;France;PS;Personnes;M;Sexe masculin;De 15 a 64 ans;20894695
2024;Y15T64;FRA;France;PT;Pourcentage de la population;M;Sexe masculin;De 15 a 64 ans;62,878
2024;Y_GE65;FRA;France;PS;Personnes;M;Sexe masculin;65 ans et plus;6435594
2024;Y_GE65;FRA;France;PT;Pourcentage de la population;M;Sexe masculin;65 ans et plus;19,367
2024;Y15T64;FRA;France;PS;Personnes;_T;Total;De 15 a 64 ans;42198234
2024;Y15T64;FRA;France;PT;Pourcentage de la population;_T;Total;De 15 a 64 ans;61,584
2024;Y_GE65;FRA;France;PS;Personnes;_T;Total;65 ans et plus;14796813
2024;Y_GE65;FRA;France;PT;Pourcentage de la population;_T;Total;65 ans et plus;21,595
2024;Y_LT15;FRA;France;PS;Personnes;_T;Total;Moins de 15 ans;11525936,42
2024;Y_LT15;FRA;France;PT;Pourcentage de la population;_T;Total;Moins de 15 ans;16,821
2024;Y_LT15;FRA;France;PS;Personnes;F;Sexe feminin;Moins de 15 ans;5626041,64
2024;Y_LT15;FRA;France;PT;Pourcentage de la population;F;Sexe feminin;Moins de 15 ans;15,942
2024;Y_LT15;FRA;France;PS;Personnes;M;Sexe masculin;Moins de 15 ans;5900061,781
2024;Y_LT15;FRA;France;PT;Pourcentage de la population;M;Sexe masculin;Moins de 15 ans;17,755
2002;Y15T64;GRC;Grece;PS;Personnes;_T;Total;De 15 a 64 ans;7279563
2002;Y15T64;GRC;Grece;PT;Pourcentage de la population;_T;Total;De 15 a 64 ans;66,773
2002;Y_GE65;GRC;Grece;PS;Personnes;_T;Total;65 ans et plus;1921272
2002;Y_GE65;GRC;Grece;PT;Pourcentage de la population;_T;Total;65 ans et plus;17,623
2002;Y15T64;GRC;Grece;PS;Personnes;M;Sexe masculin;De 15 a 64 ans;3667018
2002;Y15T64;GRC;Grece;PT;Pourcentage de la population;M;Sexe masculin;De 15 a 64 ans;68,06
2002;Y_GE65;GRC;Grece;PS;Personnes;M;Sexe masculin;65 ans et plus;850410
2002;Y_GE65;GRC;Grece;PT;Pourcentage de la population;M;Sexe masculin;65 ans et plus;15,784
2002;Y_GE65;GRC;Grece;PS;Personnes;F;Sexe feminin;65 ans et plus;1070862
2002;Y_GE65;GRC;Grece;PT;Pourcentage de la population;F;Sexe feminin;65 ans et plus;19,42
2002;Y15T64;GRC;Grece;PS;Personnes;F;Sexe feminin;De 15 a 64 ans;3612545
2002;Y15T64;GRC;Grece;PT;Pourcentage de la population;F;Sexe feminin;De 15 a 64 ans;65,515
2002;Y_LT15;GRC;Grece;PS;Personnes;_T;Total;Moins de 15 ans;1701151,513
2002;Y_LT15;GRC;Grece;PT;Pourcentage de la population;_T;Total;Moins de 15 ans;15,604
2002;Y_LT15;GRC;Grece;PS;Personnes;F;Sexe feminin;Moins de 15 ans;830700,3702
2002;Y_LT15;GRC;Grece;PT;Pourcentage de la population;F;Sexe feminin;Moins de 15 ans;15,065
2002;Y_LT15;GRC;Grece;PS;Personnes;M;Sexe masculin;Moins de 15 ans;870471,3858
2002;Y_LT15;GRC;Grece;PT;Pourcentage de la population;M;Sexe masculin;Moins de 15 ans;16,156
2003;Y15T64;GRC;Grece;PS;Personnes;_T;Total;De 15 a 64 ans;7288047
2003;Y15T64;GRC;Grece;PT;Pourcentage de la population;_T;Total;De 15 a 64 ans;66,691
2003;Y_GE65;GRC;Grece;PS;Personnes;_T;Total;65 ans et plus;1956623
2003;Y_GE65;GRC;Grece;PT;Pourcentage de la population;_T;Total;65 ans et plus;17,905
2003;Y15T64;GRC;Grece;PS;Personnes;M;Sexe masculin;De 15 a 64 ans;3673209
2003;Y15T64;GRC;Grece;PT;Pourcentage de la population;M;Sexe masculin;De 15 a 64 ans;68,017
2003;Y_GE65;GRC;Grece;PS;Personnes;M;Sexe masculin;65 ans et plus;865700
2003;Y_GE65;GRC;Grece;PT;Pourcentage de la population;M;Sexe masculin;65 ans et plus;16,03
2003;Y_GE65;GRC;Grece;PS;Personnes;F;Sexe feminin;65 ans et plus;1090923
2003;Y_GE65;GRC;Grece;PT;Pourcentage de la population;F;Sexe feminin;65 ans et plus;19,736
2003;Y15T64;GRC;Grece;PS;Personnes;F;Sexe feminin;De 15 a 64 ans;3614838
2003;Y15T64;GRC;Grece;PT;Pourcentage de la population;F;Sexe feminin;De 15 a 64 ans;65,396
2003;Y_LT15;GRC;Grece;PS;Personnes;_T;Total;Moins de 15 ans;1683360,211
2003;Y_LT15;GRC;Grece;PT;Pourcentage de la population;_T;Total;Moins de 15 ans;15,404
2003;Y_LT15;GRC;Grece;PS;Personnes;F;Sexe feminin;Moins de 15 ans;821905,5351
2003;Y_LT15;GRC;Grece;PT;Pourcentage de la population;F;Sexe feminin;Moins de 15 ans;14,869
2003;Y_LT15;GRC;Grece;PS;Personnes;M;Sexe masculin;Moins de 15 ans;861530,1193
2003;Y_LT15;GRC;Grece;PT;Pourcentage de la population;M;Sexe masculin;Moins de 15 ans;15,953
2004;Y15T64;GRC;Grece;PS;Personnes;_T;Total;De 15 a 64 ans;7301981
2004;Y15T64;GRC;Grece;PT;Pourcentage de la population;_T;Total;De 15 a 64 ans;66,653
2004;Y_GE65;GRC;Grece;PS;Personnes;_T;Total;65 ans et plus;1989575
2004;Y_GE65;GRC;Grece;PT;Pourcentage de la population;_T;Total;65 ans et plus;18,161
2004;Y15T64;GRC;Grece;PS;Personnes;M;Sexe masculin;De 15 a 64 ans;3681239
2004;Y15T64;GRC;Grece;PT;Pourcentage de la population;M;Sexe masculin;De 15 a 64 ans;68,017
2004;Y_GE65;GRC;Grece;PS;Personnes;M;Sexe masculin;65 ans et plus;879638
2004;Y_GE65;GRC;Grece;PT;Pourcentage de la population;M;Sexe masculin;65 ans et plus;16,253
2004;Y_GE65;GRC;Grece;PS;Personnes;F;Sexe feminin;65 ans et plus;1109937
2004;Y_GE65;GRC;Grece;PT;Pourcentage de la population;F;Sexe feminin;65 ans et plus;20,025
2004;Y15T64;GRC;Grece;PS;Personnes;F;Sexe feminin;De 15 a 64 ans;3620742
2004;Y15T64;GRC;Grece;PT;Pourcentage de la population;F;Sexe feminin;De 15 a 64 ans;65,322
2004;Y_LT15;GRC;Grece;PS;Personnes;_T;Total;Moins de 15 ans;1663538,313
2004;Y_LT15;GRC;Grece;PT;Pourcentage de la population;_T;Total;Moins de 15 ans;15,185
2004;Y_LT15;GRC;Grece;PS;Personnes;F;Sexe feminin;Moins de 15 ans;812197,1807
2004;Y_LT15;GRC;Grece;PT;Pourcentage de la population;F;Sexe feminin;Moins de 15 ans;14,653
2004;Y_LT15;GRC;Grece;PS;Personnes;M;Sexe masculin;Moins de 15 ans;851404,0364
2004;Y_LT15;GRC;Grece;PT;Pourcentage de la population;M;Sexe masculin;Moins de 15 ans;15,731
2005;Y15T64;GRC;Grece;PS;Personnes;_T;Total;De 15 a 64 ans;7321993
2005;Y15T64;GRC;Grece;PT;Pourcentage de la population;_T;Total;De 15 a 64 ans;66,64
2005;Y_GE65;GRC;Grece;PS;Personnes;_T;Total;65 ans et plus;2018267
2005;Y_GE65;GRC;Grece;PT;Pourcentage de la population;_T;Total;65 ans et plus;18,369
2005;Y15T64;GRC;Grece;PS;Personnes;M;Sexe masculin;De 15 a 64 ans;3691457
2005;Y15T64;GRC;Grece;PT;Pourcentage de la population;M;Sexe masculin;De 15 a 64 ans;68,034
2005;Y_GE65;GRC;Grece;PS;Personnes;M;Sexe masculin;65 ans et plus;891408
2005;Y_GE65;GRC;Grece;PT;Pourcentage de la population;M;Sexe masculin;65 ans et plus;16,429
2005;Y_GE65;GRC;Grece;PS;Personnes;F;Sexe feminin;65 ans et plus;1126859
2005;Y_GE65;GRC;Grece;PT;Pourcentage de la population;F;Sexe feminin;65 ans et plus;20,262
2005;Y15T64;GRC;Grece;PS;Personnes;F;Sexe feminin;De 15 a 64 ans;3630536
2005;Y15T64;GRC;Grece;PT;Pourcentage de la population;F;Sexe feminin;De 15 a 64 ans;65,281
2005;Y_LT15;GRC;Grece;PS;Personnes;_T;Total;Moins de 15 ans;1647108,542
2005;Y_LT15;GRC;Grece;PT;Pourcentage de la population;_T;Total;Moins de 15 ans;14,991
2005;Y_LT15;GRC;Grece;PS;Personnes;F;Sexe feminin;Moins de 15 ans;804009,8632
2005;Y_LT15;GRC;Grece;PT;Pourcentage de la population;F;Sexe feminin;Moins de 15 ans;14,457
2005;Y_LT15;GRC;Grece;PS;Personnes;M;Sexe masculin;Moins de 15 ans;843080,6926
2005;Y_LT15;GRC;Grece;PT;Pourcentage de la population;M;Sexe masculin;Moins de 15 ans;15,538
2006;Y15T64;GRC;Grece;PS;Personnes;_T;Total;De 15 a 64 ans;7345798
2006;Y15T64;GRC;Grece;PT;Pourcentage de la population;_T;Total;De 15 a 64 ans;66,657
2006;Y_GE65;GRC;Grece;PS;Personnes;_T;Total;65 ans et plus;2041039
2006;Y_GE65;GRC;Grece;PT;Pourcentage de la population;_T;Total;65 ans et plus;18,521
2006;Y15T64;GRC;Grece;PS;Personnes;M;Sexe masculin;De 15 a 64 ans;3700915
2006;Y15T64;GRC;Grece;PT;Pourcentage de la population;M;Sexe masculin;De 15 a 64 ans;68,059
2006;Y_GE65;GRC;Grece;PS;Personnes;M;Sexe masculin;65 ans et plus;901037
2006;Y_GE65;GRC;Grece;PT;Pourcentage de la population;M;Sexe masculin;65 ans et plus;16,57
2006;Y_GE65;GRC;Grece;PS;Personnes;F;Sexe feminin;65 ans et plus;1140002
2006;Y_GE65;GRC;Grece;PT;Pourcentage de la population;F;Sexe feminin;65 ans et plus;20,421
2006;Y15T64;GRC;Grece;PS;Personnes;F;Sexe feminin;De 15 a 64 ans;3644883
2006;Y15T64;GRC;Grece;PT;Pourcentage de la population;F;Sexe feminin;De 15 a 64 ans;65,291
2006;Y_LT15;GRC;Grece;PS;Personnes;_T;Total;Moins de 15 ans;1633548,852
2006;Y_LT15;GRC;Grece;PT;Pourcentage de la population;_T;Total;Moins de 15 ans;14,823
2006;Y_LT15;GRC;Grece;PS;Personnes;F;Sexe feminin;Moins de 15 ans;797634,3154
2006;Y_LT15;GRC;Grece;PT;Pourcentage de la population;F;Sexe feminin;Moins de 15 ans;14,288
2006;Y_LT15;GRC;Grece;PS;Personnes;M;Sexe masculin;Moins de 15 ans;835847,1585
2006;Y_LT15;GRC;Grece;PT;Pourcentage de la population;M;Sexe masculin;Moins de 15 ans;15,371
2007;Y15T64;GRC;Grece;PS;Personnes;_T;Total;De 15 a 64 ans;7367691
2007;Y15T64;GRC;Grece;PT;Pourcentage de la population;_T;Total;De 15 a 64 ans;66,685
2007;Y_GE65;GRC;Grece;PS;Personnes;_T;Total;65 ans et plus;2057753
2007;Y_GE65;GRC;Grece;PT;Pourcentage de la population;_T;Total;65 ans et plus;18,625
2007;Y15T64;GRC;Grece;PS;Personnes;M;Sexe masculin;De 15 a 64 ans;3706649
2007;Y15T64;GRC;Grece;PT;Pourcentage de la population;M;Sexe masculin;De 15 a 64 ans;68,073
2007;Y_GE65;GRC;Grece;PS;Personnes;M;Sexe masculin;65 ans et plus;908626
2007;Y_GE65;GRC;Grece;PT;Pourcentage de la population;M;Sexe masculin;65 ans et plus;16,687
2007;Y_GE65;GRC;Grece;PS;Personnes;F;Sexe feminin;65 ans et plus;1149127
2007;Y_GE65;GRC;Grece;PT;Pourcentage de la population;F;Sexe feminin;65 ans et plus;20,508
2007;Y15T64;GRC;Grece;PS;Personnes;F;Sexe feminin;De 15 a 64 ans;3661042
2007;Y15T64;GRC;Grece;PT;Pourcentage de la population;F;Sexe feminin;De 15 a 64 ans;65,336
2007;Y_LT15;GRC;Grece;PS;Personnes;_T;Total;Moins de 15 ans;1623019,655
2007;Y_LT15;GRC;Grece;PT;Pourcentage de la population;_T;Total;Moins de 15 ans;14,69
2007;Y_LT15;GRC;Grece;PS;Personnes;F;Sexe feminin;Moins de 15 ans;793213,4819
2007;Y_LT15;GRC;Grece;PT;Pourcentage de la population;F;Sexe feminin;Moins de 15 ans;14,156
2007;Y_LT15;GRC;Grece;PS;Personnes;M;Sexe masculin;Moins de 15 ans;829832,1732
2007;Y_LT15;GRC;Grece;PT;Pourcentage de la population;M;Sexe masculin;Moins de 15 ans;15,24
2008;Y15T64;GRC;Grece;PS;Personnes;_T;Total;De 15 a 64 ans;7383182
2008;Y15T64;GRC;Grece;PT;Pourcentage de la population;_T;Total;De 15 a 64 ans;66,648
2008;Y_GE65;GRC;Grece;PS;Personnes;_T;Total;65 ans et plus;2073587
2008;Y_GE65;GRC;Grece;PT;Pourcentage de la population;_T;Total;65 ans et plus;18,718
2008;Y15T64;GRC;Grece;PS;Personnes;M;Sexe masculin;De 15 a 64 ans;3707815
2008;Y15T64;GRC;Grece;PT;Pourcentage de la population;M;Sexe masculin;De 15 a 64 ans;68,008
2008;Y_GE65;GRC;Grece;PS;Personnes;M;Sexe masculin;65 ans et plus;915810
2008;Y_GE65;GRC;Grece;PT;Pourcentage de la population;M;Sexe masculin;65 ans et plus;16,798
2008;Y_GE65;GRC;Grece;PS;Personnes;F;Sexe feminin;65 ans et plus;1157777
2008;Y_GE65;GRC;Grece;PT;Pourcentage de la population;F;Sexe feminin;65 ans et plus;20,58
2008;Y15T64;GRC;Grece;PS;Personnes;F;Sexe feminin;De 15 a 64 ans;3675367
2008;Y15T64;GRC;Grece;PT;Pourcentage de la population;F;Sexe feminin;De 15 a 64 ans;65,33
2008;Y_LT15;GRC;Grece;PS;Personnes;_T;Total;Moins de 15 ans;1621020,181
2008;Y_LT15;GRC;Grece;PT;Pourcentage de la population;_T;Total;Moins de 15 ans;14,633
2008;Y_LT15;GRC;Grece;PS;Personnes;F;Sexe feminin;Moins de 15 ans;792677,7562
2008;Y_LT15;GRC;Grece;PT;Pourcentage de la population;F;Sexe feminin;Moins de 15 ans;14,09
2008;Y_LT15;GRC;Grece;PS;Personnes;M;Sexe masculin;Moins de 15 ans;828380,0707
2008;Y_LT15;GRC;Grece;PT;Pourcentage de la population;M;Sexe masculin;Moins de 15 ans;15,194
2009;Y15T64;GRC;Grece;PS;Personnes;_T;Total;De 15 a 64 ans;7385008
2009;Y15T64;GRC;Grece;PT;Pourcentage de la population;_T;Total;De 15 a 64 ans;66,49
2009;Y_GE65;GRC;Grece;PS;Personnes;_T;Total;65 ans et plus;2096461
2009;Y_GE65;GRC;Grece;PT;Pourcentage de la population;_T;Total;65 ans et plus;18,875
2009;Y15T64;GRC;Grece;PS;Personnes;M;Sexe masculin;De 15 a 64 ans;3702014
2009;Y15T64;GRC;Grece;PT;Pourcentage de la population;M;Sexe masculin;De 15 a 64 ans;67,821
2009;Y_GE65;GRC;Grece;PS;Personnes;M;Sexe masculin;65 ans et plus;926047
2009;Y_GE65;GRC;Grece;PT;Pourcentage de la population;M;Sexe masculin;65 ans et plus;16,965
2009;Y_GE65;GRC;Grece;PS;Personnes;F;Sexe feminin;65 ans et plus;1170414
2009;Y_GE65;GRC;Grece;PT;Pourcentage de la population;F;Sexe feminin;65 ans et plus;20,721
2009;Y15T64;GRC;Grece;PS;Personnes;F;Sexe feminin;De 15 a 64 ans;3682994
2009;Y15T64;GRC;Grece;PT;Pourcentage de la population;F;Sexe feminin;De 15 a 64 ans;65,203
2009;Y_LT15;GRC;Grece;PS;Personnes;_T;Total;Moins de 15 ans;1625511,938
2009;Y_LT15;GRC;Grece;PT;Pourcentage de la population;_T;Total;Moins de 15 ans;14,635
2009;Y_LT15;GRC;Grece;PS;Personnes;F;Sexe feminin;Moins de 15 ans;795144,9758
2009;Y_LT15;GRC;Grece;PT;Pourcentage de la population;F;Sexe feminin;Moins de 15 ans;14,077
2009;Y_LT15;GRC;Grece;PS;Personnes;M;Sexe masculin;Moins de 15 ans;830398,106
2009;Y_LT15;GRC;Grece;PT;Pourcentage de la population;M;Sexe masculin;Moins de 15 ans;15,213
2010;Y15T64;GRC;Grece;PS;Personnes;_T;Total;De 15 a 64 ans;7365539
2010;Y15T64;GRC;Grece;PT;Pourcentage de la population;_T;Total;De 15 a 64 ans;66,229
2010;Y_GE65;GRC;Grece;PS;Personnes;_T;Total;65 ans et plus;2127908
2010;Y_GE65;GRC;Grece;PT;Pourcentage de la population;_T;Total;65 ans et plus;19,134
2010;Y15T64;GRC;Grece;PS;Personnes;M;Sexe masculin;De 15 a 64 ans;3685371
2010;Y15T64;GRC;Grece;PT;Pourcentage de la population;M;Sexe masculin;De 15 a 64 ans;67,533
2010;Y_GE65;GRC;Grece;PS;Personnes;M;Sexe masculin;65 ans et plus;940290
2010;Y_GE65;GRC;Grece;PT;Pourcentage de la population;M;Sexe masculin;65 ans et plus;17,23
2010;Y_GE65;GRC;Grece;PS;Personnes;F;Sexe feminin;65 ans et plus;1187618
2010;Y_GE65;GRC;Grece;PT;Pourcentage de la population;F;Sexe feminin;65 ans et plus;20,967
2010;Y15T64;GRC;Grece;PS;Personnes;F;Sexe feminin;De 15 a 64 ans;3680168
2010;Y15T64;GRC;Grece;PT;Pourcentage de la population;F;Sexe feminin;De 15 a 64 ans;64,973
2010;Y_LT15;GRC;Grece;PS;Personnes;_T;Total;Moins de 15 ans;1627942,335
2010;Y_LT15;GRC;Grece;PT;Pourcentage de la population;_T;Total;Moins de 15 ans;14,638
2010;Y_LT15;GRC;Grece;PS;Personnes;F;Sexe feminin;Moins de 15 ans;796384,6922
2010;Y_LT15;GRC;Grece;PT;Pourcentage de la population;F;Sexe feminin;Moins de 15 ans;14,06
2010;Y_LT15;GRC;Grece;PS;Personnes;M;Sexe masculin;Moins de 15 ans;831507,0121
2010;Y_LT15;GRC;Grece;PT;Pourcentage de la population;M;Sexe masculin;Moins de 15 ans;15,237
2011;Y15T64;GRC;Grece;PS;Personnes;_T;Total;De 15 a 64 ans;7314648
2011;Y15T64;GRC;Grece;PT;Pourcentage de la population;_T;Total;De 15 a 64 ans;65,869
2011;Y_GE65;GRC;Grece;PS;Personnes;_T;Total;65 ans et plus;2163085
2011;Y_GE65;GRC;Grece;PT;Pourcentage de la population;_T;Total;65 ans et plus;19,479
2011;Y15T64;GRC;Grece;PS;Personnes;M;Sexe masculin;De 15 a 64 ans;3650980
2011;Y15T64;GRC;Grece;PT;Pourcentage de la population;M;Sexe masculin;De 15 a 64 ans;67,13
2011;Y_GE65;GRC;Grece;PS;Personnes;M;Sexe masculin;65 ans et plus;956159
2011;Y_GE65;GRC;Grece;PT;Pourcentage de la population;M;Sexe masculin;65 ans et plus;17,581
2011;Y_GE65;GRC;Grece;PS;Personnes;F;Sexe feminin;65 ans et plus;1206926
2011;Y_GE65;GRC;Grece;PT;Pourcentage de la population;F;Sexe feminin;65 ans et plus;21,3
2011;Y15T64;GRC;Grece;PS;Personnes;F;Sexe feminin;De 15 a 64 ans;3663668
2011;Y15T64;GRC;Grece;PT;Pourcentage de la population;F;Sexe feminin;De 15 a 64 ans;64,658
2011;Y_LT15;GRC;Grece;PS;Personnes;_T;Total;Moins de 15 ans;1627200,997
2011;Y_LT15;GRC;Grece;PT;Pourcentage de la population;_T;Total;Moins de 15 ans;14,653
2011;Y_LT15;GRC;Grece;PS;Personnes;F;Sexe feminin;Moins de 15 ans;795652,8591
2011;Y_LT15;GRC;Grece;PT;Pourcentage de la population;F;Sexe feminin;Moins de 15 ans;14,042
2011;Y_LT15;GRC;Grece;PS;Personnes;M;Sexe masculin;Moins de 15 ans;831517,339
2011;Y_LT15;GRC;Grece;PT;Pourcentage de la population;M;Sexe masculin;Moins de 15 ans;15,289
2012;Y15T64;GRC;Grece;PS;Personnes;_T;Total;De 15 a 64 ans;7230056
2012;Y15T64;GRC;Grece;PT;Pourcentage de la population;_T;Total;De 15 a 64 ans;65,46
2012;Y_GE65;GRC;Grece;PS;Personnes;_T;Total;65 ans et plus;2194106
2012;Y_GE65;GRC;Grece;PT;Pourcentage de la population;_T;Total;65 ans et plus;19,865
2012;Y15T64;GRC;Grece;PS;Personnes;M;Sexe masculin;De 15 a 64 ans;3596111
2012;Y15T64;GRC;Grece;PT;Pourcentage de la population;M;Sexe masculin;De 15 a 64 ans;66,656
2012;Y_GE65;GRC;Grece;PS;Personnes;M;Sexe masculin;65 ans et plus;969943
2012;Y_GE65;GRC;Grece;PT;Pourcentage de la population;M;Sexe masculin;65 ans et plus;17,978
2012;Y_GE65;GRC;Grece;PS;Personnes;F;Sexe feminin;65 ans et plus;1224163
2012;Y_GE65;GRC;Grece;PT;Pourcentage de la population;F;Sexe feminin;65 ans et plus;21,667
2012;Y15T64;GRC;Grece;PS;Personnes;F;Sexe feminin;De 15 a 64 ans;3633945
2012;Y15T64;GRC;Grece;PT;Pourcentage de la population;F;Sexe feminin;De 15 a 64 ans;64,318
2012;Y_LT15;GRC;Grece;PS;Personnes;_T;Total;Moins de 15 ans;1620855,218
2012;Y_LT15;GRC;Grece;PT;Pourcentage de la population;_T;Total;Moins de 15 ans;14,675
2012;Y_LT15;GRC;Grece;PS;Personnes;F;Sexe feminin;Moins de 15 ans;791839,2312
2012;Y_LT15;GRC;Grece;PT;Pourcentage de la population;F;Sexe feminin;Moins de 15 ans;14,015
2012;Y_LT15;GRC;Grece;PS;Personnes;M;Sexe masculin;Moins de 15 ans;829006,3025
2012;Y_LT15;GRC;Grece;PT;Pourcentage de la population;M;Sexe masculin;Moins de 15 ans;15,366
2013;Y15T64;GRC;Grece;PS;Personnes;_T;Total;De 15 a 64 ans;7134205
2013;Y15T64;GRC;Grece;PT;Pourcentage de la population;_T;Total;De 15 a 64 ans;65,062
2013;Y_GE65;GRC;Grece;PS;Personnes;_T;Total;65 ans et plus;2223141
2013;Y_GE65;GRC;Grece;PT;Pourcentage de la population;_T;Total;65 ans et plus;20,274
2013;Y15T64;GRC;Grece;PS;Personnes;M;Sexe masculin;De 15 a 64 ans;3533973
2013;Y15T64;GRC;Grece;PT;Pourcentage de la population;M;Sexe masculin;De 15 a 64 ans;66,182
2013;Y_GE65;GRC;Grece;PS;Personnes;M;Sexe masculin;65 ans et plus;982811
2013;Y_GE65;GRC;Grece;PT;Pourcentage de la population;M;Sexe masculin;65 ans et plus;18,406
2013;Y_GE65;GRC;Grece;PS;Personnes;F;Sexe feminin;65 ans et plus;1240330
2013;Y_GE65;GRC;Grece;PT;Pourcentage de la population;F;Sexe feminin;65 ans et plus;22,048
2013;Y15T64;GRC;Grece;PS;Personnes;F;Sexe feminin;De 15 a 64 ans;3600232
2013;Y15T64;GRC;Grece;PT;Pourcentage de la population;F;Sexe feminin;De 15 a 64 ans;63,999
2013;Y_LT15;GRC;Grece;PS;Personnes;_T;Total;Moins de 15 ans;1607828,596
2013;Y_LT15;GRC;Grece;PT;Pourcentage de la population;_T;Total;Moins de 15 ans;14,663
2013;Y_LT15;GRC;Grece;PS;Personnes;F;Sexe feminin;Moins de 15 ans;784921,1315
2013;Y_LT15;GRC;Grece;PT;Pourcentage de la population;F;Sexe feminin;Moins de 15 ans;13,953
2013;Y_LT15;GRC;Grece;PS;Personnes;M;Sexe masculin;Moins de 15 ans;822961,3453
2013;Y_LT15;GRC;Grece;PT;Pourcentage de la population;M;Sexe masculin;Moins de 15 ans;15,412
2014;Y15T64;GRC;Grece;PS;Personnes;_T;Total;De 15 a 64 ans;7049604
2014;Y15T64;GRC;Grece;PT;Pourcentage de la population;_T;Total;De 15 a 64 ans;64,72
2014;Y_GE65;GRC;Grece;PS;Personnes;_T;Total;65 ans et plus;2253799
2014;Y_GE65;GRC;Grece;PT;Pourcentage de la population;_T;Total;65 ans et plus;20,691
2014;Y15T64;GRC;Grece;PS;Personnes;M;Sexe masculin;De 15 a 64 ans;3480154
2014;Y15T64;GRC;Grece;PT;Pourcentage de la population;M;Sexe masculin;De 15 a 64 ans;65,777
2014;Y_GE65;GRC;Grece;PS;Personnes;M;Sexe masculin;65 ans et plus;996763
2014;Y_GE65;GRC;Grece;PT;Pourcentage de la population;M;Sexe masculin;65 ans et plus;18,839
2014;Y_GE65;GRC;Grece;PS;Personnes;F;Sexe feminin;65 ans et plus;1257036
2014;Y_GE65;GRC;Grece;PT;Pourcentage de la population;F;Sexe feminin;65 ans et plus;22,441
2014;Y15T64;GRC;Grece;PS;Personnes;F;Sexe feminin;De 15 a 64 ans;3569450
2014;Y15T64;GRC;Grece;PT;Pourcentage de la population;F;Sexe feminin;De 15 a 64 ans;63,722
2014;Y_LT15;GRC;Grece;PS;Personnes;_T;Total;Moins de 15 ans;1588985,5
2014;Y_LT15;GRC;Grece;PT;Pourcentage de la population;_T;Total;Moins de 15 ans;14,588
2014;Y_LT15;GRC;Grece;PS;Personnes;F;Sexe feminin;Moins de 15 ans;775093,392
2014;Y_LT15;GRC;Grece;PT;Pourcentage de la population;F;Sexe feminin;Moins de 15 ans;13,837
2014;Y_LT15;GRC;Grece;PS;Personnes;M;Sexe masculin;Moins de 15 ans;813886,0715
2014;Y_LT15;GRC;Grece;PT;Pourcentage de la population;M;Sexe masculin;Moins de 15 ans;15,383
2015;Y15T64;GRC;Grece;PS;Personnes;_T;Total;De 15 a 64 ans;6972579,5
2015;Y15T64;GRC;Grece;PT;Pourcentage de la population;_T;Total;De 15 a 64 ans;64,436
2015;Y_GE65;GRC;Grece;PS;Personnes;_T;Total;65 ans et plus;2280963
2015;Y_GE65;GRC;Grece;PT;Pourcentage de la population;_T;Total;65 ans et plus;21,079
2015;Y15T64;GRC;Grece;PS;Personnes;M;Sexe masculin;De 15 a 64 ans;3432993
2015;Y15T64;GRC;Grece;PT;Pourcentage de la population;M;Sexe masculin;De 15 a 64 ans;65,436
2015;Y_GE65;GRC;Grece;PS;Personnes;M;Sexe masculin;65 ans et plus;1009866,5
2015;Y_GE65;GRC;Grece;PT;Pourcentage de la population;M;Sexe masculin;65 ans et plus;19,249
2015;Y_GE65;GRC;Grece;PS;Personnes;F;Sexe feminin;65 ans et plus;1271096,5
2015;Y_GE65;GRC;Grece;PT;Pourcentage de la population;F;Sexe feminin;65 ans et plus;22,802
2015;Y15T64;GRC;Grece;PS;Personnes;F;Sexe feminin;De 15 a 64 ans;3539586,5
2015;Y15T64;GRC;Grece;PT;Pourcentage de la population;F;Sexe feminin;De 15 a 64 ans;63,495
2015;Y_LT15;GRC;Grece;PS;Personnes;_T;Total;Moins de 15 ans;1567296,694
2015;Y_LT15;GRC;Grece;PT;Pourcentage de la population;_T;Total;Moins de 15 ans;14,484
2015;Y_LT15;GRC;Grece;PS;Personnes;F;Sexe feminin;Moins de 15 ans;763885,1085
2015;Y_LT15;GRC;Grece;PT;Pourcentage de la population;F;Sexe feminin;Moins de 15 ans;13,703
2015;Y_LT15;GRC;Grece;PS;Personnes;M;Sexe masculin;Moins de 15 ans;803418,382
2015;Y_LT15;GRC;Grece;PT;Pourcentage de la population;M;Sexe masculin;Moins de 15 ans;15,314
2016;Y15T64;GRC;Grece;PS;Personnes;_T;Total;De 15 a 64 ans;6913955
2016;Y15T64;GRC;Grece;PT;Pourcentage de la population;_T;Total;De 15 a 64 ans;64,161
2016;Y_GE65;GRC;Grece;PS;Personnes;_T;Total;65 ans et plus;2306296
2016;Y_GE65;GRC;Grece;PT;Pourcentage de la population;_T;Total;65 ans et plus;21,402
2016;Y15T64;GRC;Grece;PS;Personnes;M;Sexe masculin;De 15 a 64 ans;3402335
2016;Y15T64;GRC;Grece;PT;Pourcentage de la population;M;Sexe masculin;De 15 a 64 ans;65,145
2016;Y_GE65;GRC;Grece;PS;Personnes;M;Sexe masculin;65 ans et plus;1022266
2016;Y_GE65;GRC;Grece;PT;Pourcentage de la population;M;Sexe masculin;65 ans et plus;19,573
2016;Y_GE65;GRC;Grece;PS;Personnes;F;Sexe feminin;65 ans et plus;1284030
2016;Y_GE65;GRC;Grece;PT;Pourcentage de la population;F;Sexe feminin;65 ans et plus;23,122
2016;Y15T64;GRC;Grece;PS;Personnes;F;Sexe feminin;De 15 a 64 ans;3511620
2016;Y15T64;GRC;Grece;PT;Pourcentage de la population;F;Sexe feminin;De 15 a 64 ans;63,236
2016;Y_LT15;GRC;Grece;PS;Personnes;_T;Total;Moins de 15 ans;1555726,211
2016;Y_LT15;GRC;Grece;PT;Pourcentage de la population;_T;Total;Moins de 15 ans;14,437
2016;Y_LT15;GRC;Grece;PS;Personnes;F;Sexe feminin;Moins de 15 ans;757570,5452
2016;Y_LT15;GRC;Grece;PT;Pourcentage de la population;F;Sexe feminin;Moins de 15 ans;13,642
2016;Y_LT15;GRC;Grece;PS;Personnes;M;Sexe masculin;Moins de 15 ans;798139,7381
2016;Y_LT15;GRC;Grece;PT;Pourcentage de la population;M;Sexe masculin;Moins de 15 ans;15,282
2017;Y15T64;GRC;Grece;PS;Personnes;_T;Total;De 15 a 64 ans;6874061
2017;Y15T64;GRC;Grece;PT;Pourcentage de la population;_T;Total;De 15 a 64 ans;63,917
2017;Y_GE65;GRC;Grece;PS;Personnes;_T;Total;65 ans et plus;2329951
2017;Y_GE65;GRC;Grece;PT;Pourcentage de la population;_T;Total;65 ans et plus;21,665
2017;Y15T64;GRC;Grece;PS;Personnes;M;Sexe masculin;De 15 a 64 ans;3385979
2017;Y15T64;GRC;Grece;PT;Pourcentage de la population;M;Sexe masculin;De 15 a 64 ans;64,919
2017;Y_GE65;GRC;Grece;PS;Personnes;M;Sexe masculin;65 ans et plus;1033614
2017;Y_GE65;GRC;Grece;PT;Pourcentage de la population;M;Sexe masculin;65 ans et plus;19,818
2017;Y_GE65;GRC;Grece;PS;Personnes;F;Sexe feminin;65 ans et plus;1296337
2017;Y_GE65;GRC;Grece;PT;Pourcentage de la population;F;Sexe feminin;65 ans et plus;23,404
2017;Y15T64;GRC;Grece;PS;Personnes;F;Sexe feminin;De 15 a 64 ans;3488082
2017;Y15T64;GRC;Grece;PT;Pourcentage de la population;F;Sexe feminin;De 15 a 64 ans;62,973
2017;Y_LT15;GRC;Grece;PS;Personnes;_T;Total;Moins de 15 ans;1550717,165
2017;Y_LT15;GRC;Grece;PT;Pourcentage de la population;_T;Total;Moins de 15 ans;14,419
2017;Y_LT15;GRC;Grece;PS;Personnes;F;Sexe feminin;Moins de 15 ans;754580,8308
2017;Y_LT15;GRC;Grece;PT;Pourcentage de la population;F;Sexe feminin;Moins de 15 ans;13,623
2017;Y_LT15;GRC;Grece;PS;Personnes;M;Sexe masculin;Moins de 15 ans;796065,8805
2017;Y_LT15;GRC;Grece;PT;Pourcentage de la population;M;Sexe masculin;Moins de 15 ans;15,263
2018;Y15T64;GRC;Grece;PS;Personnes;_T;Total;De 15 a 64 ans;6839289
2018;Y15T64;GRC;Grece;PT;Pourcentage de la population;_T;Total;De 15 a 64 ans;63,723
2018;Y_GE65;GRC;Grece;PS;Personnes;_T;Total;65 ans et plus;2351718
2018;Y_GE65;GRC;Grece;PT;Pourcentage de la population;_T;Total;65 ans et plus;21,911
2018;Y15T64;GRC;Grece;PS;Personnes;M;Sexe masculin;De 15 a 64 ans;3373327
2018;Y15T64;GRC;Grece;PT;Pourcentage de la population;M;Sexe masculin;De 15 a 64 ans;64,758
2018;Y_GE65;GRC;Grece;PS;Personnes;M;Sexe masculin;65 ans et plus;1043876
2018;Y_GE65;GRC;Grece;PT;Pourcentage de la population;M;Sexe masculin;65 ans et plus;20,039
2018;Y_GE65;GRC;Grece;PS;Personnes;F;Sexe feminin;65 ans et plus;1307842
2018;Y_GE65;GRC;Grece;PT;Pourcentage de la population;F;Sexe feminin;65 ans et plus;23,677
2018;Y15T64;GRC;Grece;PS;Personnes;F;Sexe feminin;De 15 a 64 ans;3465962
2018;Y15T64;GRC;Grece;PT;Pourcentage de la population;F;Sexe feminin;De 15 a 64 ans;62,747
2018;Y_LT15;GRC;Grece;PS;Personnes;_T;Total;Moins de 15 ans;1541885,11
2018;Y_LT15;GRC;Grece;PT;Pourcentage de la population;_T;Total;Moins de 15 ans;14,366
2018;Y_LT15;GRC;Grece;PS;Personnes;F;Sexe feminin;Moins de 15 ans;749899,1411
2018;Y_LT15;GRC;Grece;PT;Pourcentage de la population;F;Sexe feminin;Moins de 15 ans;13,576
2018;Y_LT15;GRC;Grece;PS;Personnes;M;Sexe masculin;Moins de 15 ans;791949,355
2018;Y_LT15;GRC;Grece;PT;Pourcentage de la population;M;Sexe masculin;Moins de 15 ans;15,203
2019;Y15T64;GRC;Grece;PS;Personnes;_T;Total;De 15 a 64 ans;6814549
2019;Y15T64;GRC;Grece;PT;Pourcentage de la population;_T;Total;De 15 a 64 ans;63,559
2019;Y_GE65;GRC;Grece;PS;Personnes;_T;Total;65 ans et plus;2374736
2019;Y_GE65;GRC;Grece;PT;Pourcentage de la population;_T;Total;65 ans et plus;22,149
2019;Y15T64;GRC;Grece;PS;Personnes;M;Sexe masculin;De 15 a 64 ans;3370067
2019;Y15T64;GRC;Grece;PT;Pourcentage de la population;M;Sexe masculin;De 15 a 64 ans;64,661
2019;Y_GE65;GRC;Grece;PS;Personnes;M;Sexe masculin;65 ans et plus;1054462
2019;Y_GE65;GRC;Grece;PT;Pourcentage de la population;M;Sexe masculin;65 ans et plus;20,232
2019;Y_GE65;GRC;Grece;PS;Personnes;F;Sexe feminin;65 ans et plus;1320274
2019;Y_GE65;GRC;Grece;PT;Pourcentage de la population;F;Sexe feminin;65 ans et plus;23,963
2019;Y15T64;GRC;Grece;PS;Personnes;F;Sexe feminin;De 15 a 64 ans;3444482
2019;Y15T64;GRC;Grece;PT;Pourcentage de la population;F;Sexe feminin;De 15 a 64 ans;62,517
2019;Y_LT15;GRC;Grece;PS;Personnes;_T;Total;Moins de 15 ans;1532328,785
2019;Y_LT15;GRC;Grece;PT;Pourcentage de la population;_T;Total;Moins de 15 ans;14,292
2019;Y_LT15;GRC;Grece;PS;Personnes;F;Sexe feminin;Moins de 15 ans;744965,9962
2019;Y_LT15;GRC;Grece;PT;Pourcentage de la population;F;Sexe feminin;Moins de 15 ans;13,521
2019;Y_LT15;GRC;Grece;PS;Personnes;M;Sexe masculin;Moins de 15 ans;787359,9202
2019;Y_LT15;GRC;Grece;PT;Pourcentage de la population;M;Sexe masculin;Moins de 15 ans;15,107
2020;Y15T64;GRC;Grece;PS;Personnes;_T;Total;De 15 a 64 ans;6782440
2020;Y15T64;GRC;Grece;PT;Pourcentage de la population;_T;Total;De 15 a 64 ans;63,396
2020;Y_GE65;GRC;Grece;PS;Personnes;_T;Total;65 ans et plus;2397027
2020;Y_GE65;GRC;Grece;PT;Pourcentage de la population;_T;Total;65 ans et plus;22,405
2020;Y15T64;GRC;Grece;PS;Personnes;M;Sexe masculin;De 15 a 64 ans;3360563
2020;Y15T64;GRC;Grece;PT;Pourcentage de la population;M;Sexe masculin;De 15 a 64 ans;64,555
2020;Y_GE65;GRC;Grece;PS;Personnes;M;Sexe masculin;65 ans et plus;1064757
2020;Y_GE65;GRC;Grece;PT;Pourcentage de la population;M;Sexe masculin;65 ans et plus;20,453
2020;Y_GE65;GRC;Grece;PS;Personnes;F;Sexe feminin;65 ans et plus;1332270
2020;Y_GE65;GRC;Grece;PT;Pourcentage de la population;F;Sexe feminin;65 ans et plus;24,255
2020;Y15T64;GRC;Grece;PS;Personnes;F;Sexe feminin;De 15 a 64 ans;3421877
2020;Y15T64;GRC;Grece;PT;Pourcentage de la population;F;Sexe feminin;De 15 a 64 ans;62,297
2020;Y_LT15;GRC;Grece;PS;Personnes;_T;Total;Moins de 15 ans;1519093,788
2020;Y_LT15;GRC;Grece;PT;Pourcentage de la population;_T;Total;Moins de 15 ans;14,199
2020;Y_LT15;GRC;Grece;PS;Personnes;F;Sexe feminin;Moins de 15 ans;738675,6439
2020;Y_LT15;GRC;Grece;PT;Pourcentage de la population;F;Sexe feminin;Moins de 15 ans;13,448
2020;Y_LT15;GRC;Grece;PS;Personnes;M;Sexe masculin;Moins de 15 ans;780448,7386
2020;Y_LT15;GRC;Grece;PT;Pourcentage de la population;M;Sexe masculin;Moins de 15 ans;14,992
2021;Y15T64;GRC;Grece;PS;Personnes;_T;Total;De 15 a 64 ans;6708840
2021;Y15T64;GRC;Grece;PT;Pourcentage de la population;_T;Total;De 15 a 64 ans;63,475
2021;Y_GE65;GRC;Grece;PS;Personnes;_T;Total;65 ans et plus;2390508
2021;Y_GE65;GRC;Grece;PT;Pourcentage de la population;_T;Total;65 ans et plus;22,618
2021;Y15T64;GRC;Grece;PS;Personnes;M;Sexe masculin;De 15 a 64 ans;3339097
2021;Y15T64;GRC;Grece;PT;Pourcentage de la population;M;Sexe masculin;De 15 a 64 ans;64,769
2021;Y_GE65;GRC;Grece;PS;Personnes;M;Sexe masculin;65 ans et plus;1060615
2021;Y_GE65;GRC;Grece;PT;Pourcentage de la population;M;Sexe masculin;65 ans et plus;20,573
2021;Y_GE65;GRC;Grece;PS;Personnes;F;Sexe feminin;65 ans et plus;1329893
2021;Y_GE65;GRC;Grece;PT;Pourcentage de la population;F;Sexe feminin;65 ans et plus;24,565
2021;Y15T64;GRC;Grece;PS;Personnes;F;Sexe feminin;De 15 a 64 ans;3369743
2021;Y15T64;GRC;Grece;PT;Pourcentage de la population;F;Sexe feminin;De 15 a 64 ans;62,243
2021;Y_LT15;GRC;Grece;PS;Personnes;_T;Total;Moins de 15 ans;1469860,174
2021;Y_LT15;GRC;Grece;PT;Pourcentage de la population;_T;Total;Moins de 15 ans;13,907
2021;Y_LT15;GRC;Grece;PS;Personnes;F;Sexe feminin;Moins de 15 ans;714190,079
2021;Y_LT15;GRC;Grece;PT;Pourcentage de la population;F;Sexe feminin;Moins de 15 ans;13,192
2021;Y_LT15;GRC;Grece;PS;Personnes;M;Sexe masculin;Moins de 15 ans;755678,3854
2021;Y_LT15;GRC;Grece;PT;Pourcentage de la population;M;Sexe masculin;Moins de 15 ans;14,658
2022;Y15T64;GRC;Grece;PS;Personnes;F;Sexe feminin;De 15 a 64 ans;3322352
2022;Y15T64;GRC;Grece;PT;Pourcentage de la population;F;Sexe feminin;De 15 a 64 ans;62,284
2022;Y_GE65;GRC;Grece;PS;Personnes;F;Sexe feminin;65 ans et plus;1327127
2022;Y_GE65;GRC;Grece;PT;Pourcentage de la population;F;Sexe feminin;65 ans et plus;24,88
2022;Y15T64;GRC;Grece;PS;Personnes;M;Sexe masculin;De 15 a 64 ans;3322504
2022;Y15T64;GRC;Grece;PT;Pourcentage de la population;M;Sexe masculin;De 15 a 64 ans;65,113
2022;Y_GE65;GRC;Grece;PS;Personnes;M;Sexe masculin;65 ans et plus;1054726
2022;Y_GE65;GRC;Grece;PT;Pourcentage de la population;M;Sexe masculin;65 ans et plus;20,67
2022;Y15T64;GRC;Grece;PS;Personnes;_T;Total;De 15 a 64 ans;6644856
2022;Y15T64;GRC;Grece;PT;Pourcentage de la population;_T;Total;De 15 a 64 ans;63,667
2022;Y_GE65;GRC;Grece;PS;Personnes;_T;Total;65 ans et plus;2381853
2022;Y_GE65;GRC;Grece;PT;Pourcentage de la population;_T;Total;65 ans et plus;22,822
2022;Y_LT15;GRC;Grece;PS;Personnes;_T;Total;Moins de 15 ans;1410126,992
2022;Y_LT15;GRC;Grece;PT;Pourcentage de la population;_T;Total;Moins de 15 ans;13,511
2022;Y_LT15;GRC;Grece;PS;Personnes;F;Sexe feminin;Moins de 15 ans;684752,6661
2022;Y_LT15;GRC;Grece;PT;Pourcentage de la population;F;Sexe feminin;Moins de 15 ans;12,837
2022;Y_LT15;GRC;Grece;PS;Personnes;M;Sexe masculin;Moins de 15 ans;725446,5939
2022;Y_LT15;GRC;Grece;PT;Pourcentage de la population;M;Sexe masculin;Moins de 15 ans;14,217
2023;Y15T64;GRC;Grece;PS;Personnes;F;Sexe feminin;De 15 a 64 ans;3303347
2023;Y15T64;GRC;Grece;PT;Pourcentage de la population;F;Sexe feminin;De 15 a 64 ans;62,168
2023;Y_GE65;GRC;Grece;PS;Personnes;F;Sexe feminin;65 ans et plus;1342316
2023;Y_GE65;GRC;Grece;PT;Pourcentage de la population;F;Sexe feminin;65 ans et plus;25,262
2023;Y15T64;GRC;Grece;PS;Personnes;M;Sexe masculin;De 15 a 64 ans;3320245
2023;Y15T64;GRC;Grece;PT;Pourcentage de la population;M;Sexe masculin;De 15 a 64 ans;65,183
2023;Y_GE65;GRC;Grece;PS;Personnes;M;Sexe masculin;65 ans et plus;1066008
2023;Y_GE65;GRC;Grece;PT;Pourcentage de la population;M;Sexe masculin;65 ans et plus;20,928
2023;Y_GE65;GRC;Grece;PS;Personnes;_T;Total;65 ans et plus;2408324
2023;Y_GE65;GRC;Grece;PT;Pourcentage de la population;_T;Total;65 ans et plus;23,141
2023;Y15T64;GRC;Grece;PS;Personnes;_T;Total;De 15 a 64 ans;6623592
2023;Y15T64;GRC;Grece;PT;Pourcentage de la population;_T;Total;De 15 a 64 ans;63,643
2023;Y_LT15;GRC;Grece;PS;Personnes;_T;Total;Moins de 15 ans;1375436,433
2023;Y_LT15;GRC;Grece;PT;Pourcentage de la population;_T;Total;Moins de 15 ans;13,216
2023;Y_LT15;GRC;Grece;PS;Personnes;F;Sexe feminin;Moins de 15 ans;667920,6513
2023;Y_LT15;GRC;Grece;PT;Pourcentage de la population;F;Sexe feminin;Moins de 15 ans;12,57
2023;Y_LT15;GRC;Grece;PS;Personnes;M;Sexe masculin;Moins de 15 ans;707470,7986
2023;Y_LT15;GRC;Grece;PT;Pourcentage de la population;M;Sexe masculin;Moins de 15 ans;13,889
2024;Y15T64;GRC;Grece;PS;Personnes;F;Sexe feminin;De 15 a 64 ans;3278869
2024;Y15T64;GRC;Grece;PT;Pourcentage de la population;F;Sexe feminin;De 15 a 64 ans;61,945
2024;Y_GE65;GRC;Grece;PS;Personnes;F;Sexe feminin;65 ans et plus;1362870
2024;Y_GE65;GRC;Grece;PT;Pourcentage de la population;F;Sexe feminin;65 ans et plus;25,747
2024;Y15T64;GRC;Grece;PS;Personnes;M;Sexe masculin;De 15 a 64 ans;3325523
2024;Y15T64;GRC;Grece;PT;Pourcentage de la population;M;Sexe masculin;De 15 a 64 ans;65,214
2024;Y_GE65;GRC;Grece;PS;Personnes;M;Sexe masculin;65 ans et plus;1082818
2024;Y_GE65;GRC;Grece;PT;Pourcentage de la population;M;Sexe masculin;65 ans et plus;21,234
2024;Y15T64;GRC;Grece;PS;Personnes;_T;Total;De 15 a 64 ans;6604392
2024;Y15T64;GRC;Grece;PT;Pourcentage de la population;_T;Total;De 15 a 64 ans;63,549
2024;Y_GE65;GRC;Grece;PS;Personnes;_T;Total;65 ans et plus;2445688
2024;Y_GE65;GRC;Grece;PT;Pourcentage de la population;_T;Total;65 ans et plus;23,533
2024;Y_LT15;GRC;Grece;PS;Personnes;_T;Total;Moins de 15 ans;1342514,647
2024;Y_LT15;GRC;Grece;PT;Pourcentage de la population;_T;Total;Moins de 15 ans;12,918
2024;Y_LT15;GRC;Grece;PS;Personnes;F;Sexe feminin;Moins de 15 ans;651489,8868
2024;Y_LT15;GRC;Grece;PT;Pourcentage de la population;F;Sexe feminin;Moins de 15 ans;12,308
2024;Y_LT15;GRC;Grece;PS;Personnes;M;Sexe masculin;Moins de 15 ans;691015,0867
2024;Y_LT15;GRC;Grece;PT;Pourcentage de la population;M;Sexe masculin;Moins de 15 ans;13,551
2002;Y15T64;IRL;Irlande;PS;Personnes;_T;Total;De 15 a 64 ans;2653774
2002;Y15T64;IRL;Irlande;PT;Pourcentage de la population;_T;Total;De 15 a 64 ans;67,747
2002;Y_GE65;IRL;Irlande;PS;Personnes;_T;Total;65 ans et plus;436001
2002;Y_GE65;IRL;Irlande;PT;Pourcentage de la population;_T;Total;65 ans et plus;11,13
2002;Y15T64;IRL;Irlande;PS;Personnes;M;Sexe masculin;De 15 a 64 ans;1332965
2002;Y15T64;IRL;Irlande;PT;Pourcentage de la population;M;Sexe masculin;De 15 a 64 ans;68,492
2002;Y_GE65;IRL;Irlande;PS;Personnes;M;Sexe masculin;65 ans et plus;189155
2002;Y_GE65;IRL;Irlande;PT;Pourcentage de la population;M;Sexe masculin;65 ans et plus;9,719
2002;Y_GE65;IRL;Irlande;PS;Personnes;F;Sexe feminin;65 ans et plus;246846
2002;Y_GE65;IRL;Irlande;PT;Pourcentage de la population;F;Sexe feminin;65 ans et plus;12,524
2002;Y15T64;IRL;Irlande;PS;Personnes;F;Sexe feminin;De 15 a 64 ans;1320809
2002;Y15T64;IRL;Irlande;PT;Pourcentage de la population;F;Sexe feminin;De 15 a 64 ans;67,011
2002;Y_LT15;IRL;Irlande;PS;Personnes;_T;Total;Moins de 15 ans;827430,7897
2002;Y_LT15;IRL;Irlande;PT;Pourcentage de la population;_T;Total;Moins de 15 ans;21,123
2002;Y_LT15;IRL;Irlande;PS;Personnes;F;Sexe feminin;Moins de 15 ans;403392,8417
2002;Y_LT15;IRL;Irlande;PT;Pourcentage de la population;F;Sexe feminin;Moins de 15 ans;20,466
2002;Y_LT15;IRL;Irlande;PS;Personnes;M;Sexe masculin;Moins de 15 ans;424049,674
2002;Y_LT15;IRL;Irlande;PT;Pourcentage de la population;M;Sexe masculin;Moins de 15 ans;21,789
2003;Y15T64;IRL;Irlande;PS;Personnes;_T;Total;De 15 a 64 ans;2703270
2003;Y15T64;IRL;Irlande;PT;Pourcentage de la population;_T;Total;De 15 a 64 ans;67,924
2003;Y_GE65;IRL;Irlande;PS;Personnes;_T;Total;65 ans et plus;441905
2003;Y_GE65;IRL;Irlande;PT;Pourcentage de la population;_T;Total;65 ans et plus;11,104
2003;Y15T64;IRL;Irlande;PS;Personnes;M;Sexe masculin;De 15 a 64 ans;1356949
2003;Y15T64;IRL;Irlande;PT;Pourcentage de la population;M;Sexe masculin;De 15 a 64 ans;68,64
2003;Y_GE65;IRL;Irlande;PS;Personnes;M;Sexe masculin;65 ans et plus;192355
2003;Y_GE65;IRL;Irlande;PT;Pourcentage de la population;M;Sexe masculin;65 ans et plus;9,73
2003;Y_GE65;IRL;Irlande;PS;Personnes;F;Sexe feminin;65 ans et plus;249550
2003;Y_GE65;IRL;Irlande;PT;Pourcentage de la population;F;Sexe feminin;65 ans et plus;12,459
2003;Y15T64;IRL;Irlande;PS;Personnes;F;Sexe feminin;De 15 a 64 ans;1346321
2003;Y15T64;IRL;Irlande;PT;Pourcentage de la population;F;Sexe feminin;De 15 a 64 ans;67,217
2003;Y_LT15;IRL;Irlande;PS;Personnes;_T;Total;Moins de 15 ans;834694,5697
2003;Y_LT15;IRL;Irlande;PT;Pourcentage de la population;_T;Total;Moins de 15 ans;20,973
2003;Y_LT15;IRL;Irlande;PS;Personnes;F;Sexe feminin;Moins de 15 ans;407077,3224
2003;Y_LT15;IRL;Irlande;PT;Pourcentage de la population;F;Sexe feminin;Moins de 15 ans;20,324
2003;Y_LT15;IRL;Irlande;PS;Personnes;M;Sexe masculin;Moins de 15 ans;427606,4982
2003;Y_LT15;IRL;Irlande;PT;Pourcentage de la population;M;Sexe masculin;Moins de 15 ans;21,63
2004;Y15T64;IRL;Irlande;PS;Personnes;_T;Total;De 15 a 64 ans;2751686
2004;Y15T64;IRL;Irlande;PT;Pourcentage de la population;_T;Total;De 15 a 64 ans;68,024
2004;Y_GE65;IRL;Irlande;PS;Personnes;_T;Total;65 ans et plus;449691
2004;Y_GE65;IRL;Irlande;PT;Pourcentage de la population;_T;Total;65 ans et plus;11,117
2004;Y15T64;IRL;Irlande;PS;Personnes;M;Sexe masculin;De 15 a 64 ans;1382444
2004;Y15T64;IRL;Irlande;PT;Pourcentage de la population;M;Sexe masculin;De 15 a 64 ans;68,713
2004;Y_GE65;IRL;Irlande;PS;Personnes;M;Sexe masculin;65 ans et plus;196814
2004;Y_GE65;IRL;Irlande;PT;Pourcentage de la population;M;Sexe masculin;65 ans et plus;9,782
2004;Y_GE65;IRL;Irlande;PS;Personnes;F;Sexe feminin;65 ans et plus;252877
2004;Y_GE65;IRL;Irlande;PT;Pourcentage de la population;F;Sexe feminin;65 ans et plus;12,437
2004;Y15T64;IRL;Irlande;PS;Personnes;F;Sexe feminin;De 15 a 64 ans;1369242
2004;Y15T64;IRL;Irlande;PT;Pourcentage de la population;F;Sexe feminin;De 15 a 64 ans;67,342
2004;Y_LT15;IRL;Irlande;PS;Personnes;_T;Total;Moins de 15 ans;843826,2168
2004;Y_LT15;IRL;Irlande;PT;Pourcentage de la population;_T;Total;Moins de 15 ans;20,86
2004;Y_LT15;IRL;Irlande;PS;Personnes;F;Sexe feminin;Moins de 15 ans;411148,3355
2004;Y_LT15;IRL;Irlande;PT;Pourcentage de la population;F;Sexe feminin;Moins de 15 ans;20,221
2004;Y_LT15;IRL;Irlande;PS;Personnes;M;Sexe masculin;Moins de 15 ans;432662,1057
2004;Y_LT15;IRL;Irlande;PT;Pourcentage de la population;M;Sexe masculin;Moins de 15 ans;21,505
2005;Y15T64;IRL;Irlande;PS;Personnes;_T;Total;De 15 a 64 ans;2821477
2005;Y15T64;IRL;Irlande;PT;Pourcentage de la population;_T;Total;De 15 a 64 ans;68,253
2005;Y_GE65;IRL;Irlande;PS;Personnes;_T;Total;65 ans et plus;458881
2005;Y_GE65;IRL;Irlande;PT;Pourcentage de la population;_T;Total;65 ans et plus;11,101
2005;Y15T64;IRL;Irlande;PS;Personnes;M;Sexe masculin;De 15 a 64 ans;1421969
2005;Y15T64;IRL;Irlande;PT;Pourcentage de la population;M;Sexe masculin;De 15 a 64 ans;68,966
2005;Y_GE65;IRL;Irlande;PS;Personnes;M;Sexe masculin;65 ans et plus;201861
2005;Y_GE65;IRL;Irlande;PT;Pourcentage de la population;M;Sexe masculin;65 ans et plus;9,79
2005;Y_GE65;IRL;Irlande;PS;Personnes;F;Sexe feminin;65 ans et plus;257020
2005;Y_GE65;IRL;Irlande;PT;Pourcentage de la population;F;Sexe feminin;65 ans et plus;12,404
2005;Y15T64;IRL;Irlande;PS;Personnes;F;Sexe feminin;De 15 a 64 ans;1399508
2005;Y15T64;IRL;Irlande;PT;Pourcentage de la population;F;Sexe feminin;De 15 a 64 ans;67,544
2005;Y_LT15;IRL;Irlande;PS;Personnes;_T;Total;Moins de 15 ans;853472,3999
2005;Y_LT15;IRL;Irlande;PT;Pourcentage de la population;_T;Total;Moins de 15 ans;20,646
2005;Y_LT15;IRL;Irlande;PS;Personnes;F;Sexe feminin;Moins de 15 ans;415479,0442
2005;Y_LT15;IRL;Irlande;PT;Pourcentage de la population;F;Sexe feminin;Moins de 15 ans;20,052
2005;Y_LT15;IRL;Irlande;PS;Personnes;M;Sexe masculin;Moins de 15 ans;437994,7593
2005;Y_LT15;IRL;Irlande;PT;Pourcentage de la population;M;Sexe masculin;Moins de 15 ans;21,243
2006;Y15T64;IRL;Irlande;PS;Personnes;_T;Total;De 15 a 64 ans;2905507
2006;Y15T64;IRL;Irlande;PT;Pourcentage de la population;_T;Total;De 15 a 64 ans;68,641
2006;Y_GE65;IRL;Irlande;PS;Personnes;_T;Total;65 ans et plus;462364
2006;Y_GE65;IRL;Irlande;PT;Pourcentage de la population;_T;Total;65 ans et plus;10,923
2006;Y15T64;IRL;Irlande;PS;Personnes;M;Sexe masculin;De 15 a 64 ans;1469328
2006;Y15T64;IRL;Irlande;PT;Pourcentage de la population;M;Sexe masculin;De 15 a 64 ans;69,396
2006;Y_GE65;IRL;Irlande;PS;Personnes;M;Sexe masculin;65 ans et plus;204516
2006;Y_GE65;IRL;Irlande;PT;Pourcentage de la population;M;Sexe masculin;65 ans et plus;9,659
2006;Y_GE65;IRL;Irlande;PS;Personnes;F;Sexe feminin;65 ans et plus;257848
2006;Y_GE65;IRL;Irlande;PT;Pourcentage de la population;F;Sexe feminin;65 ans et plus;12,188
2006;Y15T64;IRL;Irlande;PS;Personnes;F;Sexe feminin;De 15 a 64 ans;1436179
2006;Y15T64;IRL;Irlande;PT;Pourcentage de la population;F;Sexe feminin;De 15 a 64 ans;67,885
2006;Y_LT15;IRL;Irlande;PS;Personnes;_T;Total;Moins de 15 ans;865041,3704
2006;Y_LT15;IRL;Irlande;PT;Pourcentage de la population;_T;Total;Moins de 15 ans;20,436
2006;Y_LT15;IRL;Irlande;PS;Personnes;F;Sexe feminin;Moins de 15 ans;421577,0069
2006;Y_LT15;IRL;Irlande;PT;Pourcentage de la population;F;Sexe feminin;Moins de 15 ans;19,927
2006;Y_LT15;IRL;Irlande;PS;Personnes;M;Sexe masculin;Moins de 15 ans;443473,0929
2006;Y_LT15;IRL;Irlande;PT;Pourcentage de la population;M;Sexe masculin;Moins de 15 ans;20,945
2007;Y15T64;IRL;Irlande;PS;Personnes;_T;Total;De 15 a 64 ans;3020640
2007;Y15T64;IRL;Irlande;PT;Pourcentage de la population;_T;Total;De 15 a 64 ans;69,03
2007;Y_GE65;IRL;Irlande;PS;Personnes;_T;Total;65 ans et plus;471021
2007;Y_GE65;IRL;Irlande;PT;Pourcentage de la population;_T;Total;65 ans et plus;10,764
2007;Y15T64;IRL;Irlande;PS;Personnes;M;Sexe masculin;De 15 a 64 ans;1528270
2007;Y15T64;IRL;Irlande;PT;Pourcentage de la population;M;Sexe masculin;De 15 a 64 ans;69,743
2007;Y_GE65;IRL;Irlande;PS;Personnes;M;Sexe masculin;65 ans et plus;209834
2007;Y_GE65;IRL;Irlande;PT;Pourcentage de la population;M;Sexe masculin;65 ans et plus;9,576
2007;Y_GE65;IRL;Irlande;PS;Personnes;F;Sexe feminin;65 ans et plus;261187
2007;Y_GE65;IRL;Irlande;PT;Pourcentage de la population;F;Sexe feminin;65 ans et plus;11,956
2007;Y15T64;IRL;Irlande;PS;Personnes;F;Sexe feminin;De 15 a 64 ans;1492370
2007;Y15T64;IRL;Irlande;PT;Pourcentage de la population;F;Sexe feminin;De 15 a 64 ans;68,314
2007;Y_LT15;IRL;Irlande;PS;Personnes;_T;Total;Moins de 15 ans;884182,6345
2007;Y_LT15;IRL;Irlande;PT;Pourcentage de la population;_T;Total;Moins de 15 ans;20,206
2007;Y_LT15;IRL;Irlande;PS;Personnes;F;Sexe feminin;Moins de 15 ans;431015,0691
2007;Y_LT15;IRL;Irlande;PT;Pourcentage de la population;F;Sexe feminin;Moins de 15 ans;19,73
2007;Y_LT15;IRL;Irlande;PS;Personnes;M;Sexe masculin;Moins de 15 ans;453177,5828
2007;Y_LT15;IRL;Irlande;PT;Pourcentage de la population;M;Sexe masculin;Moins de 15 ans;20,681
2008;Y15T64;IRL;Irlande;PS;Personnes;_T;Total;De 15 a 64 ans;3087935
2008;Y15T64;IRL;Irlande;PT;Pourcentage de la population;_T;Total;De 15 a 64 ans;68,849
2008;Y_GE65;IRL;Irlande;PS;Personnes;_T;Total;65 ans et plus;483744
2008;Y_GE65;IRL;Irlande;PT;Pourcentage de la population;_T;Total;65 ans et plus;10,786
2008;Y15T64;IRL;Irlande;PS;Personnes;M;Sexe masculin;De 15 a 64 ans;1554940
2008;Y15T64;IRL;Irlande;PT;Pourcentage de la population;M;Sexe masculin;De 15 a 64 ans;69,461
2008;Y_GE65;IRL;Irlande;PS;Personnes;M;Sexe masculin;65 ans et plus;216158
2008;Y_GE65;IRL;Irlande;PT;Pourcentage de la population;M;Sexe masculin;65 ans et plus;9,656
2008;Y_GE65;IRL;Irlande;PS;Personnes;F;Sexe feminin;65 ans et plus;267586
2008;Y_GE65;IRL;Irlande;PT;Pourcentage de la population;F;Sexe feminin;65 ans et plus;11,911
2008;Y15T64;IRL;Irlande;PS;Personnes;F;Sexe feminin;De 15 a 64 ans;1532995
2008;Y15T64;IRL;Irlande;PT;Pourcentage de la population;F;Sexe feminin;De 15 a 64 ans;68,24
2008;Y_LT15;IRL;Irlande;PS;Personnes;_T;Total;Moins de 15 ans;913384,5055
2008;Y_LT15;IRL;Irlande;PT;Pourcentage de la population;_T;Total;Moins de 15 ans;20,365
2008;Y_LT15;IRL;Irlande;PS;Personnes;F;Sexe feminin;Moins de 15 ans;445905,6016
2008;Y_LT15;IRL;Irlande;PT;Pourcentage de la population;F;Sexe feminin;Moins de 15 ans;19,849
2008;Y_LT15;IRL;Irlande;PS;Personnes;M;Sexe masculin;Moins de 15 ans;467482,8702
2008;Y_LT15;IRL;Irlande;PT;Pourcentage de la population;M;Sexe masculin;Moins de 15 ans;20,883
2009;Y15T64;IRL;Irlande;PS;Personnes;_T;Total;De 15 a 64 ans;3098112
2009;Y15T64;IRL;Irlande;PT;Pourcentage de la population;_T;Total;De 15 a 64 ans;68,34
2009;Y_GE65;IRL;Irlande;PS;Personnes;_T;Total;65 ans et plus;498902
2009;Y_GE65;IRL;Irlande;PT;Pourcentage de la population;_T;Total;65 ans et plus;11,005
2009;Y15T64;IRL;Irlande;PS;Personnes;M;Sexe masculin;De 15 a 64 ans;1553302
2009;Y15T64;IRL;Irlande;PT;Pourcentage de la population;M;Sexe masculin;De 15 a 64 ans;68,811
2009;Y_GE65;IRL;Irlande;PS;Personnes;M;Sexe masculin;65 ans et plus;224846
2009;Y_GE65;IRL;Irlande;PT;Pourcentage de la population;M;Sexe masculin;65 ans et plus;9,961
2009;Y_GE65;IRL;Irlande;PS;Personnes;F;Sexe feminin;65 ans et plus;274056
2009;Y_GE65;IRL;Irlande;PT;Pourcentage de la population;F;Sexe feminin;65 ans et plus;12,041
2009;Y15T64;IRL;Irlande;PS;Personnes;F;Sexe feminin;De 15 a 64 ans;1544810
2009;Y15T64;IRL;Irlande;PT;Pourcentage de la population;F;Sexe feminin;De 15 a 64 ans;67,872
2009;Y_LT15;IRL;Irlande;PS;Personnes;_T;Total;Moins de 15 ans;936372,7373
2009;Y_LT15;IRL;Irlande;PT;Pourcentage de la population;_T;Total;Moins de 15 ans;20,655
2009;Y_LT15;IRL;Irlande;PS;Personnes;F;Sexe feminin;Moins de 15 ans;457190,7661
2009;Y_LT15;IRL;Irlande;PT;Pourcentage de la population;F;Sexe feminin;Moins de 15 ans;20,087
2009;Y_LT15;IRL;Irlande;PS;Personnes;M;Sexe masculin;Moins de 15 ans;479188,5598
2009;Y_LT15;IRL;Irlande;PT;Pourcentage de la population;M;Sexe masculin;Moins de 15 ans;21,228
2010;Y15T64;IRL;Irlande;PS;Personnes;_T;Total;De 15 a 64 ans;3082005
2010;Y15T64;IRL;Irlande;PT;Pourcentage de la population;_T;Total;De 15 a 64 ans;67,666
2010;Y_GE65;IRL;Irlande;PS;Personnes;_T;Total;65 ans et plus;515053
2010;Y_GE65;IRL;Irlande;PT;Pourcentage de la population;_T;Total;65 ans et plus;11,308
2010;Y15T64;IRL;Irlande;PS;Personnes;M;Sexe masculin;De 15 a 64 ans;1538314
2010;Y15T64;IRL;Irlande;PT;Pourcentage de la population;M;Sexe masculin;De 15 a 64 ans;68,001
2010;Y_GE65;IRL;Irlande;PS;Personnes;M;Sexe masculin;65 ans et plus;233380
2010;Y_GE65;IRL;Irlande;PT;Pourcentage de la population;M;Sexe masculin;65 ans et plus;10,317
2010;Y_GE65;IRL;Irlande;PS;Personnes;F;Sexe feminin;65 ans et plus;281673
2010;Y_GE65;IRL;Irlande;PT;Pourcentage de la population;F;Sexe feminin;65 ans et plus;12,286
2010;Y15T64;IRL;Irlande;PS;Personnes;F;Sexe feminin;De 15 a 64 ans;1543691
2010;Y15T64;IRL;Irlande;PT;Pourcentage de la population;F;Sexe feminin;De 15 a 64 ans;67,334
2010;Y_LT15;IRL;Irlande;PS;Personnes;_T;Total;Moins de 15 ans;957684,4684
2010;Y_LT15;IRL;Irlande;PT;Pourcentage de la population;_T;Total;Moins de 15 ans;21,026
2010;Y_LT15;IRL;Irlande;PS;Personnes;F;Sexe feminin;Moins de 15 ans;467228,2116
2010;Y_LT15;IRL;Irlande;PT;Pourcentage de la population;F;Sexe feminin;Moins de 15 ans;20,38
2010;Y_LT15;IRL;Irlande;PS;Personnes;M;Sexe masculin;Moins de 15 ans;490486,0844
2010;Y_LT15;IRL;Irlande;PT;Pourcentage de la population;M;Sexe masculin;Moins de 15 ans;21,682
2011;Y15T64;IRL;Irlande;PS;Personnes;_T;Total;De 15 a 64 ans;3066609
2011;Y15T64;IRL;Irlande;PT;Pourcentage de la population;_T;Total;De 15 a 64 ans;67,031
2011;Y_GE65;IRL;Irlande;PS;Personnes;_T;Total;65 ans et plus;531563
2011;Y_GE65;IRL;Irlande;PT;Pourcentage de la population;_T;Total;65 ans et plus;11,619
2011;Y15T64;IRL;Irlande;PS;Personnes;M;Sexe masculin;De 15 a 64 ans;1529004
2011;Y15T64;IRL;Irlande;PT;Pourcentage de la population;M;Sexe masculin;De 15 a 64 ans;67,342
2011;Y_GE65;IRL;Irlande;PS;Personnes;M;Sexe masculin;65 ans et plus;241575
2011;Y_GE65;IRL;Irlande;PT;Pourcentage de la population;M;Sexe masculin;65 ans et plus;10,64
2011;Y_GE65;IRL;Irlande;PS;Personnes;F;Sexe feminin;65 ans et plus;289988
2011;Y_GE65;IRL;Irlande;PT;Pourcentage de la population;F;Sexe feminin;65 ans et plus;12,584
2011;Y15T64;IRL;Irlande;PS;Personnes;F;Sexe feminin;De 15 a 64 ans;1537605
2011;Y15T64;IRL;Irlande;PT;Pourcentage de la population;F;Sexe feminin;De 15 a 64 ans;66,725
2011;Y_LT15;IRL;Irlande;PS;Personnes;_T;Total;Moins de 15 ans;976738,588
2011;Y_LT15;IRL;Irlande;PT;Pourcentage de la population;_T;Total;Moins de 15 ans;21,35
2011;Y_LT15;IRL;Irlande;PS;Personnes;F;Sexe feminin;Moins de 15 ans;476799,6796
2011;Y_LT15;IRL;Irlande;PT;Pourcentage de la population;F;Sexe feminin;Moins de 15 ans;20,691
2011;Y_LT15;IRL;Irlande;PS;Personnes;M;Sexe masculin;Moins de 15 ans;499920,0111
2011;Y_LT15;IRL;Irlande;PT;Pourcentage de la population;M;Sexe masculin;Moins de 15 ans;22,018
2012;Y15T64;IRL;Irlande;PS;Personnes;_T;Total;De 15 a 64 ans;3055614
2012;Y15T64;IRL;Irlande;PT;Pourcentage de la population;_T;Total;De 15 a 64 ans;66,518
2012;Y_GE65;IRL;Irlande;PS;Personnes;_T;Total;65 ans et plus;550057
2012;Y_GE65;IRL;Irlande;PT;Pourcentage de la population;_T;Total;65 ans et plus;11,974
2012;Y15T64;IRL;Irlande;PS;Personnes;M;Sexe masculin;De 15 a 64 ans;1517978
2012;Y15T64;IRL;Irlande;PT;Pourcentage de la population;M;Sexe masculin;De 15 a 64 ans;66,724
2012;Y_GE65;IRL;Irlande;PS;Personnes;M;Sexe masculin;65 ans et plus;251662
2012;Y_GE65;IRL;Irlande;PT;Pourcentage de la population;M;Sexe masculin;65 ans et plus;11,062
2012;Y_GE65;IRL;Irlande;PS;Personnes;F;Sexe feminin;65 ans et plus;298395
2012;Y_GE65;IRL;Irlande;PT;Pourcentage de la population;F;Sexe feminin;65 ans et plus;12,869
2012;Y15T64;IRL;Irlande;PS;Personnes;F;Sexe feminin;De 15 a 64 ans;1537636
2012;Y15T64;IRL;Irlande;PT;Pourcentage de la population;F;Sexe feminin;De 15 a 64 ans;66,315
2012;Y_LT15;IRL;Irlande;PS;Personnes;_T;Total;Moins de 15 ans;988012,3508
2012;Y_LT15;IRL;Irlande;PT;Pourcentage de la population;_T;Total;Moins de 15 ans;21,508
2012;Y_LT15;IRL;Irlande;PS;Personnes;F;Sexe feminin;Moins de 15 ans;482656,4288
2012;Y_LT15;IRL;Irlande;PT;Pourcentage de la population;F;Sexe feminin;Moins de 15 ans;20,816
2012;Y_LT15;IRL;Irlande;PS;Personnes;M;Sexe masculin;Moins de 15 ans;505372,2764
2012;Y_LT15;IRL;Irlande;PT;Pourcentage de la population;M;Sexe masculin;Moins de 15 ans;22,214
2013;Y15T64;IRL;Irlande;PS;Personnes;_T;Total;De 15 a 64 ans;3051574
2013;Y15T64;IRL;Irlande;PT;Pourcentage de la population;_T;Total;De 15 a 64 ans;66,128
2013;Y_GE65;IRL;Irlande;PS;Personnes;_T;Total;65 ans et plus;569186
2013;Y_GE65;IRL;Irlande;PT;Pourcentage de la population;_T;Total;65 ans et plus;12,334
2013;Y15T64;IRL;Irlande;PS;Personnes;M;Sexe masculin;De 15 a 64 ans;1516703
2013;Y15T64;IRL;Irlande;PT;Pourcentage de la population;M;Sexe masculin;De 15 a 64 ans;66,344
2013;Y_GE65;IRL;Irlande;PS;Personnes;M;Sexe masculin;65 ans et plus;261677
2013;Y_GE65;IRL;Irlande;PT;Pourcentage de la population;M;Sexe masculin;65 ans et plus;11,446
2013;Y_GE65;IRL;Irlande;PS;Personnes;F;Sexe feminin;65 ans et plus;307509
2013;Y_GE65;IRL;Irlande;PT;Pourcentage de la population;F;Sexe feminin;65 ans et plus;13,206
2013;Y15T64;IRL;Irlande;PS;Personnes;F;Sexe feminin;De 15 a 64 ans;1534871
2013;Y15T64;IRL;Irlande;PT;Pourcentage de la population;F;Sexe feminin;De 15 a 64 ans;65,916
2013;Y_LT15;IRL;Irlande;PS;Personnes;_T;Total;Moins de 15 ans;993907,4092
2013;Y_LT15;IRL;Irlande;PT;Pourcentage de la population;_T;Total;Moins de 15 ans;21,538
2013;Y_LT15;IRL;Irlande;PS;Personnes;F;Sexe feminin;Moins de 15 ans;486152,1636
2013;Y_LT15;IRL;Irlande;PT;Pourcentage de la population;F;Sexe feminin;Moins de 15 ans;20,878
2013;Y_LT15;IRL;Irlande;PS;Personnes;M;Sexe masculin;Moins de 15 ans;507749,6951
2013;Y_LT15;IRL;Irlande;PT;Pourcentage de la population;M;Sexe masculin;Moins de 15 ans;22,21
2014;Y15T64;IRL;Irlande;PS;Personnes;_T;Total;De 15 a 64 ans;3058440
2014;Y15T64;IRL;Irlande;PT;Pourcentage de la population;_T;Total;De 15 a 64 ans;65,837
2014;Y_GE65;IRL;Irlande;PS;Personnes;_T;Total;65 ans et plus;589484
2014;Y_GE65;IRL;Irlande;PT;Pourcentage de la population;_T;Total;65 ans et plus;12,69
2014;Y15T64;IRL;Irlande;PS;Personnes;M;Sexe masculin;De 15 a 64 ans;1516956
2014;Y15T64;IRL;Irlande;PT;Pourcentage de la population;M;Sexe masculin;De 15 a 64 ans;65,982
2014;Y_GE65;IRL;Irlande;PS;Personnes;M;Sexe masculin;65 ans et plus;272516
2014;Y_GE65;IRL;Irlande;PT;Pourcentage de la population;M;Sexe masculin;65 ans et plus;11,853
2014;Y_GE65;IRL;Irlande;PS;Personnes;F;Sexe feminin;65 ans et plus;316968
2014;Y_GE65;IRL;Irlande;PT;Pourcentage de la population;F;Sexe feminin;65 ans et plus;13,509
2014;Y15T64;IRL;Irlande;PS;Personnes;F;Sexe feminin;De 15 a 64 ans;1541484
2014;Y15T64;IRL;Irlande;PT;Pourcentage de la population;F;Sexe feminin;De 15 a 64 ans;65,696
2014;Y_LT15;IRL;Irlande;PS;Personnes;_T;Total;Moins de 15 ans;997515,3312
2014;Y_LT15;IRL;Irlande;PT;Pourcentage de la population;_T;Total;Moins de 15 ans;21,473
2014;Y_LT15;IRL;Irlande;PS;Personnes;F;Sexe feminin;Moins de 15 ans;487957,136
2014;Y_LT15;IRL;Irlande;PT;Pourcentage de la population;F;Sexe feminin;Moins de 15 ans;20,796
2014;Y_LT15;IRL;Irlande;PS;Personnes;M;Sexe masculin;Moins de 15 ans;509559,4472
2014;Y_LT15;IRL;Irlande;PT;Pourcentage de la population;M;Sexe masculin;Moins de 15 ans;22,164
2015;Y15T64;IRL;Irlande;PS;Personnes;_T;Total;De 15 a 64 ans;3075812
2015;Y15T64;IRL;Irlande;PT;Pourcentage de la population;_T;Total;De 15 a 64 ans;65,613
2015;Y_GE65;IRL;Irlande;PS;Personnes;_T;Total;65 ans et plus;610270
2015;Y_GE65;IRL;Irlande;PT;Pourcentage de la population;_T;Total;65 ans et plus;13,018
2015;Y15T64;IRL;Irlande;PS;Personnes;M;Sexe masculin;De 15 a 64 ans;1523126
2015;Y15T64;IRL;Irlande;PT;Pourcentage de la population;M;Sexe masculin;De 15 a 64 ans;65,717
2015;Y_GE65;IRL;Irlande;PS;Personnes;M;Sexe masculin;65 ans et plus;282840
2015;Y_GE65;IRL;Irlande;PT;Pourcentage de la population;M;Sexe masculin;65 ans et plus;12,203
2015;Y_GE65;IRL;Irlande;PS;Personnes;F;Sexe feminin;65 ans et plus;327430
2015;Y_GE65;IRL;Irlande;PT;Pourcentage de la population;F;Sexe feminin;65 ans et plus;13,815
2015;Y15T64;IRL;Irlande;PS;Personnes;F;Sexe feminin;De 15 a 64 ans;1552686
2015;Y15T64;IRL;Irlande;PT;Pourcentage de la population;F;Sexe feminin;De 15 a 64 ans;65,512
2015;Y_LT15;IRL;Irlande;PS;Personnes;_T;Total;Moins de 15 ans;1001686,326
2015;Y_LT15;IRL;Irlande;PT;Pourcentage de la population;_T;Total;Moins de 15 ans;21,368
2015;Y_LT15;IRL;Irlande;PS;Personnes;F;Sexe feminin;Moins de 15 ans;489964,3644
2015;Y_LT15;IRL;Irlande;PT;Pourcentage de la population;F;Sexe feminin;Moins de 15 ans;20,673
2015;Y_LT15;IRL;Irlande;PS;Personnes;M;Sexe masculin;Moins de 15 ans;511752,1344
2015;Y_LT15;IRL;Irlande;PT;Pourcentage de la population;M;Sexe masculin;Moins de 15 ans;22,08
2016;Y15T64;IRL;Irlande;PS;Personnes;_T;Total;De 15 a 64 ans;3104266
2016;Y15T64;IRL;Irlande;PT;Pourcentage de la population;_T;Total;De 15 a 64 ans;65,496
2016;Y_GE65;IRL;Irlande;PS;Personnes;_T;Total;65 ans et plus;629847
2016;Y_GE65;IRL;Irlande;PT;Pourcentage de la population;_T;Total;65 ans et plus;13,289
2016;Y15T64;IRL;Irlande;PS;Personnes;M;Sexe masculin;De 15 a 64 ans;1539164
2016;Y15T64;IRL;Irlande;PT;Pourcentage de la population;M;Sexe masculin;De 15 a 64 ans;65,593
2016;Y_GE65;IRL;Irlande;PS;Personnes;M;Sexe masculin;65 ans et plus;293217
2016;Y_GE65;IRL;Irlande;PT;Pourcentage de la population;M;Sexe masculin;65 ans et plus;12,496
2016;Y_GE65;IRL;Irlande;PS;Personnes;F;Sexe feminin;65 ans et plus;336630
2016;Y_GE65;IRL;Irlande;PT;Pourcentage de la population;F;Sexe feminin;65 ans et plus;14,067
2016;Y15T64;IRL;Irlande;PS;Personnes;F;Sexe feminin;De 15 a 64 ans;1565102
2016;Y15T64;IRL;Irlande;PT;Pourcentage de la population;F;Sexe feminin;De 15 a 64 ans;65,402
2016;Y_LT15;IRL;Irlande;PS;Personnes;_T;Total;Moins de 15 ans;1005505,504
2016;Y_LT15;IRL;Irlande;PT;Pourcentage de la population;_T;Total;Moins de 15 ans;21,215
2016;Y_LT15;IRL;Irlande;PS;Personnes;F;Sexe feminin;Moins de 15 ans;491317,3008
2016;Y_LT15;IRL;Irlande;PT;Pourcentage de la population;F;Sexe feminin;Moins de 15 ans;20,531
2016;Y_LT15;IRL;Irlande;PS;Personnes;M;Sexe masculin;Moins de 15 ans;514175,1595
2016;Y_LT15;IRL;Irlande;PT;Pourcentage de la population;M;Sexe masculin;Moins de 15 ans;21,912
2017;Y15T64;IRL;Irlande;PS;Personnes;F;Sexe feminin;De 15 a 64 ans;1588460
2017;Y15T64;IRL;Irlande;PT;Pourcentage de la population;F;Sexe feminin;De 15 a 64 ans;65,367
2017;Y_GE65;IRL;Irlande;PS;Personnes;F;Sexe feminin;65 ans et plus;347649
2017;Y_GE65;IRL;Irlande;PT;Pourcentage de la population;F;Sexe feminin;65 ans et plus;14,306
2017;Y15T64;IRL;Irlande;PS;Personnes;M;Sexe masculin;De 15 a 64 ans;1559671
2017;Y15T64;IRL;Irlande;PT;Pourcentage de la population;M;Sexe masculin;De 15 a 64 ans;65,51
2017;Y_GE65;IRL;Irlande;PS;Personnes;M;Sexe masculin;65 ans et plus;304759
2017;Y_GE65;IRL;Irlande;PT;Pourcentage de la population;M;Sexe masculin;65 ans et plus;12,801
2017;Y_GE65;IRL;Irlande;PS;Personnes;_T;Total;65 ans et plus;652408
2017;Y_GE65;IRL;Irlande;PT;Pourcentage de la population;_T;Total;65 ans et plus;13,561
2017;Y15T64;IRL;Irlande;PS;Personnes;_T;Total;De 15 a 64 ans;3148131
2017;Y15T64;IRL;Irlande;PT;Pourcentage de la population;_T;Total;De 15 a 64 ans;65,438
2017;Y_LT15;IRL;Irlande;PS;Personnes;_T;Total;Moins de 15 ans;1010336,059
2017;Y_LT15;IRL;Irlande;PT;Pourcentage de la population;_T;Total;Moins de 15 ans;21,001
2017;Y_LT15;IRL;Irlande;PS;Personnes;F;Sexe feminin;Moins de 15 ans;493959,9224
2017;Y_LT15;IRL;Irlande;PT;Pourcentage de la population;F;Sexe feminin;Moins de 15 ans;20,327
2017;Y_LT15;IRL;Irlande;PS;Personnes;M;Sexe masculin;Moins de 15 ans;516401,3763
2017;Y_LT15;IRL;Irlande;PT;Pourcentage de la population;M;Sexe masculin;Moins de 15 ans;21,69
2018;Y15T64;IRL;Irlande;PS;Personnes;F;Sexe feminin;De 15 a 64 ans;1610848
2018;Y15T64;IRL;Irlande;PT;Pourcentage de la population;F;Sexe feminin;De 15 a 64 ans;65,338
2018;Y_GE65;IRL;Irlande;PS;Personnes;F;Sexe feminin;65 ans et plus;359441
2018;Y_GE65;IRL;Irlande;PT;Pourcentage de la population;F;Sexe feminin;65 ans et plus;14,579
2018;Y15T64;IRL;Irlande;PS;Personnes;M;Sexe masculin;De 15 a 64 ans;1583191
2018;Y15T64;IRL;Irlande;PT;Pourcentage de la population;M;Sexe masculin;De 15 a 64 ans;65,434
2018;Y_GE65;IRL;Irlande;PS;Personnes;M;Sexe masculin;65 ans et plus;316986
2018;Y_GE65;IRL;Irlande;PT;Pourcentage de la population;M;Sexe masculin;65 ans et plus;13,101
2018;Y15T64;IRL;Irlande;PS;Personnes;_T;Total;De 15 a 64 ans;3194039
2018;Y15T64;IRL;Irlande;PT;Pourcentage de la population;_T;Total;De 15 a 64 ans;65,386
2018;Y_GE65;IRL;Irlande;PS;Personnes;_T;Total;65 ans et plus;676427
2018;Y_GE65;IRL;Irlande;PT;Pourcentage de la population;_T;Total;65 ans et plus;13,847
2018;Y_LT15;IRL;Irlande;PS;Personnes;_T;Total;Moins de 15 ans;1014446,352
2018;Y_LT15;IRL;Irlande;PT;Pourcentage de la population;_T;Total;Moins de 15 ans;20,767
2018;Y_LT15;IRL;Irlande;PS;Personnes;F;Sexe feminin;Moins de 15 ans;495099,6198
2018;Y_LT15;IRL;Irlande;PT;Pourcentage de la population;F;Sexe feminin;Moins de 15 ans;20,082
2018;Y_LT15;IRL;Irlande;PS;Personnes;M;Sexe masculin;Moins de 15 ans;519322,7678
2018;Y_LT15;IRL;Irlande;PT;Pourcentage de la population;M;Sexe masculin;Moins de 15 ans;21,464
2019;Y15T64;IRL;Irlande;PS;Personnes;F;Sexe feminin;De 15 a 64 ans;1635155
2019;Y15T64;IRL;Irlande;PT;Pourcentage de la population;F;Sexe feminin;De 15 a 64 ans;65,35
2019;Y_GE65;IRL;Irlande;PS;Personnes;F;Sexe feminin;65 ans et plus;372301
2019;Y_GE65;IRL;Irlande;PT;Pourcentage de la population;F;Sexe feminin;65 ans et plus;14,879
2019;Y15T64;IRL;Irlande;PS;Personnes;M;Sexe masculin;De 15 a 64 ans;1606405
2019;Y15T64;IRL;Irlande;PT;Pourcentage de la population;M;Sexe masculin;De 15 a 64 ans;65,399
2019;Y_GE65;IRL;Irlande;PS;Personnes;M;Sexe masculin;65 ans et plus;329071
2019;Y_GE65;IRL;Irlande;PT;Pourcentage de la population;M;Sexe masculin;65 ans et plus;13,397
2019;Y_GE65;IRL;Irlande;PS;Personnes;_T;Total;65 ans et plus;701372
2019;Y_GE65;IRL;Irlande;PT;Pourcentage de la population;_T;Total;65 ans et plus;14,145
2019;Y15T64;IRL;Irlande;PS;Personnes;_T;Total;De 15 a 64 ans;3241560
2019;Y15T64;IRL;Irlande;PT;Pourcentage de la population;_T;Total;De 15 a 64 ans;65,374
2019;Y_LT15;IRL;Irlande;PS;Personnes;_T;Total;Moins de 15 ans;1015544,446
2019;Y_LT15;IRL;Irlande;PT;Pourcentage de la population;_T;Total;Moins de 15 ans;20,481
2019;Y_LT15;IRL;Irlande;PS;Personnes;F;Sexe feminin;Moins de 15 ans;494703,0422
2019;Y_LT15;IRL;Irlande;PT;Pourcentage de la population;F;Sexe feminin;Moins de 15 ans;19,771
2019;Y_LT15;IRL;Irlande;PS;Personnes;M;Sexe masculin;Moins de 15 ans;520835,1242
2019;Y_LT15;IRL;Irlande;PT;Pourcentage de la population;M;Sexe masculin;Moins de 15 ans;21,204
2020;Y15T64;IRL;Irlande;PS;Personnes;F;Sexe feminin;De 15 a 64 ans;1660188
2020;Y15T64;IRL;Irlande;PT;Pourcentage de la population;F;Sexe feminin;De 15 a 64 ans;65,411
2020;Y_GE65;IRL;Irlande;PS;Personnes;F;Sexe feminin;65 ans et plus;384201
2020;Y_GE65;IRL;Irlande;PT;Pourcentage de la population;F;Sexe feminin;65 ans et plus;15,137
2020;Y15T64;IRL;Irlande;PS;Personnes;M;Sexe masculin;De 15 a 64 ans;1629921
2020;Y15T64;IRL;Irlande;PT;Pourcentage de la population;M;Sexe masculin;De 15 a 64 ans;65,412
2020;Y_GE65;IRL;Irlande;PS;Personnes;M;Sexe masculin;65 ans et plus;341914
2020;Y_GE65;IRL;Irlande;PT;Pourcentage de la population;M;Sexe masculin;65 ans et plus;13,722
2020;Y15T64;IRL;Irlande;PS;Personnes;_T;Total;De 15 a 64 ans;3290109
2020;Y15T64;IRL;Irlande;PT;Pourcentage de la population;_T;Total;De 15 a 64 ans;65,411
2020;Y_GE65;IRL;Irlande;PS;Personnes;_T;Total;65 ans et plus;726115
2020;Y_GE65;IRL;Irlande;PT;Pourcentage de la population;_T;Total;65 ans et plus;14,436
2020;Y_LT15;IRL;Irlande;PS;Personnes;_T;Total;Moins de 15 ans;1013670,709
2020;Y_LT15;IRL;Irlande;PT;Pourcentage de la population;_T;Total;Moins de 15 ans;20,153
2020;Y_LT15;IRL;Irlande;PS;Personnes;F;Sexe feminin;Moins de 15 ans;493710,6284
2020;Y_LT15;IRL;Irlande;PT;Pourcentage de la population;F;Sexe feminin;Moins de 15 ans;19,452
2020;Y_LT15;IRL;Irlande;PS;Personnes;M;Sexe masculin;Moins de 15 ans;519934,3975
2020;Y_LT15;IRL;Irlande;PT;Pourcentage de la population;M;Sexe masculin;Moins de 15 ans;20,866
2021;Y15T64;IRL;Irlande;PS;Personnes;F;Sexe feminin;De 15 a 64 ans;1673771
2021;Y15T64;IRL;Irlande;PT;Pourcentage de la population;F;Sexe feminin;De 15 a 64 ans;65,365
2021;Y_GE65;IRL;Irlande;PS;Personnes;F;Sexe feminin;65 ans et plus;394956
2021;Y_GE65;IRL;Irlande;PT;Pourcentage de la population;F;Sexe feminin;65 ans et plus;15,424
2021;Y15T64;IRL;Irlande;PS;Personnes;M;Sexe masculin;De 15 a 64 ans;1645846
2021;Y15T64;IRL;Irlande;PT;Pourcentage de la population;M;Sexe masculin;De 15 a 64 ans;65,467
2021;Y_GE65;IRL;Irlande;PS;Personnes;M;Sexe masculin;65 ans et plus;352493
2021;Y_GE65;IRL;Irlande;PT;Pourcentage de la population;M;Sexe masculin;65 ans et plus;14,021
2021;Y_GE65;IRL;Irlande;PS;Personnes;_T;Total;65 ans et plus;747449
2021;Y_GE65;IRL;Irlande;PT;Pourcentage de la population;_T;Total;65 ans et plus;14,729
2021;Y15T64;IRL;Irlande;PS;Personnes;_T;Total;De 15 a 64 ans;3319617
2021;Y15T64;IRL;Irlande;PT;Pourcentage de la population;_T;Total;De 15 a 64 ans;65,415
2021;Y_LT15;IRL;Irlande;PS;Personnes;_T;Total;Moins de 15 ans;1007626,078
2021;Y_LT15;IRL;Irlande;PT;Pourcentage de la population;_T;Total;Moins de 15 ans;19,856
2021;Y_LT15;IRL;Irlande;PS;Personnes;F;Sexe feminin;Moins de 15 ans;491925,511
2021;Y_LT15;IRL;Irlande;PT;Pourcentage de la population;F;Sexe feminin;Moins de 15 ans;19,211
2021;Y_LT15;IRL;Irlande;PS;Personnes;M;Sexe masculin;Moins de 15 ans;515676,3978
2021;Y_LT15;IRL;Irlande;PT;Pourcentage de la population;M;Sexe masculin;Moins de 15 ans;20,512
2022;Y15T64;IRL;Irlande;PS;Personnes;F;Sexe feminin;De 15 a 64 ans;1713631
2022;Y15T64;IRL;Irlande;PT;Pourcentage de la population;F;Sexe feminin;De 15 a 64 ans;65,356
2022;Y_GE65;IRL;Irlande;PS;Personnes;F;Sexe feminin;65 ans et plus;413090
2022;Y_GE65;IRL;Irlande;PT;Pourcentage de la population;F;Sexe feminin;65 ans et plus;15,755
2022;Y15T64;IRL;Irlande;PS;Personnes;M;Sexe masculin;De 15 a 64 ans;1674744
2022;Y15T64;IRL;Irlande;PT;Pourcentage de la population;M;Sexe masculin;De 15 a 64 ans;65,37
2022;Y_GE65;IRL;Irlande;PS;Personnes;M;Sexe masculin;65 ans et plus;368209
2022;Y_GE65;IRL;Irlande;PT;Pourcentage de la population;M;Sexe masculin;65 ans et plus;14,372
2022;Y15T64;IRL;Irlande;PS;Personnes;_T;Total;De 15 a 64 ans;3388375
2022;Y15T64;IRL;Irlande;PT;Pourcentage de la population;_T;Total;De 15 a 64 ans;65,363
2022;Y_GE65;IRL;Irlande;PS;Personnes;_T;Total;65 ans et plus;781299
2022;Y_GE65;IRL;Irlande;PT;Pourcentage de la population;_T;Total;65 ans et plus;15,071
2022;Y_LT15;IRL;Irlande;PS;Personnes;_T;Total;Moins de 15 ans;1014294,788
2022;Y_LT15;IRL;Irlande;PT;Pourcentage de la population;_T;Total;Moins de 15 ans;19,566
2022;Y_LT15;IRL;Irlande;PS;Personnes;F;Sexe feminin;Moins de 15 ans;495298,0668
2022;Y_LT15;IRL;Irlande;PT;Pourcentage de la population;F;Sexe feminin;Moins de 15 ans;18,89
2022;Y_LT15;IRL;Irlande;PS;Personnes;M;Sexe masculin;Moins de 15 ans;519000,6413
2022;Y_LT15;IRL;Irlande;PT;Pourcentage de la population;M;Sexe masculin;Moins de 15 ans;20,258
2023;Y15T64;IRL;Irlande;PS;Personnes;F;Sexe feminin;De 15 a 64 ans;1753979
2023;Y15T64;IRL;Irlande;PT;Pourcentage de la population;F;Sexe feminin;De 15 a 64 ans;65,558
2023;Y_GE65;IRL;Irlande;PS;Personnes;F;Sexe feminin;65 ans et plus;426368
2023;Y_GE65;IRL;Irlande;PT;Pourcentage de la population;F;Sexe feminin;65 ans et plus;15,936
2023;Y15T64;IRL;Irlande;PS;Personnes;M;Sexe masculin;De 15 a 64 ans;1709698
2023;Y15T64;IRL;Irlande;PT;Pourcentage de la population;M;Sexe masculin;De 15 a 64 ans;65,602
2023;Y_GE65;IRL;Irlande;PS;Personnes;M;Sexe masculin;65 ans et plus;379928
2023;Y_GE65;IRL;Irlande;PT;Pourcentage de la population;M;Sexe masculin;65 ans et plus;14,578
2023;Y_GE65;IRL;Irlande;PS;Personnes;_T;Total;65 ans et plus;806296
2023;Y_GE65;IRL;Irlande;PT;Pourcentage de la population;_T;Total;65 ans et plus;15,266
2023;Y15T64;IRL;Irlande;PS;Personnes;_T;Total;De 15 a 64 ans;3463677
2023;Y15T64;IRL;Irlande;PT;Pourcentage de la population;_T;Total;De 15 a 64 ans;65,58
2023;Y_LT15;IRL;Irlande;PS;Personnes;_T;Total;Moins de 15 ans;1011639,962
2023;Y_LT15;IRL;Irlande;PT;Pourcentage de la population;_T;Total;Moins de 15 ans;19,154
2023;Y_LT15;IRL;Irlande;PS;Personnes;F;Sexe feminin;Moins de 15 ans;495090,5421
2023;Y_LT15;IRL;Irlande;PT;Pourcentage de la population;F;Sexe feminin;Moins de 15 ans;18,505
2023;Y_LT15;IRL;Irlande;PS;Personnes;M;Sexe masculin;Moins de 15 ans;516542,894
2023;Y_LT15;IRL;Irlande;PT;Pourcentage de la population;M;Sexe masculin;Moins de 15 ans;19,82
2024;Y15T64;IRL;Irlande;PS;Personnes;F;Sexe feminin;De 15 a 64 ans;1788651
2024;Y15T64;IRL;Irlande;PT;Pourcentage de la population;F;Sexe feminin;De 15 a 64 ans;65,685
2024;Y_GE65;IRL;Irlande;PS;Personnes;F;Sexe feminin;65 ans et plus;440061
2024;Y_GE65;IRL;Irlande;PT;Pourcentage de la population;F;Sexe feminin;65 ans et plus;16,16
2024;Y15T64;IRL;Irlande;PS;Personnes;M;Sexe masculin;De 15 a 64 ans;1748116
2024;Y15T64;IRL;Irlande;PT;Pourcentage de la population;M;Sexe masculin;De 15 a 64 ans;65,787
2024;Y_GE65;IRL;Irlande;PS;Personnes;M;Sexe masculin;65 ans et plus;393148
2024;Y_GE65;IRL;Irlande;PT;Pourcentage de la population;M;Sexe masculin;65 ans et plus;14,795
2024;Y15T64;IRL;Irlande;PS;Personnes;_T;Total;De 15 a 64 ans;3536767
2024;Y15T64;IRL;Irlande;PT;Pourcentage de la population;_T;Total;De 15 a 64 ans;65,735
2024;Y_GE65;IRL;Irlande;PS;Personnes;_T;Total;65 ans et plus;833209
2024;Y_GE65;IRL;Irlande;PT;Pourcentage de la population;_T;Total;65 ans et plus;15,486
2024;Y_LT15;IRL;Irlande;PS;Personnes;_T;Total;Moins de 15 ans;1010315,175
2024;Y_LT15;IRL;Irlande;PT;Pourcentage de la population;_T;Total;Moins de 15 ans;18,778
2024;Y_LT15;IRL;Irlande;PS;Personnes;F;Sexe feminin;Moins de 15 ans;494374,6294
2024;Y_LT15;IRL;Irlande;PT;Pourcentage de la population;F;Sexe feminin;Moins de 15 ans;18,155
2024;Y_LT15;IRL;Irlande;PS;Personnes;M;Sexe masculin;Moins de 15 ans;515982,0865
2024;Y_LT15;IRL;Irlande;PT;Pourcentage de la population;M;Sexe masculin;Moins de 15 ans;19,418
2002;Y15T64;ITA;Italie;PS;Personnes;_T;Total;De 15 a 64 ans;38216716
2002;Y15T64;ITA;Italie;PT;Pourcentage de la population;_T;Total;De 15 a 64 ans;66,941
2002;Y_GE65;ITA;Italie;PS;Personnes;_T;Total;65 ans et plus;10758410
2002;Y_GE65;ITA;Italie;PT;Pourcentage de la population;_T;Total;65 ans et plus;18,845
2002;Y15T64;ITA;Italie;PS;Personnes;M;Sexe masculin;De 15 a 64 ans;19034139
2002;Y15T64;ITA;Italie;PT;Pourcentage de la population;M;Sexe masculin;De 15 a 64 ans;68,87
2002;Y_GE65;ITA;Italie;PS;Personnes;M;Sexe masculin;65 ans et plus;4436930
2002;Y_GE65;ITA;Italie;PT;Pourcentage de la population;M;Sexe masculin;65 ans et plus;16,054
2002;Y_GE65;ITA;Italie;PS;Personnes;F;Sexe feminin;65 ans et plus;6321480
2002;Y_GE65;ITA;Italie;PT;Pourcentage de la population;F;Sexe feminin;65 ans et plus;21,464
2002;Y15T64;ITA;Italie;PS;Personnes;F;Sexe feminin;De 15 a 64 ans;19182577
2002;Y15T64;ITA;Italie;PT;Pourcentage de la population;F;Sexe feminin;De 15 a 64 ans;65,131
2002;Y_LT15;ITA;Italie;PS;Personnes;_T;Total;Moins de 15 ans;8114747,441
2002;Y_LT15;ITA;Italie;PT;Pourcentage de la population;_T;Total;Moins de 15 ans;14,214
2002;Y_LT15;ITA;Italie;PS;Personnes;F;Sexe feminin;Moins de 15 ans;3948061,512
2002;Y_LT15;ITA;Italie;PT;Pourcentage de la population;F;Sexe feminin;Moins de 15 ans;13,405
2002;Y_LT15;ITA;Italie;PS;Personnes;M;Sexe masculin;Moins de 15 ans;4166654,677
2002;Y_LT15;ITA;Italie;PT;Pourcentage de la population;M;Sexe masculin;Moins de 15 ans;15,076
2003;Y15T64;ITA;Italie;PS;Personnes;_T;Total;De 15 a 64 ans;38299437
2003;Y15T64;ITA;Italie;PT;Pourcentage de la population;_T;Total;De 15 a 64 ans;66,725
2003;Y_GE65;ITA;Italie;PS;Personnes;_T;Total;65 ans et plus;10955921
2003;Y_GE65;ITA;Italie;PT;Pourcentage de la population;_T;Total;65 ans et plus;19,087
2003;Y15T64;ITA;Italie;PS;Personnes;M;Sexe masculin;De 15 a 64 ans;19080922
2003;Y15T64;ITA;Italie;PT;Pourcentage de la population;M;Sexe masculin;De 15 a 64 ans;68,648
2003;Y_GE65;ITA;Italie;PS;Personnes;M;Sexe masculin;65 ans et plus;4531885
2003;Y_GE65;ITA;Italie;PT;Pourcentage de la population;M;Sexe masculin;65 ans et plus;16,304
2003;Y_GE65;ITA;Italie;PS;Personnes;F;Sexe feminin;65 ans et plus;6424036
2003;Y_GE65;ITA;Italie;PT;Pourcentage de la population;F;Sexe feminin;65 ans et plus;21,7
2003;Y15T64;ITA;Italie;PS;Personnes;F;Sexe feminin;De 15 a 64 ans;19218515
2003;Y15T64;ITA;Italie;PT;Pourcentage de la population;F;Sexe feminin;De 15 a 64 ans;64,919
2003;Y_LT15;ITA;Italie;PS;Personnes;_T;Total;Moins de 15 ans;8143796,652
2003;Y_LT15;ITA;Italie;PT;Pourcentage de la population;_T;Total;Moins de 15 ans;14,188
2003;Y_LT15;ITA;Italie;PS;Personnes;F;Sexe feminin;Moins de 15 ans;3961284,612
2003;Y_LT15;ITA;Italie;PT;Pourcentage de la population;F;Sexe feminin;Moins de 15 ans;13,381
2003;Y_LT15;ITA;Italie;PS;Personnes;M;Sexe masculin;Moins de 15 ans;4182649,685
2003;Y_LT15;ITA;Italie;PT;Pourcentage de la population;M;Sexe masculin;Moins de 15 ans;15,048
2004;Y15T64;ITA;Italie;PS;Personnes;_T;Total;De 15 a 64 ans;38459877
2004;Y15T64;ITA;Italie;PT;Pourcentage de la population;_T;Total;De 15 a 64 ans;66,507
2004;Y_GE65;ITA;Italie;PS;Personnes;_T;Total;65 ans et plus;11188262
2004;Y_GE65;ITA;Italie;PT;Pourcentage de la population;_T;Total;65 ans et plus;19,347
2004;Y15T64;ITA;Italie;PS;Personnes;M;Sexe masculin;De 15 a 64 ans;19169421
2004;Y15T64;ITA;Italie;PT;Pourcentage de la population;M;Sexe masculin;De 15 a 64 ans;68,423
2004;Y_GE65;ITA;Italie;PS;Personnes;M;Sexe masculin;65 ans et plus;4643734
2004;Y_GE65;ITA;Italie;PT;Pourcentage de la population;M;Sexe masculin;65 ans et plus;16,575
2004;Y_GE65;ITA;Italie;PS;Personnes;F;Sexe feminin;65 ans et plus;6544528
2004;Y_GE65;ITA;Italie;PT;Pourcentage de la population;F;Sexe feminin;65 ans et plus;21,953
2004;Y15T64;ITA;Italie;PS;Personnes;F;Sexe feminin;De 15 a 64 ans;19290456
2004;Y15T64;ITA;Italie;PT;Pourcentage de la population;F;Sexe feminin;De 15 a 64 ans;64,707
2004;Y_LT15;ITA;Italie;PS;Personnes;_T;Total;Moins de 15 ans;8179795,778
2004;Y_LT15;ITA;Italie;PT;Pourcentage de la population;_T;Total;Moins de 15 ans;14,145
2004;Y_LT15;ITA;Italie;PS;Personnes;F;Sexe feminin;Moins de 15 ans;3977240,799
2004;Y_LT15;ITA;Italie;PT;Pourcentage de la population;F;Sexe feminin;Moins de 15 ans;13,341
2004;Y_LT15;ITA;Italie;PS;Personnes;M;Sexe masculin;Moins de 15 ans;4202962,42
2004;Y_LT15;ITA;Italie;PT;Pourcentage de la population;M;Sexe masculin;Moins de 15 ans;15,002
2005;Y15T64;ITA;Italie;PS;Personnes;_T;Total;De 15 a 64 ans;38509542
2005;Y15T64;ITA;Italie;PT;Pourcentage de la population;_T;Total;De 15 a 64 ans;66,205
2005;Y_GE65;ITA;Italie;PS;Personnes;_T;Total;65 ans et plus;11437573
2005;Y_GE65;ITA;Italie;PT;Pourcentage de la population;_T;Total;65 ans et plus;19,663
2005;Y15T64;ITA;Italie;PS;Personnes;M;Sexe masculin;De 15 a 64 ans;19200753
2005;Y15T64;ITA;Italie;PT;Pourcentage de la population;M;Sexe masculin;De 15 a 64 ans;68,114
2005;Y_GE65;ITA;Italie;PS;Personnes;M;Sexe masculin;65 ans et plus;4762975
2005;Y_GE65;ITA;Italie;PT;Pourcentage de la population;M;Sexe masculin;65 ans et plus;16,896
2005;Y_GE65;ITA;Italie;PS;Personnes;F;Sexe feminin;65 ans et plus;6674598
2005;Y_GE65;ITA;Italie;PT;Pourcentage de la population;F;Sexe feminin;65 ans et plus;22,265
2005;Y15T64;ITA;Italie;PS;Personnes;F;Sexe feminin;De 15 a 64 ans;19308789
2005;Y15T64;ITA;Italie;PT;Pourcentage de la population;F;Sexe feminin;De 15 a 64 ans;64,411
2005;Y_LT15;ITA;Italie;PS;Personnes;_T;Total;Moins de 15 ans;8219534,116
2005;Y_LT15;ITA;Italie;PT;Pourcentage de la population;_T;Total;Moins de 15 ans;14,131
2005;Y_LT15;ITA;Italie;PS;Personnes;F;Sexe feminin;Moins de 15 ans;3993886,737
2005;Y_LT15;ITA;Italie;PT;Pourcentage de la population;F;Sexe feminin;Moins de 15 ans;13,323
2005;Y_LT15;ITA;Italie;PS;Personnes;M;Sexe masculin;Moins de 15 ans;4225576,22
2005;Y_LT15;ITA;Italie;PT;Pourcentage de la population;M;Sexe masculin;Moins de 15 ans;14,99
2006;Y15T64;ITA;Italie;PS;Personnes;_T;Total;De 15 a 64 ans;38506840
2006;Y15T64;ITA;Italie;PT;Pourcentage de la population;_T;Total;De 15 a 64 ans;65,937
2006;Y_GE65;ITA;Italie;PS;Personnes;_T;Total;65 ans et plus;11646051
2006;Y_GE65;ITA;Italie;PT;Pourcentage de la population;_T;Total;65 ans et plus;19,942
2006;Y15T64;ITA;Italie;PS;Personnes;M;Sexe masculin;De 15 a 64 ans;19196496
2006;Y15T64;ITA;Italie;PT;Pourcentage de la population;M;Sexe masculin;De 15 a 64 ans;67,826
2006;Y_GE65;ITA;Italie;PS;Personnes;M;Sexe masculin;65 ans et plus;4864151
2006;Y_GE65;ITA;Italie;PT;Pourcentage de la population;M;Sexe masculin;65 ans et plus;17,186
2006;Y_GE65;ITA;Italie;PS;Personnes;F;Sexe feminin;65 ans et plus;6781900
2006;Y_GE65;ITA;Italie;PT;Pourcentage de la population;F;Sexe feminin;65 ans et plus;22,533
2006;Y15T64;ITA;Italie;PS;Personnes;F;Sexe feminin;De 15 a 64 ans;19310344
2006;Y15T64;ITA;Italie;PT;Pourcentage de la population;F;Sexe feminin;De 15 a 64 ans;64,16
2006;Y_LT15;ITA;Italie;PS;Personnes;_T;Total;Moins de 15 ans;8247228,653
2006;Y_LT15;ITA;Italie;PT;Pourcentage de la population;_T;Total;Moins de 15 ans;14,122
2006;Y_LT15;ITA;Italie;PS;Personnes;F;Sexe feminin;Moins de 15 ans;4005052,368
2006;Y_LT15;ITA;Italie;PT;Pourcentage de la population;F;Sexe feminin;Moins de 15 ans;13,307
2006;Y_LT15;ITA;Italie;PS;Personnes;M;Sexe masculin;Moins de 15 ans;4241982,897
2006;Y_LT15;ITA;Italie;PT;Pourcentage de la population;M;Sexe masculin;Moins de 15 ans;14,988
2007;Y15T64;ITA;Italie;PS;Personnes;_T;Total;De 15 a 64 ans;38659761
2007;Y15T64;ITA;Italie;PT;Pourcentage de la population;_T;Total;De 15 a 64 ans;65,797
2007;Y_GE65;ITA;Italie;PS;Personnes;_T;Total;65 ans et plus;11813082
2007;Y_GE65;ITA;Italie;PT;Pourcentage de la population;_T;Total;65 ans et plus;20,105
2007;Y15T64;ITA;Italie;PS;Personnes;M;Sexe masculin;De 15 a 64 ans;19259958
2007;Y15T64;ITA;Italie;PT;Pourcentage de la population;M;Sexe masculin;De 15 a 64 ans;67,651
2007;Y_GE65;ITA;Italie;PS;Personnes;M;Sexe masculin;65 ans et plus;4947115
2007;Y_GE65;ITA;Italie;PT;Pourcentage de la population;M;Sexe masculin;65 ans et plus;17,377
2007;Y_GE65;ITA;Italie;PS;Personnes;F;Sexe feminin;65 ans et plus;6865967
2007;Y_GE65;ITA;Italie;PT;Pourcentage de la population;F;Sexe feminin;65 ans et plus;22,67
2007;Y15T64;ITA;Italie;PS;Personnes;F;Sexe feminin;De 15 a 64 ans;19399803
2007;Y15T64;ITA;Italie;PT;Pourcentage de la population;F;Sexe feminin;De 15 a 64 ans;64,054
2007;Y_LT15;ITA;Italie;PS;Personnes;_T;Total;Moins de 15 ans;8283455,702
2007;Y_LT15;ITA;Italie;PT;Pourcentage de la population;_T;Total;Moins de 15 ans;14,098
2007;Y_LT15;ITA;Italie;PS;Personnes;F;Sexe feminin;Moins de 15 ans;4020855,256
2007;Y_LT15;ITA;Italie;PT;Pourcentage de la population;F;Sexe feminin;Moins de 15 ans;13,276
2007;Y_LT15;ITA;Italie;PS;Personnes;M;Sexe masculin;Moins de 15 ans;4262468,512
2007;Y_LT15;ITA;Italie;PT;Pourcentage de la population;M;Sexe masculin;Moins de 15 ans;14,972
2008;Y15T64;ITA;Italie;PS;Personnes;_T;Total;De 15 a 64 ans;38910211
2008;Y15T64;ITA;Italie;PT;Pourcentage de la population;_T;Total;De 15 a 64 ans;65,714
2008;Y_GE65;ITA;Italie;PS;Personnes;_T;Total;65 ans et plus;11961443
2008;Y_GE65;ITA;Italie;PT;Pourcentage de la population;_T;Total;65 ans et plus;20,201
2008;Y15T64;ITA;Italie;PS;Personnes;M;Sexe masculin;De 15 a 64 ans;19366395
2008;Y15T64;ITA;Italie;PT;Pourcentage de la population;M;Sexe masculin;De 15 a 64 ans;67,519
2008;Y_GE65;ITA;Italie;PS;Personnes;M;Sexe masculin;65 ans et plus;5023289
2008;Y_GE65;ITA;Italie;PT;Pourcentage de la population;M;Sexe masculin;65 ans et plus;17,513
2008;Y_GE65;ITA;Italie;PS;Personnes;F;Sexe feminin;65 ans et plus;6938154
2008;Y_GE65;ITA;Italie;PT;Pourcentage de la population;F;Sexe feminin;65 ans et plus;22,727
2008;Y15T64;ITA;Italie;PS;Personnes;F;Sexe feminin;De 15 a 64 ans;19543816
2008;Y15T64;ITA;Italie;PT;Pourcentage de la population;F;Sexe feminin;De 15 a 64 ans;64,019
2008;Y_LT15;ITA;Italie;PS;Personnes;_T;Total;Moins de 15 ans;8339303,014
2008;Y_LT15;ITA;Italie;PT;Pourcentage de la population;_T;Total;Moins de 15 ans;14,084
2008;Y_LT15;ITA;Italie;PS;Personnes;F;Sexe feminin;Moins de 15 ans;4046225,653
2008;Y_LT15;ITA;Italie;PT;Pourcentage de la population;F;Sexe feminin;Moins de 15 ans;13,254
2008;Y_LT15;ITA;Italie;PS;Personnes;M;Sexe masculin;Moins de 15 ans;4293248,539
2008;Y_LT15;ITA;Italie;PT;Pourcentage de la population;M;Sexe masculin;Moins de 15 ans;14,968
2009;Y15T64;ITA;Italie;PS;Personnes;_T;Total;De 15 a 64 ans;39068912
2009;Y15T64;ITA;Italie;PT;Pourcentage de la population;_T;Total;De 15 a 64 ans;65,601
2009;Y_GE65;ITA;Italie;PS;Personnes;_T;Total;65 ans et plus;12093027
2009;Y_GE65;ITA;Italie;PT;Pourcentage de la population;_T;Total;65 ans et plus;20,305
2009;Y15T64;ITA;Italie;PS;Personnes;M;Sexe masculin;De 15 a 64 ans;19426904
2009;Y15T64;ITA;Italie;PT;Pourcentage de la population;M;Sexe masculin;De 15 a 64 ans;67,356
2009;Y_GE65;ITA;Italie;PS;Personnes;M;Sexe masculin;65 ans et plus;5093016
2009;Y_GE65;ITA;Italie;PT;Pourcentage de la population;M;Sexe masculin;65 ans et plus;17,658
2009;Y_GE65;ITA;Italie;PS;Personnes;F;Sexe feminin;65 ans et plus;7000011
2009;Y_GE65;ITA;Italie;PT;Pourcentage de la population;F;Sexe feminin;65 ans et plus;22,791
2009;Y15T64;ITA;Italie;PS;Personnes;F;Sexe feminin;De 15 a 64 ans;19642008
2009;Y15T64;ITA;Italie;PT;Pourcentage de la population;F;Sexe feminin;De 15 a 64 ans;63,953
2009;Y_LT15;ITA;Italie;PS;Personnes;_T;Total;Moins de 15 ans;8393745,969
2009;Y_LT15;ITA;Italie;PT;Pourcentage de la population;_T;Total;Moins de 15 ans;14,094
2009;Y_LT15;ITA;Italie;PS;Personnes;F;Sexe feminin;Moins de 15 ans;4071356,771
2009;Y_LT15;ITA;Italie;PT;Pourcentage de la population;F;Sexe feminin;Moins de 15 ans;13,256
2009;Y_LT15;ITA;Italie;PS;Personnes;M;Sexe masculin;Moins de 15 ans;4322283,55
2009;Y_LT15;ITA;Italie;PT;Pourcentage de la population;M;Sexe masculin;Moins de 15 ans;14,986
2010;Y15T64;ITA;Italie;PS;Personnes;_T;Total;De 15 a 64 ans;39187661
2010;Y15T64;ITA;Italie;PT;Pourcentage de la population;_T;Total;De 15 a 64 ans;65,51
2010;Y_GE65;ITA;Italie;PS;Personnes;_T;Total;65 ans et plus;12204149
2010;Y_GE65;ITA;Italie;PT;Pourcentage de la population;_T;Total;65 ans et plus;20,402
2010;Y15T64;ITA;Italie;PS;Personnes;M;Sexe masculin;De 15 a 64 ans;19464057
2010;Y15T64;ITA;Italie;PT;Pourcentage de la population;M;Sexe masculin;De 15 a 64 ans;67,213
2010;Y_GE65;ITA;Italie;PS;Personnes;M;Sexe masculin;65 ans et plus;5153944
2010;Y_GE65;ITA;Italie;PT;Pourcentage de la population;M;Sexe masculin;65 ans et plus;17,797
2010;Y_GE65;ITA;Italie;PS;Personnes;F;Sexe feminin;65 ans et plus;7050205
2010;Y_GE65;ITA;Italie;PT;Pourcentage de la population;F;Sexe feminin;65 ans et plus;22,845
2010;Y15T64;ITA;Italie;PS;Personnes;F;Sexe feminin;De 15 a 64 ans;19723604
2010;Y15T64;ITA;Italie;PT;Pourcentage de la population;F;Sexe feminin;De 15 a 64 ans;63,912
2010;Y_LT15;ITA;Italie;PS;Personnes;_T;Total;Moins de 15 ans;8427357,354
2010;Y_LT15;ITA;Italie;PT;Pourcentage de la population;_T;Total;Moins de 15 ans;14,088
2010;Y_LT15;ITA;Italie;PS;Personnes;F;Sexe feminin;Moins de 15 ans;4086544,232
2010;Y_LT15;ITA;Italie;PT;Pourcentage de la population;F;Sexe feminin;Moins de 15 ans;13,242
2010;Y_LT15;ITA;Italie;PS;Personnes;M;Sexe masculin;Moins de 15 ans;4340943,007
2010;Y_LT15;ITA;Italie;PT;Pourcentage de la population;M;Sexe masculin;Moins de 15 ans;14,99
2011;Y15T64;ITA;Italie;PS;Personnes;_T;Total;De 15 a 64 ans;39202923
2011;Y15T64;ITA;Italie;PT;Pourcentage de la population;_T;Total;De 15 a 64 ans;65,309
2011;Y_GE65;ITA;Italie;PS;Personnes;_T;Total;65 ans et plus;12386858
2011;Y_GE65;ITA;Italie;PT;Pourcentage de la population;_T;Total;65 ans et plus;20,636
2011;Y15T64;ITA;Italie;PS;Personnes;M;Sexe masculin;De 15 a 64 ans;19456317
2011;Y15T64;ITA;Italie;PT;Pourcentage de la population;M;Sexe masculin;De 15 a 64 ans;66,969
2011;Y_GE65;ITA;Italie;PS;Personnes;M;Sexe masculin;65 ans et plus;5249945
2011;Y_GE65;ITA;Italie;PT;Pourcentage de la population;M;Sexe masculin;65 ans et plus;18,07
2011;Y_GE65;ITA;Italie;PS;Personnes;F;Sexe feminin;65 ans et plus;7136913
2011;Y_GE65;ITA;Italie;PT;Pourcentage de la population;F;Sexe feminin;65 ans et plus;23,041
2011;Y15T64;ITA;Italie;PS;Personnes;F;Sexe feminin;De 15 a 64 ans;19746606
2011;Y15T64;ITA;Italie;PT;Pourcentage de la population;F;Sexe feminin;De 15 a 64 ans;63,752
2011;Y_LT15;ITA;Italie;PS;Personnes;_T;Total;Moins de 15 ans;8436772,924
2011;Y_LT15;ITA;Italie;PT;Pourcentage de la population;_T;Total;Moins de 15 ans;14,055
2011;Y_LT15;ITA;Italie;PS;Personnes;F;Sexe feminin;Moins de 15 ans;4090770,122
2011;Y_LT15;ITA;Italie;PT;Pourcentage de la population;F;Sexe feminin;Moins de 15 ans;13,207
2011;Y_LT15;ITA;Italie;PS;Personnes;M;Sexe masculin;Moins de 15 ans;4346267,015
2011;Y_LT15;ITA;Italie;PT;Pourcentage de la population;M;Sexe masculin;Moins de 15 ans;14,96
2012;Y15T64;ITA;Italie;PS;Personnes;_T;Total;De 15 a 64 ans;39126193
2012;Y15T64;ITA;Italie;PT;Pourcentage de la population;_T;Total;De 15 a 64 ans;65,003
2012;Y_GE65;ITA;Italie;PS;Personnes;_T;Total;65 ans et plus;12630326
2012;Y_GE65;ITA;Italie;PT;Pourcentage de la population;_T;Total;65 ans et plus;20,984
2012;Y15T64;ITA;Italie;PS;Personnes;M;Sexe masculin;De 15 a 64 ans;19421041
2012;Y15T64;ITA;Italie;PT;Pourcentage de la population;M;Sexe masculin;De 15 a 64 ans;66,643
2012;Y_GE65;ITA;Italie;PS;Personnes;M;Sexe masculin;65 ans et plus;5376541
2012;Y_GE65;ITA;Italie;PT;Pourcentage de la population;M;Sexe masculin;65 ans et plus;18,449
2012;Y_GE65;ITA;Italie;PS;Personnes;F;Sexe feminin;65 ans et plus;7253785
2012;Y_GE65;ITA;Italie;PT;Pourcentage de la population;F;Sexe feminin;65 ans et plus;23,362
2012;Y15T64;ITA;Italie;PS;Personnes;F;Sexe feminin;De 15 a 64 ans;19705152
2012;Y15T64;ITA;Italie;PT;Pourcentage de la population;F;Sexe feminin;De 15 a 64 ans;63,464
2012;Y_LT15;ITA;Italie;PS;Personnes;_T;Total;Moins de 15 ans;8434598,882
2012;Y_LT15;ITA;Italie;PT;Pourcentage de la population;_T;Total;Moins de 15 ans;14,013
2012;Y_LT15;ITA;Italie;PS;Personnes;F;Sexe feminin;Moins de 15 ans;4090100,446
2012;Y_LT15;ITA;Italie;PT;Pourcentage de la population;F;Sexe feminin;Moins de 15 ans;13,173
2012;Y_LT15;ITA;Italie;PS;Personnes;M;Sexe masculin;Moins de 15 ans;4344507,846
2012;Y_LT15;ITA;Italie;PT;Pourcentage de la population;M;Sexe masculin;Moins de 15 ans;14,908
2013;Y15T64;ITA;Italie;PS;Personnes;_T;Total;De 15 a 64 ans;39036137
2013;Y15T64;ITA;Italie;PT;Pourcentage de la population;_T;Total;De 15 a 64 ans;64,724
2013;Y_GE65;ITA;Italie;PS;Personnes;_T;Total;65 ans et plus;12860262
2013;Y_GE65;ITA;Italie;PT;Pourcentage de la population;_T;Total;65 ans et plus;21,323
2013;Y15T64;ITA;Italie;PS;Personnes;M;Sexe masculin;De 15 a 64 ans;19388562
2013;Y15T64;ITA;Italie;PT;Pourcentage de la population;M;Sexe masculin;De 15 a 64 ans;66,359
2013;Y_GE65;ITA;Italie;PS;Personnes;M;Sexe masculin;65 ans et plus;5495880
2013;Y_GE65;ITA;Italie;PT;Pourcentage de la population;M;Sexe masculin;65 ans et plus;18,81
2013;Y_GE65;ITA;Italie;PS;Personnes;F;Sexe feminin;65 ans et plus;7364382
2013;Y_GE65;ITA;Italie;PT;Pourcentage de la population;F;Sexe feminin;65 ans et plus;23,684
2013;Y15T64;ITA;Italie;PS;Personnes;F;Sexe feminin;De 15 a 64 ans;19647575
2013;Y15T64;ITA;Italie;PT;Pourcentage de la population;F;Sexe feminin;De 15 a 64 ans;63,188
2013;Y_LT15;ITA;Italie;PS;Personnes;_T;Total;Moins de 15 ans;8415279,78
2013;Y_LT15;ITA;Italie;PT;Pourcentage de la population;_T;Total;Moins de 15 ans;13,953
2013;Y_LT15;ITA;Italie;PS;Personnes;F;Sexe feminin;Moins de 15 ans;4082007,848
2013;Y_LT15;ITA;Italie;PT;Pourcentage de la population;F;Sexe feminin;Moins de 15 ans;13,128
2013;Y_LT15;ITA;Italie;PS;Personnes;M;Sexe masculin;Moins de 15 ans;4333278,718
2013;Y_LT15;ITA;Italie;PT;Pourcentage de la population;M;Sexe masculin;Moins de 15 ans;14,831
2014;Y15T64;ITA;Italie;PS;Personnes;_T;Total;De 15 a 64 ans;38880095
2014;Y15T64;ITA;Italie;PT;Pourcentage de la population;_T;Total;De 15 a 64 ans;64,456
2014;Y_GE65;ITA;Italie;PS;Personnes;_T;Total;65 ans et plus;13080411
2014;Y_GE65;ITA;Italie;PT;Pourcentage de la population;_T;Total;65 ans et plus;21,685
2014;Y15T64;ITA;Italie;PS;Personnes;M;Sexe masculin;De 15 a 64 ans;19321180
2014;Y15T64;ITA;Italie;PT;Pourcentage de la population;M;Sexe masculin;De 15 a 64 ans;66,089
2014;Y_GE65;ITA;Italie;PS;Personnes;M;Sexe masculin;65 ans et plus;5609684
2014;Y_GE65;ITA;Italie;PT;Pourcentage de la population;M;Sexe masculin;65 ans et plus;19,188
2014;Y_GE65;ITA;Italie;PS;Personnes;F;Sexe feminin;65 ans et plus;7470727
2014;Y_GE65;ITA;Italie;PT;Pourcentage de la population;F;Sexe feminin;65 ans et plus;24,033
2014;Y15T64;ITA;Italie;PS;Personnes;F;Sexe feminin;De 15 a 64 ans;19558915
2014;Y15T64;ITA;Italie;PT;Pourcentage de la population;F;Sexe feminin;De 15 a 64 ans;62,919
2014;Y_LT15;ITA;Italie;PS;Personnes;_T;Total;Moins de 15 ans;8360450,129
2014;Y_LT15;ITA;Italie;PT;Pourcentage de la population;_T;Total;Moins de 15 ans;13,86
2014;Y_LT15;ITA;Italie;PS;Personnes;F;Sexe feminin;Moins de 15 ans;4056073,488
2014;Y_LT15;ITA;Italie;PT;Pourcentage de la population;F;Sexe feminin;Moins de 15 ans;13,048
2014;Y_LT15;ITA;Italie;PS;Personnes;M;Sexe masculin;Moins de 15 ans;4303965,07
2014;Y_LT15;ITA;Italie;PT;Pourcentage de la population;M;Sexe masculin;Moins de 15 ans;14,722
2015;Y15T64;ITA;Italie;PS;Personnes;_T;Total;De 15 a 64 ans;38704045
2015;Y15T64;ITA;Italie;PT;Pourcentage de la population;_T;Total;De 15 a 64 ans;64,261
2015;Y_GE65;ITA;Italie;PS;Personnes;_T;Total;65 ans et plus;13251468
2015;Y_GE65;ITA;Italie;PT;Pourcentage de la population;_T;Total;65 ans et plus;22,002
2015;Y15T64;ITA;Italie;PS;Personnes;M;Sexe masculin;De 15 a 64 ans;19248383
2015;Y15T64;ITA;Italie;PT;Pourcentage de la population;M;Sexe masculin;De 15 a 64 ans;65,895
2015;Y_GE65;ITA;Italie;PS;Personnes;M;Sexe masculin;65 ans et plus;5703077
2015;Y_GE65;ITA;Italie;PT;Pourcentage de la population;M;Sexe masculin;65 ans et plus;19,524
2015;Y_GE65;ITA;Italie;PS;Personnes;F;Sexe feminin;65 ans et plus;7548391
2015;Y_GE65;ITA;Italie;PT;Pourcentage de la population;F;Sexe feminin;65 ans et plus;24,335
2015;Y15T64;ITA;Italie;PS;Personnes;F;Sexe feminin;De 15 a 64 ans;19455662
2015;Y15T64;ITA;Italie;PT;Pourcentage de la population;F;Sexe feminin;De 15 a 64 ans;62,722
2015;Y_LT15;ITA;Italie;PS;Personnes;_T;Total;Moins de 15 ans;8274342,311
2015;Y_LT15;ITA;Italie;PT;Pourcentage de la population;_T;Total;Moins de 15 ans;13,738
2015;Y_LT15;ITA;Italie;PS;Personnes;F;Sexe feminin;Moins de 15 ans;4014778,945
2015;Y_LT15;ITA;Italie;PT;Pourcentage de la population;F;Sexe feminin;Moins de 15 ans;12,943
2015;Y_LT15;ITA;Italie;PS;Personnes;M;Sexe masculin;Moins de 15 ans;4259208,959
2015;Y_LT15;ITA;Italie;PT;Pourcentage de la population;M;Sexe masculin;Moins de 15 ans;14,581
2016;Y15T64;ITA;Italie;PS;Personnes;_T;Total;De 15 a 64 ans;38554409
2016;Y15T64;ITA;Italie;PT;Pourcentage de la population;_T;Total;De 15 a 64 ans;64,134
2016;Y_GE65;ITA;Italie;PS;Personnes;_T;Total;65 ans et plus;13391566
2016;Y_GE65;ITA;Italie;PT;Pourcentage de la population;_T;Total;65 ans et plus;22,276
2016;Y15T64;ITA;Italie;PS;Personnes;M;Sexe masculin;De 15 a 64 ans;19199863
2016;Y15T64;ITA;Italie;PT;Pourcentage de la population;M;Sexe masculin;De 15 a 64 ans;65,785
2016;Y_GE65;ITA;Italie;PS;Personnes;M;Sexe masculin;65 ans et plus;5781811
2016;Y_GE65;ITA;Italie;PT;Pourcentage de la population;M;Sexe masculin;65 ans et plus;19,81
2016;Y_GE65;ITA;Italie;PS;Personnes;F;Sexe feminin;65 ans et plus;7609755
2016;Y_GE65;ITA;Italie;PT;Pourcentage de la population;F;Sexe feminin;65 ans et plus;24,604
2016;Y15T64;ITA;Italie;PS;Personnes;F;Sexe feminin;De 15 a 64 ans;19354546
2016;Y15T64;ITA;Italie;PT;Pourcentage de la population;F;Sexe feminin;De 15 a 64 ans;62,577
2016;Y_LT15;ITA;Italie;PS;Personnes;_T;Total;Moins de 15 ans;8169057,246
2016;Y_LT15;ITA;Italie;PT;Pourcentage de la population;_T;Total;Moins de 15 ans;13,589
2016;Y_LT15;ITA;Italie;PS;Personnes;F;Sexe feminin;Moins de 15 ans;3965145,747
2016;Y_LT15;ITA;Italie;PT;Pourcentage de la population;F;Sexe feminin;Moins de 15 ans;12,82
2016;Y_LT15;ITA;Italie;PS;Personnes;M;Sexe masculin;Moins de 15 ans;4204221,116
2016;Y_LT15;ITA;Italie;PT;Pourcentage de la population;M;Sexe masculin;Moins de 15 ans;14,405
2017;Y15T64;ITA;Italie;PS;Personnes;_T;Total;De 15 a 64 ans;38429628
2017;Y15T64;ITA;Italie;PT;Pourcentage de la population;_T;Total;De 15 a 64 ans;64,047
2017;Y_GE65;ITA;Italie;PS;Personnes;_T;Total;65 ans et plus;13513547
2017;Y_GE65;ITA;Italie;PT;Pourcentage de la population;_T;Total;65 ans et plus;22,522
2017;Y15T64;ITA;Italie;PS;Personnes;M;Sexe masculin;De 15 a 64 ans;19170365
2017;Y15T64;ITA;Italie;PT;Pourcentage de la population;M;Sexe masculin;De 15 a 64 ans;65,725
2017;Y_GE65;ITA;Italie;PS;Personnes;M;Sexe masculin;65 ans et plus;5850756
2017;Y_GE65;ITA;Italie;PT;Pourcentage de la population;M;Sexe masculin;65 ans et plus;20,059
2017;Y_GE65;ITA;Italie;PS;Personnes;F;Sexe feminin;65 ans et plus;7662791
2017;Y_GE65;ITA;Italie;PT;Pourcentage de la population;F;Sexe feminin;65 ans et plus;24,851
2017;Y15T64;ITA;Italie;PS;Personnes;F;Sexe feminin;De 15 a 64 ans;19259263
2017;Y15T64;ITA;Italie;PT;Pourcentage de la population;F;Sexe feminin;De 15 a 64 ans;62,46
2017;Y_LT15;ITA;Italie;PS;Personnes;_T;Total;Moins de 15 ans;8058902,735
2017;Y_LT15;ITA;Italie;PT;Pourcentage de la population;_T;Total;Moins de 15 ans;13,431
2017;Y_LT15;ITA;Italie;PS;Personnes;F;Sexe feminin;Moins de 15 ans;3912614,068
2017;Y_LT15;ITA;Italie;PT;Pourcentage de la population;F;Sexe feminin;Moins de 15 ans;12,689
2017;Y_LT15;ITA;Italie;PS;Personnes;M;Sexe masculin;Moins de 15 ans;4146460,614
2017;Y_LT15;ITA;Italie;PT;Pourcentage de la population;M;Sexe masculin;Moins de 15 ans;14,216
2018;Y15T64;ITA;Italie;PS;Personnes;_T;Total;De 15 a 64 ans;38310756
2018;Y15T64;ITA;Italie;PT;Pourcentage de la population;_T;Total;De 15 a 64 ans;63,982
2018;Y_GE65;ITA;Italie;PS;Personnes;_T;Total;65 ans et plus;13629179
2018;Y_GE65;ITA;Italie;PT;Pourcentage de la population;_T;Total;65 ans et plus;22,762
2018;Y15T64;ITA;Italie;PS;Personnes;M;Sexe masculin;De 15 a 64 ans;19141860
2018;Y15T64;ITA;Italie;PT;Pourcentage de la population;M;Sexe masculin;De 15 a 64 ans;65,681
2018;Y_GE65;ITA;Italie;PS;Personnes;M;Sexe masculin;65 ans et plus;5918196
2018;Y_GE65;ITA;Italie;PT;Pourcentage de la population;M;Sexe masculin;65 ans et plus;20,307
2018;Y_GE65;ITA;Italie;PS;Personnes;F;Sexe feminin;65 ans et plus;7710983
2018;Y_GE65;ITA;Italie;PT;Pourcentage de la population;F;Sexe feminin;65 ans et plus;25,09
2018;Y15T64;ITA;Italie;PS;Personnes;F;Sexe feminin;De 15 a 64 ans;19168896
2018;Y15T64;ITA;Italie;PT;Pourcentage de la population;F;Sexe feminin;De 15 a 64 ans;62,372
2018;Y_LT15;ITA;Italie;PS;Personnes;_T;Total;Moins de 15 ans;7937323,753
2018;Y_LT15;ITA;Italie;PT;Pourcentage de la population;_T;Total;Moins de 15 ans;13,256
2018;Y_LT15;ITA;Italie;PS;Personnes;F;Sexe feminin;Moins de 15 ans;3853659,647
2018;Y_LT15;ITA;Italie;PT;Pourcentage de la population;F;Sexe feminin;Moins de 15 ans;12,539
2018;Y_LT15;ITA;Italie;PS;Personnes;M;Sexe masculin;Moins de 15 ans;4083633,039
2018;Y_LT15;ITA;Italie;PT;Pourcentage de la population;M;Sexe masculin;Moins de 15 ans;14,012
2019;Y15T64;ITA;Italie;PS;Personnes;_T;Total;De 15 a 64 ans;38153205
2019;Y15T64;ITA;Italie;PT;Pourcentage de la population;_T;Total;De 15 a 64 ans;63,877
2019;Y_GE65;ITA;Italie;PS;Personnes;_T;Total;65 ans et plus;13776150
2019;Y_GE65;ITA;Italie;PT;Pourcentage de la population;_T;Total;65 ans et plus;23,064
2019;Y15T64;ITA;Italie;PS;Personnes;M;Sexe masculin;De 15 a 64 ans;19077768
2019;Y15T64;ITA;Italie;PT;Pourcentage de la population;M;Sexe masculin;De 15 a 64 ans;65,58
2019;Y_GE65;ITA;Italie;PS;Personnes;M;Sexe masculin;65 ans et plus;5999773
2019;Y_GE65;ITA;Italie;PT;Pourcentage de la population;M;Sexe masculin;65 ans et plus;20,624
2019;Y_GE65;ITA;Italie;PS;Personnes;F;Sexe feminin;65 ans et plus;7776377
2019;Y_GE65;ITA;Italie;PT;Pourcentage de la population;F;Sexe feminin;65 ans et plus;25,381
2019;Y15T64;ITA;Italie;PS;Personnes;F;Sexe feminin;De 15 a 64 ans;19075437
2019;Y15T64;ITA;Italie;PT;Pourcentage de la population;F;Sexe feminin;De 15 a 64 ans;62,26
2019;Y_LT15;ITA;Italie;PS;Personnes;_T;Total;Moins de 15 ans;7800020,165
2019;Y_LT15;ITA;Italie;PT;Pourcentage de la population;_T;Total;Moins de 15 ans;13,059
2019;Y_LT15;ITA;Italie;PS;Personnes;F;Sexe feminin;Moins de 15 ans;3786603,934
2019;Y_LT15;ITA;Italie;PT;Pourcentage de la population;F;Sexe feminin;Moins de 15 ans;12,359
2019;Y_LT15;ITA;Italie;PS;Personnes;M;Sexe masculin;Moins de 15 ans;4013054,34
2019;Y_LT15;ITA;Italie;PT;Pourcentage de la population;M;Sexe masculin;Moins de 15 ans;13,795
2020;Y15T64;ITA;Italie;PS;Personnes;_T;Total;De 15 a 64 ans;37856485
2020;Y15T64;ITA;Italie;PT;Pourcentage de la population;_T;Total;De 15 a 64 ans;63,69
2020;Y_GE65;ITA;Italie;PS;Personnes;_T;Total;65 ans et plus;13900309
2020;Y_GE65;ITA;Italie;PT;Pourcentage de la population;_T;Total;65 ans et plus;23,386
2020;Y15T64;ITA;Italie;PS;Personnes;M;Sexe masculin;De 15 a 64 ans;18937019
2020;Y15T64;ITA;Italie;PT;Pourcentage de la population;M;Sexe masculin;De 15 a 64 ans;65,394
2020;Y_GE65;ITA;Italie;PS;Personnes;M;Sexe masculin;65 ans et plus;6068805
2020;Y_GE65;ITA;Italie;PT;Pourcentage de la population;M;Sexe masculin;65 ans et plus;20,957
2020;Y_GE65;ITA;Italie;PS;Personnes;F;Sexe feminin;65 ans et plus;7831504
2020;Y_GE65;ITA;Italie;PT;Pourcentage de la population;F;Sexe feminin;65 ans et plus;25,693
2020;Y15T64;ITA;Italie;PS;Personnes;F;Sexe feminin;De 15 a 64 ans;18919466
2020;Y15T64;ITA;Italie;PT;Pourcentage de la population;F;Sexe feminin;De 15 a 64 ans;62,07
2020;Y_LT15;ITA;Italie;PS;Personnes;_T;Total;Moins de 15 ans;7681876,328
2020;Y_LT15;ITA;Italie;PT;Pourcentage de la population;_T;Total;Moins de 15 ans;12,924
2020;Y_LT15;ITA;Italie;PS;Personnes;F;Sexe feminin;Moins de 15 ans;3729616,861
2020;Y_LT15;ITA;Italie;PT;Pourcentage de la population;F;Sexe feminin;Moins de 15 ans;12,236
2020;Y_LT15;ITA;Italie;PS;Personnes;M;Sexe masculin;Moins de 15 ans;3952209,404
2020;Y_LT15;ITA;Italie;PT;Pourcentage de la population;M;Sexe masculin;Moins de 15 ans;13,648
2021;Y15T64;ITA;Italie;PS;Personnes;_T;Total;De 15 a 64 ans;37573534
2021;Y15T64;ITA;Italie;PT;Pourcentage de la population;_T;Total;De 15 a 64 ans;63,541
2021;Y_GE65;ITA;Italie;PS;Personnes;_T;Total;65 ans et plus;13996468
2021;Y_GE65;ITA;Italie;PT;Pourcentage de la population;_T;Total;65 ans et plus;23,669
2021;Y15T64;ITA;Italie;PS;Personnes;M;Sexe masculin;De 15 a 64 ans;18824028
2021;Y15T64;ITA;Italie;PT;Pourcentage de la population;M;Sexe masculin;De 15 a 64 ans;65,265
2021;Y_GE65;ITA;Italie;PS;Personnes;M;Sexe masculin;65 ans et plus;6128180
2021;Y_GE65;ITA;Italie;PT;Pourcentage de la population;M;Sexe masculin;65 ans et plus;21,247
2021;Y_GE65;ITA;Italie;PS;Personnes;F;Sexe feminin;65 ans et plus;7868288
2021;Y_GE65;ITA;Italie;PT;Pourcentage de la population;F;Sexe feminin;65 ans et plus;25,976
2021;Y15T64;ITA;Italie;PS;Personnes;F;Sexe feminin;De 15 a 64 ans;18749506
2021;Y15T64;ITA;Italie;PT;Pourcentage de la population;F;Sexe feminin;De 15 a 64 ans;61,899
2021;Y_LT15;ITA;Italie;PS;Personnes;_T;Total;Moins de 15 ans;7563132,827
2021;Y_LT15;ITA;Italie;PT;Pourcentage de la population;_T;Total;Moins de 15 ans;12,79
2021;Y_LT15;ITA;Italie;PS;Personnes;F;Sexe feminin;Moins de 15 ans;3672733,189
2021;Y_LT15;ITA;Italie;PT;Pourcentage de la population;F;Sexe feminin;Moins de 15 ans;12,125
2021;Y_LT15;ITA;Italie;PS;Personnes;M;Sexe masculin;Moins de 15 ans;3890288,539
2021;Y_LT15;ITA;Italie;PT;Pourcentage de la population;M;Sexe masculin;Moins de 15 ans;13,488
2022;Y15T64;ITA;Italie;PS;Personnes;F;Sexe feminin;De 15 a 64 ans;18677713
2022;Y15T64;ITA;Italie;PT;Pourcentage de la population;F;Sexe feminin;De 15 a 64 ans;61,853
2022;Y_GE65;ITA;Italie;PS;Personnes;F;Sexe feminin;65 ans et plus;7916750
2022;Y_GE65;ITA;Italie;PT;Pourcentage de la population;F;Sexe feminin;65 ans et plus;26,217
2022;Y15T64;ITA;Italie;PS;Personnes;M;Sexe masculin;De 15 a 64 ans;18802657
2022;Y15T64;ITA;Italie;PT;Pourcentage de la population;M;Sexe masculin;De 15 a 64 ans;65,249
2022;Y_GE65;ITA;Italie;PS;Personnes;M;Sexe masculin;65 ans et plus;6199599
2022;Y_GE65;ITA;Italie;PT;Pourcentage de la population;M;Sexe masculin;65 ans et plus;21,514
2022;Y_GE65;ITA;Italie;PS;Personnes;_T;Total;65 ans et plus;14116349
2022;Y_GE65;ITA;Italie;PT;Pourcentage de la population;_T;Total;65 ans et plus;23,92
2022;Y15T64;ITA;Italie;PS;Personnes;_T;Total;De 15 a 64 ans;37480370
2022;Y15T64;ITA;Italie;PT;Pourcentage de la population;_T;Total;De 15 a 64 ans;63,511
2022;Y_LT15;ITA;Italie;PS;Personnes;_T;Total;Moins de 15 ans;7416838,171
2022;Y_LT15;ITA;Italie;PT;Pourcentage de la population;_T;Total;Moins de 15 ans;12,568
2022;Y_LT15;ITA;Italie;PS;Personnes;F;Sexe feminin;Moins de 15 ans;3602173,409
2022;Y_LT15;ITA;Italie;PT;Pourcentage de la population;F;Sexe feminin;Moins de 15 ans;11,929
2022;Y_LT15;ITA;Italie;PS;Personnes;M;Sexe masculin;Moins de 15 ans;3814780,56
2022;Y_LT15;ITA;Italie;PT;Pourcentage de la population;M;Sexe masculin;Moins de 15 ans;13,238
2023;Y15T64;ITA;Italie;PS;Personnes;F;Sexe feminin;De 15 a 64 ans;18640606
2023;Y15T64;ITA;Italie;PT;Pourcentage de la population;F;Sexe feminin;De 15 a 64 ans;61,819
2023;Y_GE65;ITA;Italie;PS;Personnes;F;Sexe feminin;65 ans et plus;7984717
2023;Y_GE65;ITA;Italie;PT;Pourcentage de la population;F;Sexe feminin;65 ans et plus;26,48
2023;Y15T64;ITA;Italie;PS;Personnes;M;Sexe masculin;De 15 a 64 ans;18809411
2023;Y15T64;ITA;Italie;PT;Pourcentage de la population;M;Sexe masculin;De 15 a 64 ans;65,241
2023;Y_GE65;ITA;Italie;PS;Personnes;M;Sexe masculin;65 ans et plus;6284300
2023;Y_GE65;ITA;Italie;PT;Pourcentage de la population;M;Sexe masculin;65 ans et plus;21,797
2023;Y15T64;ITA;Italie;PS;Personnes;_T;Total;De 15 a 64 ans;37450017
2023;Y15T64;ITA;Italie;PT;Pourcentage de la population;_T;Total;De 15 a 64 ans;63,492
2023;Y_GE65;ITA;Italie;PS;Personnes;_T;Total;65 ans et plus;14269017
2023;Y_GE65;ITA;Italie;PT;Pourcentage de la population;_T;Total;65 ans et plus;24,191
2023;Y_LT15;ITA;Italie;PS;Personnes;_T;Total;Moins de 15 ans;7265086,008
2023;Y_LT15;ITA;Italie;PT;Pourcentage de la population;_T;Total;Moins de 15 ans;12,317
2023;Y_LT15;ITA;Italie;PS;Personnes;F;Sexe feminin;Moins de 15 ans;3528253,663
2023;Y_LT15;ITA;Italie;PT;Pourcentage de la population;F;Sexe feminin;Moins de 15 ans;11,701
2023;Y_LT15;ITA;Italie;PS;Personnes;M;Sexe masculin;Moins de 15 ans;3737045,704
2023;Y_LT15;ITA;Italie;PT;Pourcentage de la population;M;Sexe masculin;Moins de 15 ans;12,962
2024;Y15T64;ITA;Italie;PS;Personnes;F;Sexe feminin;De 15 a 64 ans;18570520
2024;Y15T64;ITA;Italie;PT;Pourcentage de la population;F;Sexe feminin;De 15 a 64 ans;61,715
2024;Y_GE65;ITA;Italie;PS;Personnes;F;Sexe feminin;65 ans et plus;8074463
2024;Y_GE65;ITA;Italie;PT;Pourcentage de la population;F;Sexe feminin;65 ans et plus;26,834
2024;Y15T64;ITA;Italie;PS;Personnes;M;Sexe masculin;De 15 a 64 ans;18814512
2024;Y15T64;ITA;Italie;PT;Pourcentage de la population;M;Sexe masculin;De 15 a 64 ans;65,188
2024;Y_GE65;ITA;Italie;PS;Personnes;M;Sexe masculin;65 ans et plus;6390488
2024;Y_GE65;ITA;Italie;PT;Pourcentage de la population;M;Sexe masculin;65 ans et plus;22,142
2024;Y_GE65;ITA;Italie;PS;Personnes;_T;Total;65 ans et plus;14464951
2024;Y_GE65;ITA;Italie;PT;Pourcentage de la population;_T;Total;65 ans et plus;24,537
2024;Y15T64;ITA;Italie;PS;Personnes;_T;Total;De 15 a 64 ans;37385032
2024;Y15T64;ITA;Italie;PT;Pourcentage de la population;_T;Total;De 15 a 64 ans;63,415
2024;Y_LT15;ITA;Italie;PS;Personnes;_T;Total;Moins de 15 ans;7102621,296
2024;Y_LT15;ITA;Italie;PT;Pourcentage de la population;_T;Total;Moins de 15 ans;12,048
2024;Y_LT15;ITA;Italie;PS;Personnes;F;Sexe feminin;Moins de 15 ans;3446014,678
2024;Y_LT15;ITA;Italie;PT;Pourcentage de la population;F;Sexe feminin;Moins de 15 ans;11,452
2024;Y_LT15;ITA;Italie;PS;Personnes;M;Sexe masculin;Moins de 15 ans;3656784,739
2024;Y_LT15;ITA;Italie;PT;Pourcentage de la population;M;Sexe masculin;Moins de 15 ans;12,67
2002;Y15T64;LTU;Lituanie;PS;Personnes;_T;Total;De 15 a 64 ans;2296345
2002;Y15T64;LTU;Lituanie;PT;Pourcentage de la population;_T;Total;De 15 a 64 ans;66,695
2002;Y_GE65;LTU;Lituanie;PS;Personnes;_T;Total;65 ans et plus;506297
2002;Y_GE65;LTU;Lituanie;PT;Pourcentage de la population;_T;Total;65 ans et plus;14,705
2002;Y15T64;LTU;Lituanie;PS;Personnes;M;Sexe masculin;De 15 a 64 ans;1104350
2002;Y15T64;LTU;Lituanie;PT;Pourcentage de la population;M;Sexe masculin;De 15 a 64 ans;68,707
2002;Y_GE65;LTU;Lituanie;PS;Personnes;M;Sexe masculin;65 ans et plus;175262
2002;Y_GE65;LTU;Lituanie;PT;Pourcentage de la population;M;Sexe masculin;65 ans et plus;10,904
2002;Y_GE65;LTU;Lituanie;PS;Personnes;F;Sexe feminin;65 ans et plus;331035
2002;Y_GE65;LTU;Lituanie;PT;Pourcentage de la population;F;Sexe feminin;65 ans et plus;18,033
2002;Y15T64;LTU;Lituanie;PS;Personnes;F;Sexe feminin;De 15 a 64 ans;1191995
2002;Y15T64;LTU;Lituanie;PT;Pourcentage de la population;F;Sexe feminin;De 15 a 64 ans;64,933
2002;Y_LT15;LTU;Lituanie;PS;Personnes;_T;Total;Moins de 15 ans;640410,462
2002;Y_LT15;LTU;Lituanie;PT;Pourcentage de la population;_T;Total;Moins de 15 ans;18,6
2002;Y_LT15;LTU;Lituanie;PS;Personnes;F;Sexe feminin;Moins de 15 ans;312718,4794
2002;Y_LT15;LTU;Lituanie;PT;Pourcentage de la population;F;Sexe feminin;Moins de 15 ans;17,035
2002;Y_LT15;LTU;Lituanie;PS;Personnes;M;Sexe masculin;Moins de 15 ans;327717,6981
2002;Y_LT15;LTU;Lituanie;PT;Pourcentage de la population;M;Sexe masculin;Moins de 15 ans;20,389
2003;Y15T64;LTU;Lituanie;PS;Personnes;_T;Total;De 15 a 64 ans;2284871
2003;Y15T64;LTU;Lituanie;PT;Pourcentage de la population;_T;Total;De 15 a 64 ans;66,903
2003;Y_GE65;LTU;Lituanie;PS;Personnes;_T;Total;65 ans et plus;518167
2003;Y_GE65;LTU;Lituanie;PT;Pourcentage de la population;_T;Total;65 ans et plus;15,172
2003;Y15T64;LTU;Lituanie;PS;Personnes;M;Sexe masculin;De 15 a 64 ans;1100637
2003;Y15T64;LTU;Lituanie;PT;Pourcentage de la population;M;Sexe masculin;De 15 a 64 ans;69,111
2003;Y_GE65;LTU;Lituanie;PS;Personnes;M;Sexe masculin;65 ans et plus;178325
2003;Y_GE65;LTU;Lituanie;PT;Pourcentage de la population;M;Sexe masculin;65 ans et plus;11,197
2003;Y_GE65;LTU;Lituanie;PS;Personnes;F;Sexe feminin;65 ans et plus;339842
2003;Y_GE65;LTU;Lituanie;PT;Pourcentage de la population;F;Sexe feminin;65 ans et plus;18,645
2003;Y15T64;LTU;Lituanie;PS;Personnes;F;Sexe feminin;De 15 a 64 ans;1184234
2003;Y15T64;LTU;Lituanie;PT;Pourcentage de la population;F;Sexe feminin;De 15 a 64 ans;64,973
2003;Y_LT15;LTU;Lituanie;PS;Personnes;_T;Total;Moins de 15 ans;612176,9303
2003;Y_LT15;LTU;Lituanie;PT;Pourcentage de la population;_T;Total;Moins de 15 ans;17,925
2003;Y_LT15;LTU;Lituanie;PS;Personnes;F;Sexe feminin;Moins de 15 ans;298587,3421
2003;Y_LT15;LTU;Lituanie;PT;Pourcentage de la population;F;Sexe feminin;Moins de 15 ans;16,382
2003;Y_LT15;LTU;Lituanie;PS;Personnes;M;Sexe masculin;Moins de 15 ans;313590,5958
2003;Y_LT15;LTU;Lituanie;PT;Pourcentage de la population;M;Sexe masculin;Moins de 15 ans;19,691
2004;Y15T64;LTU;Lituanie;PS;Personnes;_T;Total;De 15 a 64 ans;2263168
2004;Y15T64;LTU;Lituanie;PT;Pourcentage de la population;_T;Total;De 15 a 64 ans;67,016
2004;Y_GE65;LTU;Lituanie;PS;Personnes;_T;Total;65 ans et plus;527633
2004;Y_GE65;LTU;Lituanie;PT;Pourcentage de la population;_T;Total;65 ans et plus;15,624
2004;Y15T64;LTU;Lituanie;PS;Personnes;M;Sexe masculin;De 15 a 64 ans;1091541
2004;Y15T64;LTU;Lituanie;PT;Pourcentage de la population;M;Sexe masculin;De 15 a 64 ans;69,386
2004;Y_GE65;LTU;Lituanie;PS;Personnes;M;Sexe masculin;65 ans et plus;181001
2004;Y_GE65;LTU;Lituanie;PT;Pourcentage de la population;M;Sexe masculin;65 ans et plus;11,506
2004;Y_GE65;LTU;Lituanie;PS;Personnes;F;Sexe feminin;65 ans et plus;346632
2004;Y_GE65;LTU;Lituanie;PT;Pourcentage de la population;F;Sexe feminin;65 ans et plus;19,215
2004;Y15T64;LTU;Lituanie;PS;Personnes;F;Sexe feminin;De 15 a 64 ans;1171627
2004;Y15T64;LTU;Lituanie;PT;Pourcentage de la population;F;Sexe feminin;De 15 a 64 ans;64,948
2004;Y_LT15;LTU;Lituanie;PS;Personnes;_T;Total;Moins de 15 ans;586260,22
2004;Y_LT15;LTU;Lituanie;PT;Pourcentage de la population;_T;Total;Moins de 15 ans;17,36
2004;Y_LT15;LTU;Lituanie;PS;Personnes;F;Sexe feminin;Moins de 15 ans;285670,9882
2004;Y_LT15;LTU;Lituanie;PT;Pourcentage de la population;F;Sexe feminin;Moins de 15 ans;15,836
2004;Y_LT15;LTU;Lituanie;PS;Personnes;M;Sexe masculin;Moins de 15 ans;300595,7823
2004;Y_LT15;LTU;Lituanie;PT;Pourcentage de la population;M;Sexe masculin;Moins de 15 ans;19,108
2005;Y15T64;LTU;Lituanie;PS;Personnes;_T;Total;De 15 a 64 ans;2229708
2005;Y15T64;LTU;Lituanie;PT;Pourcentage de la population;_T;Total;De 15 a 64 ans;67,109
2005;Y_GE65;LTU;Lituanie;PS;Personnes;_T;Total;65 ans et plus;533531
2005;Y_GE65;LTU;Lituanie;PT;Pourcentage de la population;_T;Total;65 ans et plus;16,058
2005;Y15T64;LTU;Lituanie;PS;Personnes;M;Sexe masculin;De 15 a 64 ans;1075501
2005;Y15T64;LTU;Lituanie;PT;Pourcentage de la population;M;Sexe masculin;De 15 a 64 ans;69,595
2005;Y_GE65;LTU;Lituanie;PS;Personnes;M;Sexe masculin;65 ans et plus;183012
2005;Y_GE65;LTU;Lituanie;PT;Pourcentage de la population;M;Sexe masculin;65 ans et plus;11,843
2005;Y_GE65;LTU;Lituanie;PS;Personnes;F;Sexe feminin;65 ans et plus;350519
2005;Y_GE65;LTU;Lituanie;PT;Pourcentage de la population;F;Sexe feminin;65 ans et plus;19,724
2005;Y15T64;LTU;Lituanie;PS;Personnes;F;Sexe feminin;De 15 a 64 ans;1154207
2005;Y15T64;LTU;Lituanie;PT;Pourcentage de la population;F;Sexe feminin;De 15 a 64 ans;64,947
2005;Y_LT15;LTU;Lituanie;PS;Personnes;_T;Total;Moins de 15 ans;559281,1382
2005;Y_LT15;LTU;Lituanie;PT;Pourcentage de la population;_T;Total;Moins de 15 ans;16,833
2005;Y_LT15;LTU;Lituanie;PS;Personnes;F;Sexe feminin;Moins de 15 ans;272439,2412
2005;Y_LT15;LTU;Lituanie;PT;Pourcentage de la population;F;Sexe feminin;Moins de 15 ans;15,33
2005;Y_LT15;LTU;Lituanie;PS;Personnes;M;Sexe masculin;Moins de 15 ans;286850,4657
2005;Y_LT15;LTU;Lituanie;PT;Pourcentage de la population;M;Sexe masculin;Moins de 15 ans;18,562
2006;Y15T64;LTU;Lituanie;PS;Personnes;_T;Total;De 15 a 64 ans;2198565
2006;Y15T64;LTU;Lituanie;PT;Pourcentage de la population;_T;Total;De 15 a 64 ans;67,236
2006;Y_GE65;LTU;Lituanie;PS;Personnes;_T;Total;65 ans et plus;538507
2006;Y_GE65;LTU;Lituanie;PT;Pourcentage de la population;_T;Total;65 ans et plus;16,469
2006;Y15T64;LTU;Lituanie;PS;Personnes;M;Sexe masculin;De 15 a 64 ans;1059704
2006;Y15T64;LTU;Lituanie;PT;Pourcentage de la population;M;Sexe masculin;De 15 a 64 ans;69,826
2006;Y_GE65;LTU;Lituanie;PS;Personnes;M;Sexe masculin;65 ans et plus;184688
2006;Y_GE65;LTU;Lituanie;PT;Pourcentage de la population;M;Sexe masculin;65 ans et plus;12,17
2006;Y_GE65;LTU;Lituanie;PS;Personnes;F;Sexe feminin;65 ans et plus;353819
2006;Y_GE65;LTU;Lituanie;PT;Pourcentage de la population;F;Sexe feminin;65 ans et plus;20,192
2006;Y15T64;LTU;Lituanie;PS;Personnes;F;Sexe feminin;De 15 a 64 ans;1138861
2006;Y15T64;LTU;Lituanie;PT;Pourcentage de la population;F;Sexe feminin;De 15 a 64 ans;64,993
2006;Y_LT15;LTU;Lituanie;PS;Personnes;_T;Total;Moins de 15 ans;532831,6716
2006;Y_LT15;LTU;Lituanie;PT;Pourcentage de la population;_T;Total;Moins de 15 ans;16,295
2006;Y_LT15;LTU;Lituanie;PS;Personnes;F;Sexe feminin;Moins de 15 ans;259600,282
2006;Y_LT15;LTU;Lituanie;PT;Pourcentage de la population;F;Sexe feminin;Moins de 15 ans;14,815
2006;Y_LT15;LTU;Lituanie;PS;Personnes;M;Sexe masculin;Moins de 15 ans;273233,9252
2006;Y_LT15;LTU;Lituanie;PT;Pourcentage de la population;M;Sexe masculin;Moins de 15 ans;18,004
2007;Y15T64;LTU;Lituanie;PS;Personnes;_T;Total;De 15 a 64 ans;2178646
2007;Y15T64;LTU;Lituanie;PT;Pourcentage de la population;_T;Total;De 15 a 64 ans;67,423
2007;Y_GE65;LTU;Lituanie;PS;Personnes;_T;Total;65 ans et plus;543504
2007;Y_GE65;LTU;Lituanie;PT;Pourcentage de la population;_T;Total;65 ans et plus;16,82
2007;Y15T64;LTU;Lituanie;PS;Personnes;M;Sexe masculin;De 15 a 64 ans;1049979
2007;Y15T64;LTU;Lituanie;PT;Pourcentage de la population;M;Sexe masculin;De 15 a 64 ans;70,134
2007;Y_GE65;LTU;Lituanie;PS;Personnes;M;Sexe masculin;65 ans et plus;186063
2007;Y_GE65;LTU;Lituanie;PT;Pourcentage de la population;M;Sexe masculin;65 ans et plus;12,428
2007;Y_GE65;LTU;Lituanie;PS;Personnes;F;Sexe feminin;65 ans et plus;357441
2007;Y_GE65;LTU;Lituanie;PT;Pourcentage de la population;F;Sexe feminin;65 ans et plus;20,611
2007;Y15T64;LTU;Lituanie;PS;Personnes;F;Sexe feminin;De 15 a 64 ans;1128667
2007;Y15T64;LTU;Lituanie;PT;Pourcentage de la population;F;Sexe feminin;De 15 a 64 ans;65,083
2007;Y_LT15;LTU;Lituanie;PS;Personnes;_T;Total;Moins de 15 ans;509154,9956
2007;Y_LT15;LTU;Lituanie;PT;Pourcentage de la population;_T;Total;Moins de 15 ans;15,757
2007;Y_LT15;LTU;Lituanie;PS;Personnes;F;Sexe feminin;Moins de 15 ans;248075,4504
2007;Y_LT15;LTU;Lituanie;PT;Pourcentage de la population;F;Sexe feminin;Moins de 15 ans;14,305
2007;Y_LT15;LTU;Lituanie;PS;Personnes;M;Sexe masculin;Moins de 15 ans;261065,5187
2007;Y_LT15;LTU;Lituanie;PT;Pourcentage de la population;M;Sexe masculin;Moins de 15 ans;17,438
2008;Y15T64;LTU;Lituanie;PS;Personnes;_T;Total;De 15 a 64 ans;2161764
2008;Y15T64;LTU;Lituanie;PT;Pourcentage de la population;_T;Total;De 15 a 64 ans;67,592
2008;Y_GE65;LTU;Lituanie;PS;Personnes;_T;Total;65 ans et plus;546843
2008;Y_GE65;LTU;Lituanie;PT;Pourcentage de la population;_T;Total;65 ans et plus;17,098
2008;Y15T64;LTU;Lituanie;PS;Personnes;M;Sexe masculin;De 15 a 64 ans;1042575
2008;Y15T64;LTU;Lituanie;PT;Pourcentage de la population;M;Sexe masculin;De 15 a 64 ans;70,426
2008;Y_GE65;LTU;Lituanie;PS;Personnes;M;Sexe masculin;65 ans et plus;186627
2008;Y_GE65;LTU;Lituanie;PT;Pourcentage de la population;M;Sexe masculin;65 ans et plus;12,607
2008;Y_GE65;LTU;Lituanie;PS;Personnes;F;Sexe feminin;65 ans et plus;360216
2008;Y_GE65;LTU;Lituanie;PT;Pourcentage de la population;F;Sexe feminin;65 ans et plus;20,969
2008;Y15T64;LTU;Lituanie;PS;Personnes;F;Sexe feminin;De 15 a 64 ans;1119189
2008;Y15T64;LTU;Lituanie;PT;Pourcentage de la population;F;Sexe feminin;De 15 a 64 ans;65,151
2008;Y_LT15;LTU;Lituanie;PS;Personnes;_T;Total;Moins de 15 ans;489617,1838
2008;Y_LT15;LTU;Lituanie;PT;Pourcentage de la population;_T;Total;Moins de 15 ans;15,309
2008;Y_LT15;LTU;Lituanie;PS;Personnes;F;Sexe feminin;Moins de 15 ans;238436,886
2008;Y_LT15;LTU;Lituanie;PT;Pourcentage de la population;F;Sexe feminin;Moins de 15 ans;13,88
2008;Y_LT15;LTU;Lituanie;PS;Personnes;M;Sexe masculin;Moins de 15 ans;251177,0926
2008;Y_LT15;LTU;Lituanie;PT;Pourcentage de la population;M;Sexe masculin;Moins de 15 ans;16,967
2009;Y15T64;LTU;Lituanie;PS;Personnes;_T;Total;De 15 a 64 ans;2140737
2009;Y15T64;LTU;Lituanie;PT;Pourcentage de la population;_T;Total;De 15 a 64 ans;67,682
2009;Y_GE65;LTU;Lituanie;PS;Personnes;_T;Total;65 ans et plus;546322
2009;Y_GE65;LTU;Lituanie;PT;Pourcentage de la population;_T;Total;65 ans et plus;17,273
2009;Y15T64;LTU;Lituanie;PS;Personnes;M;Sexe masculin;De 15 a 64 ans;1031881
2009;Y15T64;LTU;Lituanie;PT;Pourcentage de la population;M;Sexe masculin;De 15 a 64 ans;70,591
2009;Y_GE65;LTU;Lituanie;PS;Personnes;M;Sexe masculin;65 ans et plus;185778
2009;Y_GE65;LTU;Lituanie;PT;Pourcentage de la population;M;Sexe masculin;65 ans et plus;12,709
2009;Y_GE65;LTU;Lituanie;PS;Personnes;F;Sexe feminin;65 ans et plus;360544
2009;Y_GE65;LTU;Lituanie;PT;Pourcentage de la population;F;Sexe feminin;65 ans et plus;21,194
2009;Y15T64;LTU;Lituanie;PS;Personnes;F;Sexe feminin;De 15 a 64 ans;1108856
2009;Y15T64;LTU;Lituanie;PT;Pourcentage de la population;F;Sexe feminin;De 15 a 64 ans;65,183
2009;Y_LT15;LTU;Lituanie;PS;Personnes;_T;Total;Moins de 15 ans;475860,7122
2009;Y_LT15;LTU;Lituanie;PT;Pourcentage de la population;_T;Total;Moins de 15 ans;15,045
2009;Y_LT15;LTU;Lituanie;PS;Personnes;F;Sexe feminin;Moins de 15 ans;231746,3022
2009;Y_LT15;LTU;Lituanie;PT;Pourcentage de la population;F;Sexe feminin;Moins de 15 ans;13,623
2009;Y_LT15;LTU;Lituanie;PS;Personnes;M;Sexe masculin;Moins de 15 ans;244116,592
2009;Y_LT15;LTU;Lituanie;PT;Pourcentage de la population;M;Sexe masculin;Moins de 15 ans;16,7
2010;Y15T64;LTU;Lituanie;PS;Personnes;_T;Total;De 15 a 64 ans;2089953
2010;Y15T64;LTU;Lituanie;PT;Pourcentage de la population;_T;Total;De 15 a 64 ans;67,477
2010;Y_GE65;LTU;Lituanie;PS;Personnes;_T;Total;65 ans et plus;545101
2010;Y_GE65;LTU;Lituanie;PT;Pourcentage de la population;_T;Total;65 ans et plus;17,599
2010;Y15T64;LTU;Lituanie;PS;Personnes;M;Sexe masculin;De 15 a 64 ans;1006891
2010;Y15T64;LTU;Lituanie;PT;Pourcentage de la population;M;Sexe masculin;De 15 a 64 ans;70,475
2010;Y_GE65;LTU;Lituanie;PS;Personnes;M;Sexe masculin;65 ans et plus;184729
2010;Y_GE65;LTU;Lituanie;PT;Pourcentage de la population;M;Sexe masculin;65 ans et plus;12,93
2010;Y_GE65;LTU;Lituanie;PS;Personnes;F;Sexe feminin;65 ans et plus;360372
2010;Y_GE65;LTU;Lituanie;PT;Pourcentage de la population;F;Sexe feminin;65 ans et plus;21,598
2010;Y15T64;LTU;Lituanie;PS;Personnes;F;Sexe feminin;De 15 a 64 ans;1083062
2010;Y15T64;LTU;Lituanie;PT;Pourcentage de la population;F;Sexe feminin;De 15 a 64 ans;64,91
2010;Y_LT15;LTU;Lituanie;PS;Personnes;_T;Total;Moins de 15 ans;462238,3657
2010;Y_LT15;LTU;Lituanie;PT;Pourcentage de la population;_T;Total;Moins de 15 ans;14,924
2010;Y_LT15;LTU;Lituanie;PS;Personnes;F;Sexe feminin;Moins de 15 ans;225140,285
2010;Y_LT15;LTU;Lituanie;PT;Pourcentage de la population;F;Sexe feminin;Moins de 15 ans;13,493
2010;Y_LT15;LTU;Lituanie;PS;Personnes;M;Sexe masculin;Moins de 15 ans;237094,5905
2010;Y_LT15;LTU;Lituanie;PT;Pourcentage de la population;M;Sexe masculin;Moins de 15 ans;16,595
2011;Y15T64;LTU;Lituanie;PS;Personnes;_T;Total;De 15 a 64 ans;2034555
2011;Y15T64;LTU;Lituanie;PT;Pourcentage de la population;_T;Total;De 15 a 64 ans;67,189
2011;Y_GE65;LTU;Lituanie;PS;Personnes;_T;Total;65 ans et plus;544320
2011;Y_GE65;LTU;Lituanie;PT;Pourcentage de la population;_T;Total;65 ans et plus;17,976
2011;Y15T64;LTU;Lituanie;PS;Personnes;M;Sexe masculin;De 15 a 64 ans;980882
2011;Y15T64;LTU;Lituanie;PT;Pourcentage de la population;M;Sexe masculin;De 15 a 64 ans;70,296
2011;Y_GE65;LTU;Lituanie;PS;Personnes;M;Sexe masculin;65 ans et plus;183934
2011;Y_GE65;LTU;Lituanie;PT;Pourcentage de la population;M;Sexe masculin;65 ans et plus;13,182
2011;Y_GE65;LTU;Lituanie;PS;Personnes;F;Sexe feminin;65 ans et plus;360386
2011;Y_GE65;LTU;Lituanie;PT;Pourcentage de la population;F;Sexe feminin;65 ans et plus;22,072
2011;Y15T64;LTU;Lituanie;PS;Personnes;F;Sexe feminin;De 15 a 64 ans;1053673
2011;Y15T64;LTU;Lituanie;PT;Pourcentage de la population;F;Sexe feminin;De 15 a 64 ans;64,534
2011;Y_LT15;LTU;Lituanie;PS;Personnes;_T;Total;Moins de 15 ans;449251,1414
2011;Y_LT15;LTU;Lituanie;PT;Pourcentage de la population;_T;Total;Moins de 15 ans;14,836
2011;Y_LT15;LTU;Lituanie;PS;Personnes;F;Sexe feminin;Moins de 15 ans;218690,2671
2011;Y_LT15;LTU;Lituanie;PT;Pourcentage de la population;F;Sexe feminin;Moins de 15 ans;13,394
2011;Y_LT15;LTU;Lituanie;PS;Personnes;M;Sexe masculin;Moins de 15 ans;230556,4894
2011;Y_LT15;LTU;Lituanie;PT;Pourcentage de la population;M;Sexe masculin;Moins de 15 ans;16,523
2012;Y15T64;LTU;Lituanie;PS;Personnes;_T;Total;De 15 a 64 ans;2004689
2012;Y15T64;LTU;Lituanie;PT;Pourcentage de la population;_T;Total;De 15 a 64 ans;67,096
2012;Y_GE65;LTU;Lituanie;PS;Personnes;_T;Total;65 ans et plus;542765
2012;Y_GE65;LTU;Lituanie;PT;Pourcentage de la population;_T;Total;65 ans et plus;18,166
2012;Y15T64;LTU;Lituanie;PS;Personnes;M;Sexe masculin;De 15 a 64 ans;967278
2012;Y15T64;LTU;Lituanie;PT;Pourcentage de la population;M;Sexe masculin;De 15 a 64 ans;70,286
2012;Y_GE65;LTU;Lituanie;PS;Personnes;M;Sexe masculin;65 ans et plus;182878
2012;Y_GE65;LTU;Lituanie;PT;Pourcentage de la population;M;Sexe masculin;65 ans et plus;13,289
2012;Y_GE65;LTU;Lituanie;PS;Personnes;F;Sexe feminin;65 ans et plus;359887
2012;Y_GE65;LTU;Lituanie;PT;Pourcentage de la population;F;Sexe feminin;65 ans et plus;22,331
2012;Y15T64;LTU;Lituanie;PS;Personnes;F;Sexe feminin;De 15 a 64 ans;1037411
2012;Y15T64;LTU;Lituanie;PT;Pourcentage de la population;F;Sexe feminin;De 15 a 64 ans;64,373
2012;Y_LT15;LTU;Lituanie;PS;Personnes;_T;Total;Moins de 15 ans;440308,107
2012;Y_LT15;LTU;Lituanie;PT;Pourcentage de la population;_T;Total;Moins de 15 ans;14,737
2012;Y_LT15;LTU;Lituanie;PS;Personnes;F;Sexe feminin;Moins de 15 ans;214274,6131
2012;Y_LT15;LTU;Lituanie;PT;Pourcentage de la population;F;Sexe feminin;Moins de 15 ans;13,296
2012;Y_LT15;LTU;Lituanie;PS;Personnes;M;Sexe masculin;Moins de 15 ans;226041,0143
2012;Y_LT15;LTU;Lituanie;PT;Pourcentage de la population;M;Sexe masculin;Moins de 15 ans;16,425
2013;Y15T64;LTU;Lituanie;PS;Personnes;_T;Total;De 15 a 64 ans;1981888
2013;Y15T64;LTU;Lituanie;PT;Pourcentage de la population;_T;Total;De 15 a 64 ans;67,008
2013;Y_GE65;LTU;Lituanie;PS;Personnes;_T;Total;65 ans et plus;542468
2013;Y_GE65;LTU;Lituanie;PT;Pourcentage de la population;_T;Total;65 ans et plus;18,341
2013;Y15T64;LTU;Lituanie;PS;Personnes;M;Sexe masculin;De 15 a 64 ans;957749
2013;Y15T64;LTU;Lituanie;PT;Pourcentage de la population;M;Sexe masculin;De 15 a 64 ans;70,296
2013;Y_GE65;LTU;Lituanie;PS;Personnes;M;Sexe masculin;65 ans et plus;182444
2013;Y_GE65;LTU;Lituanie;PT;Pourcentage de la population;M;Sexe masculin;65 ans et plus;13,391
2013;Y_GE65;LTU;Lituanie;PS;Personnes;F;Sexe feminin;65 ans et plus;360024
2013;Y_GE65;LTU;Lituanie;PT;Pourcentage de la population;F;Sexe feminin;65 ans et plus;22,569
2013;Y15T64;LTU;Lituanie;PS;Personnes;F;Sexe feminin;De 15 a 64 ans;1024139
2013;Y15T64;LTU;Lituanie;PT;Pourcentage de la population;F;Sexe feminin;De 15 a 64 ans;64,199
2013;Y_LT15;LTU;Lituanie;PS;Personnes;_T;Total;Moins de 15 ans;433331,0154
2013;Y_LT15;LTU;Lituanie;PT;Pourcentage de la population;_T;Total;Moins de 15 ans;14,651
2013;Y_LT15;LTU;Lituanie;PS;Personnes;F;Sexe feminin;Moins de 15 ans;211082,9507
2013;Y_LT15;LTU;Lituanie;PT;Pourcentage de la population;F;Sexe feminin;Moins de 15 ans;13,232
2013;Y_LT15;LTU;Lituanie;PS;Personnes;M;Sexe masculin;Moins de 15 ans;222255,3266
2013;Y_LT15;LTU;Lituanie;PT;Pourcentage de la population;M;Sexe masculin;Moins de 15 ans;16,313
2014;Y15T64;LTU;Lituanie;PS;Personnes;_T;Total;De 15 a 64 ans;1959665
2014;Y15T64;LTU;Lituanie;PT;Pourcentage de la population;_T;Total;De 15 a 64 ans;66,829
2014;Y_GE65;LTU;Lituanie;PS;Personnes;_T;Total;65 ans et plus;544927
2014;Y_GE65;LTU;Lituanie;PT;Pourcentage de la population;_T;Total;65 ans et plus;18,583
2014;Y15T64;LTU;Lituanie;PS;Personnes;M;Sexe masculin;De 15 a 64 ans;948767
2014;Y15T64;LTU;Lituanie;PT;Pourcentage de la population;M;Sexe masculin;De 15 a 64 ans;70,22
2014;Y_GE65;LTU;Lituanie;PS;Personnes;M;Sexe masculin;65 ans et plus;183176
2014;Y_GE65;LTU;Lituanie;PT;Pourcentage de la population;M;Sexe masculin;65 ans et plus;13,557
2014;Y_GE65;LTU;Lituanie;PS;Personnes;F;Sexe feminin;65 ans et plus;361751
2014;Y_GE65;LTU;Lituanie;PT;Pourcentage de la population;F;Sexe feminin;65 ans et plus;22,878
2014;Y15T64;LTU;Lituanie;PS;Personnes;F;Sexe feminin;De 15 a 64 ans;1010898
2014;Y15T64;LTU;Lituanie;PT;Pourcentage de la population;F;Sexe feminin;De 15 a 64 ans;63,931
2014;Y_LT15;LTU;Lituanie;PS;Personnes;_T;Total;Moins de 15 ans;427773,698
2014;Y_LT15;LTU;Lituanie;PT;Pourcentage de la population;_T;Total;Moins de 15 ans;14,588
2014;Y_LT15;LTU;Lituanie;PS;Personnes;F;Sexe feminin;Moins de 15 ans;208597,3127
2014;Y_LT15;LTU;Lituanie;PT;Pourcentage de la population;F;Sexe feminin;Moins de 15 ans;13,192
2014;Y_LT15;LTU;Lituanie;PS;Personnes;M;Sexe masculin;Moins de 15 ans;219179,6597
2014;Y_LT15;LTU;Lituanie;PT;Pourcentage de la population;M;Sexe masculin;Moins de 15 ans;16,222
2015;Y15T64;LTU;Lituanie;PS;Personnes;_T;Total;De 15 a 64 ans;1932485
2015;Y15T64;LTU;Lituanie;PT;Pourcentage de la population;_T;Total;De 15 a 64 ans;66,525
2015;Y_GE65;LTU;Lituanie;PS;Personnes;_T;Total;65 ans et plus;547820
2015;Y_GE65;LTU;Lituanie;PT;Pourcentage de la population;_T;Total;65 ans et plus;18,858
2015;Y15T64;LTU;Lituanie;PS;Personnes;M;Sexe masculin;De 15 a 64 ans;936175
2015;Y15T64;LTU;Lituanie;PT;Pourcentage de la population;M;Sexe masculin;De 15 a 64 ans;69,972
2015;Y_GE65;LTU;Lituanie;PS;Personnes;M;Sexe masculin;65 ans et plus;184231
2015;Y_GE65;LTU;Lituanie;PT;Pourcentage de la population;M;Sexe masculin;65 ans et plus;13,77
2015;Y_GE65;LTU;Lituanie;PS;Personnes;F;Sexe feminin;65 ans et plus;363589
2015;Y_GE65;LTU;Lituanie;PT;Pourcentage de la population;F;Sexe feminin;65 ans et plus;23,203
2015;Y15T64;LTU;Lituanie;PS;Personnes;F;Sexe feminin;De 15 a 64 ans;996310
2015;Y15T64;LTU;Lituanie;PT;Pourcentage de la population;F;Sexe feminin;De 15 a 64 ans;63,582
2015;Y_LT15;LTU;Lituanie;PS;Personnes;_T;Total;Moins de 15 ans;424610,6947
2015;Y_LT15;LTU;Lituanie;PT;Pourcentage de la population;_T;Total;Moins de 15 ans;14,617
2015;Y_LT15;LTU;Lituanie;PS;Personnes;F;Sexe feminin;Moins de 15 ans;207076,1427
2015;Y_LT15;LTU;Lituanie;PT;Pourcentage de la population;F;Sexe feminin;Moins de 15 ans;13,215
2015;Y_LT15;LTU;Lituanie;PS;Personnes;M;Sexe masculin;Moins de 15 ans;217520,9846
2015;Y_LT15;LTU;Lituanie;PT;Pourcentage de la population;M;Sexe masculin;Moins de 15 ans;16,258
2016;Y15T64;LTU;Lituanie;PS;Personnes;_T;Total;De 15 a 64 ans;1895933
2016;Y15T64;LTU;Lituanie;PT;Pourcentage de la population;_T;Total;De 15 a 64 ans;66,101
2016;Y_GE65;LTU;Lituanie;PS;Personnes;_T;Total;65 ans et plus;549363
2016;Y_GE65;LTU;Lituanie;PT;Pourcentage de la population;_T;Total;65 ans et plus;19,153
2016;Y15T64;LTU;Lituanie;PS;Personnes;M;Sexe masculin;De 15 a 64 ans;919296
2016;Y15T64;LTU;Lituanie;PT;Pourcentage de la population;M;Sexe masculin;De 15 a 64 ans;69,596
2016;Y_GE65;LTU;Lituanie;PS;Personnes;M;Sexe masculin;65 ans et plus;184816
2016;Y_GE65;LTU;Lituanie;PT;Pourcentage de la population;M;Sexe masculin;65 ans et plus;13,992
2016;Y_GE65;LTU;Lituanie;PS;Personnes;F;Sexe feminin;65 ans et plus;364547
2016;Y_GE65;LTU;Lituanie;PT;Pourcentage de la population;F;Sexe feminin;65 ans et plus;23,56
2016;Y15T64;LTU;Lituanie;PS;Personnes;F;Sexe feminin;De 15 a 64 ans;976637
2016;Y15T64;LTU;Lituanie;PT;Pourcentage de la population;F;Sexe feminin;De 15 a 64 ans;63,117
2016;Y_LT15;LTU;Lituanie;PS;Personnes;_T;Total;Moins de 15 ans;422920,661
2016;Y_LT15;LTU;Lituanie;PT;Pourcentage de la population;_T;Total;Moins de 15 ans;14,745
2016;Y_LT15;LTU;Lituanie;PS;Personnes;F;Sexe feminin;Moins de 15 ans;206151,3088
2016;Y_LT15;LTU;Lituanie;PT;Pourcentage de la population;F;Sexe feminin;Moins de 15 ans;13,323
2016;Y_LT15;LTU;Lituanie;PS;Personnes;M;Sexe masculin;Moins de 15 ans;216785,6156
2016;Y_LT15;LTU;Lituanie;PT;Pourcentage de la population;M;Sexe masculin;Moins de 15 ans;16,412
2017;Y15T64;LTU;Lituanie;PS;Personnes;_T;Total;De 15 a 64 ans;1855626
2017;Y15T64;LTU;Lituanie;PT;Pourcentage de la population;_T;Total;De 15 a 64 ans;65,607
2017;Y_GE65;LTU;Lituanie;PS;Personnes;_T;Total;65 ans et plus;550998
2017;Y_GE65;LTU;Lituanie;PT;Pourcentage de la population;_T;Total;65 ans et plus;19,481
2017;Y15T64;LTU;Lituanie;PS;Personnes;M;Sexe masculin;De 15 a 64 ans;902987
2017;Y15T64;LTU;Lituanie;PT;Pourcentage de la population;M;Sexe masculin;De 15 a 64 ans;69,208
2017;Y_GE65;LTU;Lituanie;PS;Personnes;M;Sexe masculin;65 ans et plus;185478
2017;Y_GE65;LTU;Lituanie;PT;Pourcentage de la population;M;Sexe masculin;65 ans et plus;14,216
2017;Y_GE65;LTU;Lituanie;PS;Personnes;F;Sexe feminin;65 ans et plus;365520
2017;Y_GE65;LTU;Lituanie;PT;Pourcentage de la population;F;Sexe feminin;65 ans et plus;23,99
2017;Y15T64;LTU;Lituanie;PS;Personnes;F;Sexe feminin;De 15 a 64 ans;952639
2017;Y15T64;LTU;Lituanie;PT;Pourcentage de la population;F;Sexe feminin;De 15 a 64 ans;62,523
2017;Y_LT15;LTU;Lituanie;PS;Personnes;_T;Total;Moins de 15 ans;421771,4554
2017;Y_LT15;LTU;Lituanie;PT;Pourcentage de la population;_T;Total;Moins de 15 ans;14,912
2017;Y_LT15;LTU;Lituanie;PS;Personnes;F;Sexe feminin;Moins de 15 ans;205496,4288
2017;Y_LT15;LTU;Lituanie;PT;Pourcentage de la population;F;Sexe feminin;Moins de 15 ans;13,487
2017;Y_LT15;LTU;Lituanie;PS;Personnes;M;Sexe masculin;Moins de 15 ans;216273,7024
2017;Y_LT15;LTU;Lituanie;PT;Pourcentage de la population;M;Sexe masculin;Moins de 15 ans;16,576
2018;Y15T64;LTU;Lituanie;PS;Personnes;_T;Total;De 15 a 64 ans;1827811
2018;Y15T64;LTU;Lituanie;PT;Pourcentage de la population;_T;Total;De 15 a 64 ans;65,243
2018;Y_GE65;LTU;Lituanie;PS;Personnes;_T;Total;65 ans et plus;552085
2018;Y_GE65;LTU;Lituanie;PT;Pourcentage de la population;_T;Total;65 ans et plus;19,706
2018;Y15T64;LTU;Lituanie;PS;Personnes;M;Sexe masculin;De 15 a 64 ans;894255
2018;Y15T64;LTU;Lituanie;PT;Pourcentage de la population;M;Sexe masculin;De 15 a 64 ans;68,978
2018;Y_GE65;LTU;Lituanie;PS;Personnes;M;Sexe masculin;65 ans et plus;186087
2018;Y_GE65;LTU;Lituanie;PT;Pourcentage de la population;M;Sexe masculin;65 ans et plus;14,354
2018;Y_GE65;LTU;Lituanie;PS;Personnes;F;Sexe feminin;65 ans et plus;365998
2018;Y_GE65;LTU;Lituanie;PT;Pourcentage de la population;F;Sexe feminin;65 ans et plus;24,317
2018;Y15T64;LTU;Lituanie;PS;Personnes;F;Sexe feminin;De 15 a 64 ans;933556
2018;Y15T64;LTU;Lituanie;PT;Pourcentage de la population;F;Sexe feminin;De 15 a 64 ans;62,026
2018;Y_LT15;LTU;Lituanie;PS;Personnes;_T;Total;Moins de 15 ans;421660,2369
2018;Y_LT15;LTU;Lituanie;PT;Pourcentage de la population;_T;Total;Moins de 15 ans;15,051
2018;Y_LT15;LTU;Lituanie;PS;Personnes;F;Sexe feminin;Moins de 15 ans;205551,6436
2018;Y_LT15;LTU;Lituanie;PT;Pourcentage de la population;F;Sexe feminin;Moins de 15 ans;13,657
2018;Y_LT15;LTU;Lituanie;PS;Personnes;M;Sexe masculin;Moins de 15 ans;216103,917
2018;Y_LT15;LTU;Lituanie;PT;Pourcentage de la population;M;Sexe masculin;Moins de 15 ans;16,669
2019;Y15T64;LTU;Lituanie;PS;Personnes;_T;Total;De 15 a 64 ans;1817663
2019;Y15T64;LTU;Lituanie;PT;Pourcentage de la population;_T;Total;De 15 a 64 ans;65,053
2019;Y_GE65;LTU;Lituanie;PS;Personnes;_T;Total;65 ans et plus;554174
2019;Y_GE65;LTU;Lituanie;PT;Pourcentage de la population;_T;Total;65 ans et plus;19,833
2019;Y15T64;LTU;Lituanie;PS;Personnes;M;Sexe masculin;De 15 a 64 ans;896364
2019;Y15T64;LTU;Lituanie;PT;Pourcentage de la population;M;Sexe masculin;De 15 a 64 ans;68,953
2019;Y_GE65;LTU;Lituanie;PS;Personnes;M;Sexe masculin;65 ans et plus;187195
2019;Y_GE65;LTU;Lituanie;PT;Pourcentage de la population;M;Sexe masculin;65 ans et plus;14,4
2019;Y_GE65;LTU;Lituanie;PS;Personnes;F;Sexe feminin;65 ans et plus;366979
2019;Y_GE65;LTU;Lituanie;PT;Pourcentage de la population;F;Sexe feminin;65 ans et plus;24,561
2019;Y15T64;LTU;Lituanie;PS;Personnes;F;Sexe feminin;De 15 a 64 ans;921299
2019;Y15T64;LTU;Lituanie;PT;Pourcentage de la population;F;Sexe feminin;De 15 a 64 ans;61,66
2019;Y_LT15;LTU;Lituanie;PS;Personnes;_T;Total;Moins de 15 ans;422305,8662
2019;Y_LT15;LTU;Lituanie;PT;Pourcentage de la population;_T;Total;Moins de 15 ans;15,114
2019;Y_LT15;LTU;Lituanie;PS;Personnes;F;Sexe feminin;Moins de 15 ans;205880,8576
2019;Y_LT15;LTU;Lituanie;PT;Pourcentage de la population;F;Sexe feminin;Moins de 15 ans;13,779
2019;Y_LT15;LTU;Lituanie;PS;Personnes;M;Sexe masculin;Moins de 15 ans;216419,505
2019;Y_LT15;LTU;Lituanie;PT;Pourcentage de la population;M;Sexe masculin;Moins de 15 ans;16,648
2020;Y15T64;LTU;Lituanie;PS;Personnes;_T;Total;De 15 a 64 ans;1815817
2020;Y15T64;LTU;Lituanie;PT;Pourcentage de la population;_T;Total;De 15 a 64 ans;64,969
2020;Y_GE65;LTU;Lituanie;PS;Personnes;_T;Total;65 ans et plus;556511
2020;Y_GE65;LTU;Lituanie;PT;Pourcentage de la population;_T;Total;65 ans et plus;19,912
2020;Y15T64;LTU;Lituanie;PS;Personnes;M;Sexe masculin;De 15 a 64 ans;903976
2020;Y15T64;LTU;Lituanie;PT;Pourcentage de la population;M;Sexe masculin;De 15 a 64 ans;69,06
2020;Y_GE65;LTU;Lituanie;PS;Personnes;M;Sexe masculin;65 ans et plus;188304
2020;Y_GE65;LTU;Lituanie;PT;Pourcentage de la population;M;Sexe masculin;65 ans et plus;14,386
2020;Y_GE65;LTU;Lituanie;PS;Personnes;F;Sexe feminin;65 ans et plus;368207
2020;Y_GE65;LTU;Lituanie;PT;Pourcentage de la population;F;Sexe feminin;65 ans et plus;24,78
2020;Y15T64;LTU;Lituanie;PS;Personnes;F;Sexe feminin;De 15 a 64 ans;911841
2020;Y15T64;LTU;Lituanie;PT;Pourcentage de la population;F;Sexe feminin;De 15 a 64 ans;61,366
2020;Y_LT15;LTU;Lituanie;PS;Personnes;_T;Total;Moins de 15 ans;422558,6632
2020;Y_LT15;LTU;Lituanie;PT;Pourcentage de la population;_T;Total;Moins de 15 ans;15,119
2020;Y_LT15;LTU;Lituanie;PS;Personnes;F;Sexe feminin;Moins de 15 ans;205857,8329
2020;Y_LT15;LTU;Lituanie;PT;Pourcentage de la population;F;Sexe feminin;Moins de 15 ans;13,854
2020;Y_LT15;LTU;Lituanie;PS;Personnes;M;Sexe masculin;Moins de 15 ans;216700,9768
2020;Y_LT15;LTU;Lituanie;PT;Pourcentage de la population;M;Sexe masculin;Moins de 15 ans;16,555
2021;Y15T64;LTU;Lituanie;PS;Personnes;_T;Total;De 15 a 64 ans;1830867
2021;Y15T64;LTU;Lituanie;PT;Pourcentage de la population;_T;Total;De 15 a 64 ans;65,193
2021;Y_GE65;LTU;Lituanie;PS;Personnes;_T;Total;65 ans et plus;560283
2021;Y_GE65;LTU;Lituanie;PT;Pourcentage de la population;_T;Total;65 ans et plus;19,95
2021;Y15T64;LTU;Lituanie;PS;Personnes;M;Sexe masculin;De 15 a 64 ans;896400
2021;Y15T64;LTU;Lituanie;PT;Pourcentage de la population;M;Sexe masculin;De 15 a 64 ans;68,649
2021;Y_GE65;LTU;Lituanie;PS;Personnes;M;Sexe masculin;65 ans et plus;195269
2021;Y_GE65;LTU;Lituanie;PT;Pourcentage de la population;M;Sexe masculin;65 ans et plus;14,954
2021;Y_GE65;LTU;Lituanie;PS;Personnes;F;Sexe feminin;65 ans et plus;365014
2021;Y_GE65;LTU;Lituanie;PT;Pourcentage de la population;F;Sexe feminin;65 ans et plus;24,292
2021;Y15T64;LTU;Lituanie;PS;Personnes;F;Sexe feminin;De 15 a 64 ans;934467
2021;Y15T64;LTU;Lituanie;PT;Pourcentage de la population;F;Sexe feminin;De 15 a 64 ans;62,19
2021;Y_LT15;LTU;Lituanie;PS;Personnes;_T;Total;Moins de 15 ans;417241,0166
2021;Y_LT15;LTU;Lituanie;PT;Pourcentage de la population;_T;Total;Moins de 15 ans;14,857
2021;Y_LT15;LTU;Lituanie;PS;Personnes;F;Sexe feminin;Moins de 15 ans;203121,1976
2021;Y_LT15;LTU;Lituanie;PT;Pourcentage de la population;F;Sexe feminin;Moins de 15 ans;13,518
2021;Y_LT15;LTU;Lituanie;PS;Personnes;M;Sexe masculin;Moins de 15 ans;214109,0745
2021;Y_LT15;LTU;Lituanie;PT;Pourcentage de la population;M;Sexe masculin;Moins de 15 ans;16,397
2022;Y_GE65;LTU;Lituanie;PS;Personnes;F;Sexe feminin;65 ans et plus;367893
2022;Y_GE65;LTU;Lituanie;PT;Pourcentage de la population;F;Sexe feminin;65 ans et plus;24,357
2022;Y15T64;LTU;Lituanie;PS;Personnes;F;Sexe feminin;De 15 a 64 ans;936879
2022;Y15T64;LTU;Lituanie;PT;Pourcentage de la population;F;Sexe feminin;De 15 a 64 ans;62,027
2022;Y_GE65;LTU;Lituanie;PS;Personnes;M;Sexe masculin;65 ans et plus;198254
2022;Y_GE65;LTU;Lituanie;PT;Pourcentage de la population;M;Sexe masculin;65 ans et plus;15,006
2022;Y15T64;LTU;Lituanie;PS;Personnes;M;Sexe masculin;De 15 a 64 ans;906356
2022;Y15T64;LTU;Lituanie;PT;Pourcentage de la population;M;Sexe masculin;De 15 a 64 ans;68,601
2022;Y15T64;LTU;Lituanie;PS;Personnes;_T;Total;De 15 a 64 ans;1843235
2022;Y15T64;LTU;Lituanie;PT;Pourcentage de la population;_T;Total;De 15 a 64 ans;65,094
2022;Y_GE65;LTU;Lituanie;PS;Personnes;_T;Total;65 ans et plus;566147
2022;Y_GE65;LTU;Lituanie;PT;Pourcentage de la population;_T;Total;65 ans et plus;19,994
2022;Y_LT15;LTU;Lituanie;PS;Personnes;_T;Total;Moins de 15 ans;422253,8586
2022;Y_LT15;LTU;Lituanie;PT;Pourcentage de la population;_T;Total;Moins de 15 ans;14,912
2022;Y_LT15;LTU;Lituanie;PS;Personnes;F;Sexe feminin;Moins de 15 ans;205660,285
2022;Y_LT15;LTU;Lituanie;PT;Pourcentage de la population;F;Sexe feminin;Moins de 15 ans;13,616
2022;Y_LT15;LTU;Lituanie;PS;Personnes;M;Sexe masculin;Moins de 15 ans;216598,6756
2022;Y_LT15;LTU;Lituanie;PT;Pourcentage de la population;M;Sexe masculin;Moins de 15 ans;16,394
2023;Y_GE65;LTU;Lituanie;PS;Personnes;F;Sexe feminin;65 ans et plus;375036
2023;Y_GE65;LTU;Lituanie;PT;Pourcentage de la population;F;Sexe feminin;65 ans et plus;24,662
2023;Y15T64;LTU;Lituanie;PS;Personnes;F;Sexe feminin;De 15 a 64 ans;939536
2023;Y15T64;LTU;Lituanie;PT;Pourcentage de la population;F;Sexe feminin;De 15 a 64 ans;61,782
2023;Y_GE65;LTU;Lituanie;PS;Personnes;M;Sexe masculin;65 ans et plus;204286
2023;Y_GE65;LTU;Lituanie;PT;Pourcentage de la population;M;Sexe masculin;65 ans et plus;15,123
2023;Y15T64;LTU;Lituanie;PS;Personnes;M;Sexe masculin;De 15 a 64 ans;929713
2023;Y15T64;LTU;Lituanie;PT;Pourcentage de la population;M;Sexe masculin;De 15 a 64 ans;68,824
2023;Y15T64;LTU;Lituanie;PS;Personnes;_T;Total;De 15 a 64 ans;1869252
2023;Y15T64;LTU;Lituanie;PT;Pourcentage de la population;_T;Total;De 15 a 64 ans;65,095
2023;Y_GE65;LTU;Lituanie;PS;Personnes;_T;Total;65 ans et plus;579324
2023;Y_GE65;LTU;Lituanie;PT;Pourcentage de la population;_T;Total;65 ans et plus;20,174
2023;Y_LT15;LTU;Lituanie;PS;Personnes;_T;Total;Moins de 15 ans;423013,1864
2023;Y_LT15;LTU;Lituanie;PT;Pourcentage de la population;_T;Total;Moins de 15 ans;14,731
2023;Y_LT15;LTU;Lituanie;PS;Personnes;F;Sexe feminin;Moins de 15 ans;206149,3454
2023;Y_LT15;LTU;Lituanie;PT;Pourcentage de la population;F;Sexe feminin;Moins de 15 ans;13,556
2023;Y_LT15;LTU;Lituanie;PS;Personnes;M;Sexe masculin;Moins de 15 ans;216853,5558
2023;Y_LT15;LTU;Lituanie;PT;Pourcentage de la population;M;Sexe masculin;Moins de 15 ans;16,053
2024;Y_GE65;LTU;Lituanie;PS;Personnes;F;Sexe feminin;65 ans et plus;383775
2024;Y_GE65;LTU;Lituanie;PT;Pourcentage de la population;F;Sexe feminin;65 ans et plus;25,278
2024;Y15T64;LTU;Lituanie;PS;Personnes;F;Sexe feminin;De 15 a 64 ans;933080
2024;Y15T64;LTU;Lituanie;PT;Pourcentage de la population;F;Sexe feminin;De 15 a 64 ans;61,458
2024;Y_GE65;LTU;Lituanie;PS;Personnes;M;Sexe masculin;65 ans et plus;211496
2024;Y_GE65;LTU;Lituanie;PT;Pourcentage de la population;M;Sexe masculin;65 ans et plus;15,44
2024;Y15T64;LTU;Lituanie;PS;Personnes;M;Sexe masculin;De 15 a 64 ans;946382
2024;Y15T64;LTU;Lituanie;PT;Pourcentage de la population;M;Sexe masculin;De 15 a 64 ans;69,088
2024;Y15T64;LTU;Lituanie;PS;Personnes;_T;Total;De 15 a 64 ans;1879464
2024;Y15T64;LTU;Lituanie;PT;Pourcentage de la population;_T;Total;De 15 a 64 ans;65,077
2024;Y_GE65;LTU;Lituanie;PS;Personnes;_T;Total;65 ans et plus;595271
2024;Y_GE65;LTU;Lituanie;PT;Pourcentage de la population;_T;Total;65 ans et plus;20,611
2024;Y_LT15;LTU;Lituanie;PS;Personnes;_T;Total;Moins de 15 ans;413309,5511
2024;Y_LT15;LTU;Lituanie;PT;Pourcentage de la population;_T;Total;Moins de 15 ans;14,311
2024;Y_LT15;LTU;Lituanie;PS;Personnes;F;Sexe feminin;Moins de 15 ans;201378,6904
2024;Y_LT15;LTU;Lituanie;PT;Pourcentage de la population;F;Sexe feminin;Moins de 15 ans;13,264
2024;Y_LT15;LTU;Lituanie;PS;Personnes;M;Sexe masculin;Moins de 15 ans;211938,5504
2024;Y_LT15;LTU;Lituanie;PT;Pourcentage de la population;M;Sexe masculin;Moins de 15 ans;15,472
2002;Y15T64;LUX;Luxembourg;PS;Personnes;_T;Total;De 15 a 64 ans;299561
2002;Y15T64;LUX;Luxembourg;PT;Pourcentage de la population;_T;Total;De 15 a 64 ans;67,141
2002;Y_GE65;LUX;Luxembourg;PS;Personnes;_T;Total;65 ans et plus;62401
2002;Y_GE65;LUX;Luxembourg;PT;Pourcentage de la population;_T;Total;65 ans et plus;13,986
2002;Y15T64;LUX;Luxembourg;PS;Personnes;M;Sexe masculin;De 15 a 64 ans;151472
2002;Y15T64;LUX;Luxembourg;PT;Pourcentage de la population;M;Sexe masculin;De 15 a 64 ans;68,878
2002;Y_GE65;LUX;Luxembourg;PS;Personnes;M;Sexe masculin;65 ans et plus;25303
2002;Y_GE65;LUX;Luxembourg;PT;Pourcentage de la population;M;Sexe masculin;65 ans et plus;11,506
2002;Y_GE65;LUX;Luxembourg;PS;Personnes;F;Sexe feminin;65 ans et plus;37098
2002;Y_GE65;LUX;Luxembourg;PT;Pourcentage de la population;F;Sexe feminin;65 ans et plus;16,397
2002;Y15T64;LUX;Luxembourg;PS;Personnes;F;Sexe feminin;De 15 a 64 ans;148089
2002;Y15T64;LUX;Luxembourg;PT;Pourcentage de la population;F;Sexe feminin;De 15 a 64 ans;65,453
2002;Y_LT15;LUX;Luxembourg;PS;Personnes;_T;Total;Moins de 15 ans;84204,90918
2002;Y_LT15;LUX;Luxembourg;PT;Pourcentage de la population;_T;Total;Moins de 15 ans;18,873
2002;Y_LT15;LUX;Luxembourg;PS;Personnes;F;Sexe feminin;Moins de 15 ans;41064,9195
2002;Y_LT15;LUX;Luxembourg;PT;Pourcentage de la population;F;Sexe feminin;Moins de 15 ans;18,15
2002;Y_LT15;LUX;Luxembourg;PS;Personnes;M;Sexe masculin;Moins de 15 ans;43138,13408
2002;Y_LT15;LUX;Luxembourg;PT;Pourcentage de la population;M;Sexe masculin;Moins de 15 ans;19,616
2003;Y15T64;LUX;Luxembourg;PS;Personnes;_T;Total;De 15 a 64 ans;303556
2003;Y15T64;LUX;Luxembourg;PT;Pourcentage de la population;_T;Total;De 15 a 64 ans;67,214
2003;Y_GE65;LUX;Luxembourg;PS;Personnes;_T;Total;65 ans et plus;63261
2003;Y_GE65;LUX;Luxembourg;PT;Pourcentage de la population;_T;Total;65 ans et plus;14,007
2003;Y15T64;LUX;Luxembourg;PS;Personnes;M;Sexe masculin;De 15 a 64 ans;153555
2003;Y15T64;LUX;Luxembourg;PT;Pourcentage de la population;M;Sexe masculin;De 15 a 64 ans;68,903
2003;Y_GE65;LUX;Luxembourg;PS;Personnes;M;Sexe masculin;65 ans et plus;25768
2003;Y_GE65;LUX;Luxembourg;PT;Pourcentage de la population;M;Sexe masculin;65 ans et plus;11,563
2003;Y_GE65;LUX;Luxembourg;PS;Personnes;F;Sexe feminin;65 ans et plus;37493
2003;Y_GE65;LUX;Luxembourg;PT;Pourcentage de la population;F;Sexe feminin;65 ans et plus;16,389
2003;Y15T64;LUX;Luxembourg;PS;Personnes;F;Sexe feminin;De 15 a 64 ans;150001
2003;Y15T64;LUX;Luxembourg;PT;Pourcentage de la population;F;Sexe feminin;De 15 a 64 ans;65,568
2003;Y_LT15;LUX;Luxembourg;PS;Personnes;_T;Total;Moins de 15 ans;84810,84654
2003;Y_LT15;LUX;Luxembourg;PT;Pourcentage de la population;_T;Total;Moins de 15 ans;18,779
2003;Y_LT15;LUX;Luxembourg;PS;Personnes;F;Sexe feminin;Moins de 15 ans;41276,9711
2003;Y_LT15;LUX;Luxembourg;PT;Pourcentage de la population;F;Sexe feminin;Moins de 15 ans;18,043
2003;Y_LT15;LUX;Luxembourg;PS;Personnes;M;Sexe masculin;Moins de 15 ans;43532,69104
2003;Y_LT15;LUX;Luxembourg;PT;Pourcentage de la population;M;Sexe masculin;Moins de 15 ans;19,534
2004;Y15T64;LUX;Luxembourg;PS;Personnes;_T;Total;De 15 a 64 ans;308307
2004;Y15T64;LUX;Luxembourg;PT;Pourcentage de la population;_T;Total;De 15 a 64 ans;67,302
2004;Y_GE65;LUX;Luxembourg;PS;Personnes;_T;Total;65 ans et plus;64293
2004;Y_GE65;LUX;Luxembourg;PT;Pourcentage de la population;_T;Total;65 ans et plus;14,035
2004;Y15T64;LUX;Luxembourg;PS;Personnes;M;Sexe masculin;De 15 a 64 ans;156158
2004;Y15T64;LUX;Luxembourg;PT;Pourcentage de la population;M;Sexe masculin;De 15 a 64 ans;68,965
2004;Y_GE65;LUX;Luxembourg;PS;Personnes;M;Sexe masculin;65 ans et plus;26302
2004;Y_GE65;LUX;Luxembourg;PT;Pourcentage de la population;M;Sexe masculin;65 ans et plus;11,616
2004;Y_GE65;LUX;Luxembourg;PS;Personnes;F;Sexe feminin;65 ans et plus;37991
2004;Y_GE65;LUX;Luxembourg;PT;Pourcentage de la population;F;Sexe feminin;65 ans et plus;16,399
2004;Y15T64;LUX;Luxembourg;PS;Personnes;F;Sexe feminin;De 15 a 64 ans;152149
2004;Y15T64;LUX;Luxembourg;PT;Pourcentage de la population;F;Sexe feminin;De 15 a 64 ans;65,676
2004;Y_LT15;LUX;Luxembourg;PS;Personnes;_T;Total;Moins de 15 ans;85499,41072
2004;Y_LT15;LUX;Luxembourg;PT;Pourcentage de la population;_T;Total;Moins de 15 ans;18,664
2004;Y_LT15;LUX;Luxembourg;PS;Personnes;F;Sexe feminin;Moins de 15 ans;41526,1305
2004;Y_LT15;LUX;Luxembourg;PT;Pourcentage de la population;F;Sexe feminin;Moins de 15 ans;17,925
2004;Y_LT15;LUX;Luxembourg;PS;Personnes;M;Sexe masculin;Moins de 15 ans;43973,0944
2004;Y_LT15;LUX;Luxembourg;PT;Pourcentage de la population;M;Sexe masculin;Moins de 15 ans;19,42
2005;Y15T64;LUX;Luxembourg;PS;Personnes;_T;Total;De 15 a 64 ans;313510
2005;Y15T64;LUX;Luxembourg;PT;Pourcentage de la population;_T;Total;De 15 a 64 ans;67,399
2005;Y_GE65;LUX;Luxembourg;PS;Personnes;_T;Total;65 ans et plus;65475
2005;Y_GE65;LUX;Luxembourg;PT;Pourcentage de la population;_T;Total;65 ans et plus;14,076
2005;Y15T64;LUX;Luxembourg;PS;Personnes;M;Sexe masculin;De 15 a 64 ans;158867
2005;Y15T64;LUX;Luxembourg;PT;Pourcentage de la population;M;Sexe masculin;De 15 a 64 ans;69,034
2005;Y_GE65;LUX;Luxembourg;PS;Personnes;M;Sexe masculin;65 ans et plus;26937
2005;Y_GE65;LUX;Luxembourg;PT;Pourcentage de la population;M;Sexe masculin;65 ans et plus;11,705
2005;Y_GE65;LUX;Luxembourg;PS;Personnes;F;Sexe feminin;65 ans et plus;38538
2005;Y_GE65;LUX;Luxembourg;PT;Pourcentage de la population;F;Sexe feminin;65 ans et plus;16,397
2005;Y15T64;LUX;Luxembourg;PS;Personnes;F;Sexe feminin;De 15 a 64 ans;154643
2005;Y15T64;LUX;Luxembourg;PT;Pourcentage de la population;F;Sexe feminin;De 15 a 64 ans;65,799
2005;Y_LT15;LUX;Luxembourg;PS;Personnes;_T;Total;Moins de 15 ans;86164,75648
2005;Y_LT15;LUX;Luxembourg;PT;Pourcentage de la population;_T;Total;Moins de 15 ans;18,524
2005;Y_LT15;LUX;Luxembourg;PS;Personnes;F;Sexe feminin;Moins de 15 ans;41843,851
2005;Y_LT15;LUX;Luxembourg;PT;Pourcentage de la population;F;Sexe feminin;Moins de 15 ans;17,804
2005;Y_LT15;LUX;Luxembourg;PS;Personnes;M;Sexe masculin;Moins de 15 ans;44322,4602
2005;Y_LT15;LUX;Luxembourg;PT;Pourcentage de la population;M;Sexe masculin;Moins de 15 ans;19,26
2006;Y15T64;LUX;Luxembourg;PS;Personnes;_T;Total;De 15 a 64 ans;319334
2006;Y15T64;LUX;Luxembourg;PT;Pourcentage de la population;_T;Total;De 15 a 64 ans;67,564
2006;Y_GE65;LUX;Luxembourg;PS;Personnes;_T;Total;65 ans et plus;66414
2006;Y_GE65;LUX;Luxembourg;PT;Pourcentage de la population;_T;Total;65 ans et plus;14,052
2006;Y15T64;LUX;Luxembourg;PS;Personnes;M;Sexe masculin;De 15 a 64 ans;161787
2006;Y15T64;LUX;Luxembourg;PT;Pourcentage de la population;M;Sexe masculin;De 15 a 64 ans;69,156
2006;Y_GE65;LUX;Luxembourg;PS;Personnes;M;Sexe masculin;65 ans et plus;27498
2006;Y_GE65;LUX;Luxembourg;PT;Pourcentage de la population;M;Sexe masculin;65 ans et plus;11,754
2006;Y_GE65;LUX;Luxembourg;PS;Personnes;F;Sexe feminin;65 ans et plus;38916
2006;Y_GE65;LUX;Luxembourg;PT;Pourcentage de la population;F;Sexe feminin;65 ans et plus;16,304
2006;Y15T64;LUX;Luxembourg;PS;Personnes;F;Sexe feminin;De 15 a 64 ans;157547
2006;Y15T64;LUX;Luxembourg;PT;Pourcentage de la population;F;Sexe feminin;De 15 a 64 ans;66,003
2006;Y_LT15;LUX;Luxembourg;PS;Personnes;_T;Total;Moins de 15 ans;86895,04785
2006;Y_LT15;LUX;Luxembourg;PT;Pourcentage de la population;_T;Total;Moins de 15 ans;18,385
2006;Y_LT15;LUX;Luxembourg;PS;Personnes;F;Sexe feminin;Moins de 15 ans;42232,30635
2006;Y_LT15;LUX;Luxembourg;PT;Pourcentage de la population;F;Sexe feminin;Moins de 15 ans;17,693
2006;Y_LT15;LUX;Luxembourg;PS;Personnes;M;Sexe masculin;Moins de 15 ans;44660,2914
2006;Y_LT15;LUX;Luxembourg;PT;Pourcentage de la population;M;Sexe masculin;Moins de 15 ans;19,09
2007;Y15T64;LUX;Luxembourg;PS;Personnes;_T;Total;De 15 a 64 ans;325186
2007;Y15T64;LUX;Luxembourg;PT;Pourcentage de la population;_T;Total;De 15 a 64 ans;67,748
2007;Y_GE65;LUX;Luxembourg;PS;Personnes;_T;Total;65 ans et plus;67260
2007;Y_GE65;LUX;Luxembourg;PT;Pourcentage de la population;_T;Total;65 ans et plus;14,013
2007;Y15T64;LUX;Luxembourg;PS;Personnes;M;Sexe masculin;De 15 a 64 ans;164742
2007;Y15T64;LUX;Luxembourg;PT;Pourcentage de la population;M;Sexe masculin;De 15 a 64 ans;69,306
2007;Y_GE65;LUX;Luxembourg;PS;Personnes;M;Sexe masculin;65 ans et plus;28007
2007;Y_GE65;LUX;Luxembourg;PT;Pourcentage de la population;M;Sexe masculin;65 ans et plus;11,782
2007;Y_GE65;LUX;Luxembourg;PS;Personnes;F;Sexe feminin;65 ans et plus;39253
2007;Y_GE65;LUX;Luxembourg;PT;Pourcentage de la population;F;Sexe feminin;65 ans et plus;16,201
2007;Y15T64;LUX;Luxembourg;PS;Personnes;F;Sexe feminin;De 15 a 64 ans;160444
2007;Y15T64;LUX;Luxembourg;PT;Pourcentage de la population;F;Sexe feminin;De 15 a 64 ans;66,22
2007;Y_LT15;LUX;Luxembourg;PS;Personnes;_T;Total;Moins de 15 ans;87545,74088
2007;Y_LT15;LUX;Luxembourg;PT;Pourcentage de la population;_T;Total;Moins de 15 ans;18,239
2007;Y_LT15;LUX;Luxembourg;PS;Personnes;F;Sexe feminin;Moins de 15 ans;42594,7578
2007;Y_LT15;LUX;Luxembourg;PT;Pourcentage de la population;F;Sexe feminin;Moins de 15 ans;17,58
2007;Y_LT15;LUX;Luxembourg;PS;Personnes;M;Sexe masculin;Moins de 15 ans;44951,63611
2007;Y_LT15;LUX;Luxembourg;PT;Pourcentage de la population;M;Sexe masculin;Moins de 15 ans;18,911
2008;Y15T64;LUX;Luxembourg;PS;Personnes;_T;Total;De 15 a 64 ans;332149
2008;Y15T64;LUX;Luxembourg;PT;Pourcentage de la population;_T;Total;De 15 a 64 ans;67,973
2008;Y_GE65;LUX;Luxembourg;PS;Personnes;_T;Total;65 ans et plus;68292
2008;Y_GE65;LUX;Luxembourg;PT;Pourcentage de la population;_T;Total;65 ans et plus;13,976
2008;Y15T64;LUX;Luxembourg;PS;Personnes;M;Sexe masculin;De 15 a 64 ans;168341
2008;Y15T64;LUX;Luxembourg;PT;Pourcentage de la population;M;Sexe masculin;De 15 a 64 ans;69,499
2008;Y_GE65;LUX;Luxembourg;PS;Personnes;M;Sexe masculin;65 ans et plus;28610
2008;Y_GE65;LUX;Luxembourg;PT;Pourcentage de la population;M;Sexe masculin;65 ans et plus;11,812
2008;Y_GE65;LUX;Luxembourg;PS;Personnes;F;Sexe feminin;65 ans et plus;39682
2008;Y_GE65;LUX;Luxembourg;PT;Pourcentage de la population;F;Sexe feminin;65 ans et plus;16,103
2008;Y15T64;LUX;Luxembourg;PS;Personnes;F;Sexe feminin;De 15 a 64 ans;163808
2008;Y15T64;LUX;Luxembourg;PT;Pourcentage de la population;F;Sexe feminin;De 15 a 64 ans;66,474
2008;Y_LT15;LUX;Luxembourg;PS;Personnes;_T;Total;Moins de 15 ans;88205,66997
2008;Y_LT15;LUX;Luxembourg;PT;Pourcentage de la population;_T;Total;Moins de 15 ans;18,051
2008;Y_LT15;LUX;Luxembourg;PS;Personnes;F;Sexe feminin;Moins de 15 ans;42934,80198
2008;Y_LT15;LUX;Luxembourg;PT;Pourcentage de la population;F;Sexe feminin;Moins de 15 ans;17,423
2008;Y_LT15;LUX;Luxembourg;PS;Personnes;M;Sexe masculin;Moins de 15 ans;45271,1049
2008;Y_LT15;LUX;Luxembourg;PT;Pourcentage de la population;M;Sexe masculin;Moins de 15 ans;18,69
2009;Y15T64;LUX;Luxembourg;PS;Personnes;_T;Total;De 15 a 64 ans;339464
2009;Y15T64;LUX;Luxembourg;PT;Pourcentage de la population;_T;Total;De 15 a 64 ans;68,195
2009;Y_GE65;LUX;Luxembourg;PS;Personnes;_T;Total;65 ans et plus;69466
2009;Y_GE65;LUX;Luxembourg;PT;Pourcentage de la population;_T;Total;65 ans et plus;13,955
2009;Y15T64;LUX;Luxembourg;PS;Personnes;M;Sexe masculin;De 15 a 64 ans;172126
2009;Y15T64;LUX;Luxembourg;PT;Pourcentage de la population;M;Sexe masculin;De 15 a 64 ans;69,652
2009;Y_GE65;LUX;Luxembourg;PS;Personnes;M;Sexe masculin;65 ans et plus;29341
2009;Y_GE65;LUX;Luxembourg;PT;Pourcentage de la population;M;Sexe masculin;65 ans et plus;11,873
2009;Y_GE65;LUX;Luxembourg;PS;Personnes;F;Sexe feminin;65 ans et plus;40125
2009;Y_GE65;LUX;Luxembourg;PT;Pourcentage de la population;F;Sexe feminin;65 ans et plus;16,008
2009;Y15T64;LUX;Luxembourg;PS;Personnes;F;Sexe feminin;De 15 a 64 ans;167338
2009;Y15T64;LUX;Luxembourg;PT;Pourcentage de la population;F;Sexe feminin;De 15 a 64 ans;66,759
2009;Y_LT15;LUX;Luxembourg;PS;Personnes;_T;Total;Moins de 15 ans;88854,2655
2009;Y_LT15;LUX;Luxembourg;PT;Pourcentage de la population;_T;Total;Moins de 15 ans;17,85
2009;Y_LT15;LUX;Luxembourg;PS;Personnes;F;Sexe feminin;Moins de 15 ans;43198,91674
2009;Y_LT15;LUX;Luxembourg;PT;Pourcentage de la population;F;Sexe feminin;Moins de 15 ans;17,234
2009;Y_LT15;LUX;Luxembourg;PS;Personnes;M;Sexe masculin;Moins de 15 ans;45655,7895
2009;Y_LT15;LUX;Luxembourg;PT;Pourcentage de la population;M;Sexe masculin;Moins de 15 ans;18,475
2010;Y15T64;LUX;Luxembourg;PS;Personnes;_T;Total;De 15 a 64 ans;346814
2010;Y15T64;LUX;Luxembourg;PT;Pourcentage de la population;_T;Total;De 15 a 64 ans;68,411
2010;Y_GE65;LUX;Luxembourg;PS;Personnes;_T;Total;65 ans et plus;70563
2010;Y_GE65;LUX;Luxembourg;PT;Pourcentage de la population;_T;Total;65 ans et plus;13,919
2010;Y15T64;LUX;Luxembourg;PS;Personnes;M;Sexe masculin;De 15 a 64 ans;175961
2010;Y15T64;LUX;Luxembourg;PT;Pourcentage de la population;M;Sexe masculin;De 15 a 64 ans;69,822
2010;Y_GE65;LUX;Luxembourg;PS;Personnes;M;Sexe masculin;65 ans et plus;29996
2010;Y_GE65;LUX;Luxembourg;PT;Pourcentage de la population;M;Sexe masculin;65 ans et plus;11,903
2010;Y_GE65;LUX;Luxembourg;PS;Personnes;F;Sexe feminin;65 ans et plus;40567
2010;Y_GE65;LUX;Luxembourg;PT;Pourcentage de la population;F;Sexe feminin;65 ans et plus;15,912
2010;Y15T64;LUX;Luxembourg;PS;Personnes;F;Sexe feminin;De 15 a 64 ans;170853
2010;Y15T64;LUX;Luxembourg;PT;Pourcentage de la population;F;Sexe feminin;De 15 a 64 ans;67,017
2010;Y_LT15;LUX;Luxembourg;PS;Personnes;_T;Total;Moins de 15 ans;89573,52557
2010;Y_LT15;LUX;Luxembourg;PT;Pourcentage de la population;_T;Total;Moins de 15 ans;17,669
2010;Y_LT15;LUX;Luxembourg;PS;Personnes;F;Sexe feminin;Moins de 15 ans;43518,0873
2010;Y_LT15;LUX;Luxembourg;PT;Pourcentage de la population;F;Sexe feminin;Moins de 15 ans;17,07
2010;Y_LT15;LUX;Luxembourg;PS;Personnes;M;Sexe masculin;Moins de 15 ans;46058,07864
2010;Y_LT15;LUX;Luxembourg;PT;Pourcentage de la population;M;Sexe masculin;Moins de 15 ans;18,276
2011;Y15T64;LUX;Luxembourg;PS;Personnes;_T;Total;De 15 a 64 ans;356167
2011;Y15T64;LUX;Luxembourg;PT;Pourcentage de la population;_T;Total;De 15 a 64 ans;68,712
2011;Y_GE65;LUX;Luxembourg;PS;Personnes;_T;Total;65 ans et plus;72174
2011;Y_GE65;LUX;Luxembourg;PT;Pourcentage de la population;_T;Total;65 ans et plus;13,924
2011;Y15T64;LUX;Luxembourg;PS;Personnes;M;Sexe masculin;De 15 a 64 ans;181035
2011;Y15T64;LUX;Luxembourg;PT;Pourcentage de la population;M;Sexe masculin;De 15 a 64 ans;70,108
2011;Y_GE65;LUX;Luxembourg;PS;Personnes;M;Sexe masculin;65 ans et plus;30945
2011;Y_GE65;LUX;Luxembourg;PT;Pourcentage de la population;M;Sexe masculin;65 ans et plus;11,984
2011;Y_GE65;LUX;Luxembourg;PS;Personnes;F;Sexe feminin;65 ans et plus;41229
2011;Y_GE65;LUX;Luxembourg;PT;Pourcentage de la population;F;Sexe feminin;65 ans et plus;15,849
2011;Y15T64;LUX;Luxembourg;PS;Personnes;F;Sexe feminin;De 15 a 64 ans;175132
2011;Y15T64;LUX;Luxembourg;PT;Pourcentage de la population;F;Sexe feminin;De 15 a 64 ans;67,325
2011;Y_LT15;LUX;Luxembourg;PS;Personnes;_T;Total;Moins de 15 ans;90011,65115
2011;Y_LT15;LUX;Luxembourg;PT;Pourcentage de la population;_T;Total;Moins de 15 ans;17,365
2011;Y_LT15;LUX;Luxembourg;PS;Personnes;F;Sexe feminin;Moins de 15 ans;43766,70425
2011;Y_LT15;LUX;Luxembourg;PT;Pourcentage de la population;F;Sexe feminin;Moins de 15 ans;16,825
2011;Y_LT15;LUX;Luxembourg;PS;Personnes;M;Sexe masculin;Moins de 15 ans;46242,39576
2011;Y_LT15;LUX;Luxembourg;PT;Pourcentage de la population;M;Sexe masculin;Moins de 15 ans;17,908
2012;Y15T64;LUX;Luxembourg;PS;Personnes;_T;Total;De 15 a 64 ans;366187
2012;Y15T64;LUX;Luxembourg;PT;Pourcentage de la population;_T;Total;De 15 a 64 ans;68,968
2012;Y_GE65;LUX;Luxembourg;PS;Personnes;_T;Total;65 ans et plus;74159
2012;Y_GE65;LUX;Luxembourg;PT;Pourcentage de la population;_T;Total;65 ans et plus;13,967
2012;Y15T64;LUX;Luxembourg;PS;Personnes;M;Sexe masculin;De 15 a 64 ans;186447
2012;Y15T64;LUX;Luxembourg;PT;Pourcentage de la population;M;Sexe masculin;De 15 a 64 ans;70,325
2012;Y_GE65;LUX;Luxembourg;PS;Personnes;M;Sexe masculin;65 ans et plus;32137
2012;Y_GE65;LUX;Luxembourg;PT;Pourcentage de la population;M;Sexe masculin;65 ans et plus;12,122
2012;Y_GE65;LUX;Luxembourg;PS;Personnes;F;Sexe feminin;65 ans et plus;42022
2012;Y_GE65;LUX;Luxembourg;PT;Pourcentage de la population;F;Sexe feminin;65 ans et plus;15,808
2012;Y15T64;LUX;Luxembourg;PS;Personnes;F;Sexe feminin;De 15 a 64 ans;179740
2012;Y15T64;LUX;Luxembourg;PT;Pourcentage de la population;F;Sexe feminin;De 15 a 64 ans;67,614
2012;Y_LT15;LUX;Luxembourg;PS;Personnes;_T;Total;Moins de 15 ans;90606,9588
2012;Y_LT15;LUX;Luxembourg;PT;Pourcentage de la population;_T;Total;Moins de 15 ans;17,065
2012;Y_LT15;LUX;Luxembourg;PS;Personnes;F;Sexe feminin;Moins de 15 ans;44069,46318
2012;Y_LT15;LUX;Luxembourg;PT;Pourcentage de la population;F;Sexe feminin;Moins de 15 ans;16,578
2012;Y_LT15;LUX;Luxembourg;PS;Personnes;M;Sexe masculin;Moins de 15 ans;46536,68913
2012;Y_LT15;LUX;Luxembourg;PT;Pourcentage de la population;M;Sexe masculin;Moins de 15 ans;17,553
2013;Y15T64;LUX;Luxembourg;PS;Personnes;_T;Total;De 15 a 64 ans;375250
2013;Y15T64;LUX;Luxembourg;PT;Pourcentage de la population;_T;Total;De 15 a 64 ans;69,061
2013;Y_GE65;LUX;Luxembourg;PS;Personnes;_T;Total;65 ans et plus;76214
2013;Y_GE65;LUX;Luxembourg;PT;Pourcentage de la population;_T;Total;65 ans et plus;14,026
2013;Y15T64;LUX;Luxembourg;PS;Personnes;M;Sexe masculin;De 15 a 64 ans;191262
2013;Y15T64;LUX;Luxembourg;PT;Pourcentage de la population;M;Sexe masculin;De 15 a 64 ans;70,378
2013;Y_GE65;LUX;Luxembourg;PS;Personnes;M;Sexe masculin;65 ans et plus;33321
2013;Y_GE65;LUX;Luxembourg;PT;Pourcentage de la population;M;Sexe masculin;65 ans et plus;12,261
2013;Y_GE65;LUX;Luxembourg;PS;Personnes;F;Sexe feminin;65 ans et plus;42893
2013;Y_GE65;LUX;Luxembourg;PT;Pourcentage de la population;F;Sexe feminin;65 ans et plus;15,793
2013;Y15T64;LUX;Luxembourg;PS;Personnes;F;Sexe feminin;De 15 a 64 ans;183988
2013;Y15T64;LUX;Luxembourg;PT;Pourcentage de la population;F;Sexe feminin;De 15 a 64 ans;67,744
2013;Y_LT15;LUX;Luxembourg;PS;Personnes;_T;Total;Moins de 15 ans;91892,70496
2013;Y_LT15;LUX;Luxembourg;PT;Pourcentage de la population;_T;Total;Moins de 15 ans;16,912
2013;Y_LT15;LUX;Luxembourg;PS;Personnes;F;Sexe feminin;Moins de 15 ans;44712,68485
2013;Y_LT15;LUX;Luxembourg;PT;Pourcentage de la population;F;Sexe feminin;Moins de 15 ans;16,463
2013;Y_LT15;LUX;Luxembourg;PS;Personnes;M;Sexe masculin;Moins de 15 ans;47180,77443
2013;Y_LT15;LUX;Luxembourg;PT;Pourcentage de la population;M;Sexe masculin;Moins de 15 ans;17,361
2014;Y15T64;LUX;Luxembourg;PS;Personnes;_T;Total;De 15 a 64 ans;384564
2014;Y15T64;LUX;Luxembourg;PT;Pourcentage de la population;_T;Total;De 15 a 64 ans;69,126
2014;Y_GE65;LUX;Luxembourg;PS;Personnes;_T;Total;65 ans et plus;78607
2014;Y_GE65;LUX;Luxembourg;PT;Pourcentage de la population;_T;Total;65 ans et plus;14,13
2014;Y15T64;LUX;Luxembourg;PS;Personnes;M;Sexe masculin;De 15 a 64 ans;196086
2014;Y15T64;LUX;Luxembourg;PT;Pourcentage de la population;M;Sexe masculin;De 15 a 64 ans;70,396
2014;Y_GE65;LUX;Luxembourg;PS;Personnes;M;Sexe masculin;65 ans et plus;34635
2014;Y_GE65;LUX;Luxembourg;PT;Pourcentage de la population;M;Sexe masculin;65 ans et plus;12,434
2014;Y_GE65;LUX;Luxembourg;PS;Personnes;F;Sexe feminin;65 ans et plus;43972
2014;Y_GE65;LUX;Luxembourg;PT;Pourcentage de la population;F;Sexe feminin;65 ans et plus;15,83
2014;Y15T64;LUX;Luxembourg;PS;Personnes;F;Sexe feminin;De 15 a 64 ans;188478
2014;Y15T64;LUX;Luxembourg;PT;Pourcentage de la population;F;Sexe feminin;De 15 a 64 ans;67,853
2014;Y_LT15;LUX;Luxembourg;PS;Personnes;_T;Total;Moins de 15 ans;93150,55568
2014;Y_LT15;LUX;Luxembourg;PT;Pourcentage de la population;_T;Total;Moins de 15 ans;16,744
2014;Y_LT15;LUX;Luxembourg;PS;Personnes;F;Sexe feminin;Moins de 15 ans;45324,70992
2014;Y_LT15;LUX;Luxembourg;PT;Pourcentage de la population;F;Sexe feminin;Moins de 15 ans;16,317
2014;Y_LT15;LUX;Luxembourg;PS;Personnes;M;Sexe masculin;Moins de 15 ans;47826,3482
2014;Y_LT15;LUX;Luxembourg;PT;Pourcentage de la population;M;Sexe masculin;Moins de 15 ans;17,17
2015;Y15T64;LUX;Luxembourg;PS;Personnes;_T;Total;De 15 a 64 ans;394387
2015;Y15T64;LUX;Luxembourg;PT;Pourcentage de la population;_T;Total;De 15 a 64 ans;69,239
2015;Y_GE65;LUX;Luxembourg;PS;Personnes;_T;Total;65 ans et plus;80898
2015;Y_GE65;LUX;Luxembourg;PT;Pourcentage de la population;_T;Total;65 ans et plus;14,202
2015;Y15T64;LUX;Luxembourg;PS;Personnes;M;Sexe masculin;De 15 a 64 ans;201258
2015;Y15T64;LUX;Luxembourg;PT;Pourcentage de la population;M;Sexe masculin;De 15 a 64 ans;70,472
2015;Y_GE65;LUX;Luxembourg;PS;Personnes;M;Sexe masculin;65 ans et plus;35862
2015;Y_GE65;LUX;Luxembourg;PT;Pourcentage de la population;M;Sexe masculin;65 ans et plus;12,557
2015;Y_GE65;LUX;Luxembourg;PS;Personnes;F;Sexe feminin;65 ans et plus;45036
2015;Y_GE65;LUX;Luxembourg;PT;Pourcentage de la population;F;Sexe feminin;65 ans et plus;15,857
2015;Y15T64;LUX;Luxembourg;PS;Personnes;F;Sexe feminin;De 15 a 64 ans;193129
2015;Y15T64;LUX;Luxembourg;PT;Pourcentage de la population;F;Sexe feminin;De 15 a 64 ans;67,998
2015;Y_LT15;LUX;Luxembourg;PS;Personnes;_T;Total;Moins de 15 ans;94320,89195
2015;Y_LT15;LUX;Luxembourg;PT;Pourcentage de la population;_T;Total;Moins de 15 ans;16,559
2015;Y_LT15;LUX;Luxembourg;PS;Personnes;F;Sexe feminin;Moins de 15 ans;45855,19045
2015;Y_LT15;LUX;Luxembourg;PT;Pourcentage de la population;F;Sexe feminin;Moins de 15 ans;16,145
2015;Y_LT15;LUX;Luxembourg;PS;Personnes;M;Sexe masculin;Moins de 15 ans;48463,6048
2015;Y_LT15;LUX;Luxembourg;PT;Pourcentage de la population;M;Sexe masculin;Moins de 15 ans;16,97
2016;Y15T64;LUX;Luxembourg;PS;Personnes;_T;Total;De 15 a 64 ans;405010
2016;Y15T64;LUX;Luxembourg;PT;Pourcentage de la population;_T;Total;De 15 a 64 ans;69,415
2016;Y_GE65;LUX;Luxembourg;PS;Personnes;_T;Total;65 ans et plus;83041
2016;Y_GE65;LUX;Luxembourg;PT;Pourcentage de la population;_T;Total;65 ans et plus;14,233
2016;Y15T64;LUX;Luxembourg;PS;Personnes;M;Sexe masculin;De 15 a 64 ans;206756
2016;Y15T64;LUX;Luxembourg;PT;Pourcentage de la population;M;Sexe masculin;De 15 a 64 ans;70,586
2016;Y_GE65;LUX;Luxembourg;PS;Personnes;M;Sexe masculin;65 ans et plus;37067
2016;Y_GE65;LUX;Luxembourg;PT;Pourcentage de la population;M;Sexe masculin;65 ans et plus;12,655
2016;Y_GE65;LUX;Luxembourg;PS;Personnes;F;Sexe feminin;65 ans et plus;45974
2016;Y_GE65;LUX;Luxembourg;PT;Pourcentage de la population;F;Sexe feminin;65 ans et plus;15,823
2016;Y15T64;LUX;Luxembourg;PS;Personnes;F;Sexe feminin;De 15 a 64 ans;198254
2016;Y15T64;LUX;Luxembourg;PT;Pourcentage de la population;F;Sexe feminin;De 15 a 64 ans;68,235
2016;Y_LT15;LUX;Luxembourg;PS;Personnes;_T;Total;Moins de 15 ans;95407,21568
2016;Y_LT15;LUX;Luxembourg;PT;Pourcentage de la population;_T;Total;Moins de 15 ans;16,352
2016;Y_LT15;LUX;Luxembourg;PS;Personnes;F;Sexe feminin;Moins de 15 ans;46315,61904
2016;Y_LT15;LUX;Luxembourg;PT;Pourcentage de la population;F;Sexe feminin;Moins de 15 ans;15,941
2016;Y_LT15;LUX;Luxembourg;PS;Personnes;M;Sexe masculin;Moins de 15 ans;49092,554
2016;Y_LT15;LUX;Luxembourg;PT;Pourcentage de la population;M;Sexe masculin;Moins de 15 ans;16,76
2017;Y15T64;LUX;Luxembourg;PS;Personnes;_T;Total;De 15 a 64 ans;414644
2017;Y15T64;LUX;Luxembourg;PT;Pourcentage de la population;_T;Total;De 15 a 64 ans;69,532
2017;Y_GE65;LUX;Luxembourg;PS;Personnes;_T;Total;65 ans et plus;85169
2017;Y_GE65;LUX;Luxembourg;PT;Pourcentage de la population;_T;Total;65 ans et plus;14,282
2017;Y15T64;LUX;Luxembourg;PS;Personnes;M;Sexe masculin;De 15 a 64 ans;211684
2017;Y15T64;LUX;Luxembourg;PT;Pourcentage de la population;M;Sexe masculin;De 15 a 64 ans;70,652
2017;Y_GE65;LUX;Luxembourg;PS;Personnes;M;Sexe masculin;65 ans et plus;38260
2017;Y_GE65;LUX;Luxembourg;PT;Pourcentage de la population;M;Sexe masculin;65 ans et plus;12,77
2017;Y_GE65;LUX;Luxembourg;PS;Personnes;F;Sexe feminin;65 ans et plus;46909
2017;Y_GE65;LUX;Luxembourg;PT;Pourcentage de la population;F;Sexe feminin;65 ans et plus;15,809
2017;Y15T64;LUX;Luxembourg;PS;Personnes;F;Sexe feminin;De 15 a 64 ans;202960
2017;Y15T64;LUX;Luxembourg;PT;Pourcentage de la population;F;Sexe feminin;De 15 a 64 ans;68,4
2017;Y_LT15;LUX;Luxembourg;PS;Personnes;_T;Total;Moins de 15 ans;96523,10682
2017;Y_LT15;LUX;Luxembourg;PT;Pourcentage de la population;_T;Total;Moins de 15 ans;16,186
2017;Y_LT15;LUX;Luxembourg;PS;Personnes;F;Sexe feminin;Moins de 15 ans;46855,68684
2017;Y_LT15;LUX;Luxembourg;PT;Pourcentage de la population;F;Sexe feminin;Moins de 15 ans;15,791
2017;Y_LT15;LUX;Luxembourg;PS;Personnes;M;Sexe masculin;Moins de 15 ans;49669,84314
2017;Y_LT15;LUX;Luxembourg;PT;Pourcentage de la population;M;Sexe masculin;Moins de 15 ans;16,578
2018;Y15T64;LUX;Luxembourg;PS;Personnes;_T;Total;De 15 a 64 ans;422816
2018;Y15T64;LUX;Luxembourg;PT;Pourcentage de la population;_T;Total;De 15 a 64 ans;69,548
2018;Y_GE65;LUX;Luxembourg;PS;Personnes;_T;Total;65 ans et plus;87267
2018;Y_GE65;LUX;Luxembourg;PT;Pourcentage de la population;_T;Total;65 ans et plus;14,354
2018;Y15T64;LUX;Luxembourg;PS;Personnes;M;Sexe masculin;De 15 a 64 ans;216073
2018;Y15T64;LUX;Luxembourg;PT;Pourcentage de la population;M;Sexe masculin;De 15 a 64 ans;70,692
2018;Y_GE65;LUX;Luxembourg;PS;Personnes;M;Sexe masculin;65 ans et plus;39346
2018;Y_GE65;LUX;Luxembourg;PT;Pourcentage de la population;M;Sexe masculin;65 ans et plus;12,873
2018;Y_GE65;LUX;Luxembourg;PS;Personnes;F;Sexe feminin;65 ans et plus;47921
2018;Y_GE65;LUX;Luxembourg;PT;Pourcentage de la population;F;Sexe feminin;65 ans et plus;15,852
2018;Y15T64;LUX;Luxembourg;PS;Personnes;F;Sexe feminin;De 15 a 64 ans;206743
2018;Y15T64;LUX;Luxembourg;PT;Pourcentage de la population;F;Sexe feminin;De 15 a 64 ans;68,39
2018;Y_LT15;LUX;Luxembourg;PS;Personnes;_T;Total;Moins de 15 ans;97867,791
2018;Y_LT15;LUX;Luxembourg;PT;Pourcentage de la population;_T;Total;Moins de 15 ans;16,098
2018;Y_LT15;LUX;Luxembourg;PS;Personnes;F;Sexe feminin;Moins de 15 ans;47633,09586
2018;Y_LT15;LUX;Luxembourg;PT;Pourcentage de la population;F;Sexe feminin;Moins de 15 ans;15,757
2018;Y_LT15;LUX;Luxembourg;PS;Personnes;M;Sexe masculin;Moins de 15 ans;50233,9062
2018;Y_LT15;LUX;Luxembourg;PT;Pourcentage de la population;M;Sexe masculin;Moins de 15 ans;16,435
2019;Y15T64;LUX;Luxembourg;PS;Personnes;_T;Total;De 15 a 64 ans;431102
2019;Y15T64;LUX;Luxembourg;PT;Pourcentage de la population;_T;Total;De 15 a 64 ans;69,532
2019;Y_GE65;LUX;Luxembourg;PS;Personnes;_T;Total;65 ans et plus;89559
2019;Y_GE65;LUX;Luxembourg;PT;Pourcentage de la population;_T;Total;65 ans et plus;14,445
2019;Y15T64;LUX;Luxembourg;PS;Personnes;M;Sexe masculin;De 15 a 64 ans;220431
2019;Y15T64;LUX;Luxembourg;PT;Pourcentage de la population;M;Sexe masculin;De 15 a 64 ans;70,686
2019;Y_GE65;LUX;Luxembourg;PS;Personnes;M;Sexe masculin;65 ans et plus;40514
2019;Y_GE65;LUX;Luxembourg;PT;Pourcentage de la population;M;Sexe masculin;65 ans et plus;12,992
2019;Y_GE65;LUX;Luxembourg;PS;Personnes;F;Sexe feminin;65 ans et plus;49045
2019;Y_GE65;LUX;Luxembourg;PT;Pourcentage de la population;F;Sexe feminin;65 ans et plus;15,916
2019;Y15T64;LUX;Luxembourg;PS;Personnes;F;Sexe feminin;De 15 a 64 ans;210671
2019;Y15T64;LUX;Luxembourg;PT;Pourcentage de la population;F;Sexe feminin;De 15 a 64 ans;68,365
2019;Y_LT15;LUX;Luxembourg;PS;Personnes;_T;Total;Moins de 15 ans;99343,08069
2019;Y_LT15;LUX;Luxembourg;PT;Pourcentage de la population;_T;Total;Moins de 15 ans;16,023
2019;Y_LT15;LUX;Luxembourg;PS;Personnes;F;Sexe feminin;Moins de 15 ans;48442,4376
2019;Y_LT15;LUX;Luxembourg;PT;Pourcentage de la population;F;Sexe feminin;Moins de 15 ans;15,72
2019;Y_LT15;LUX;Luxembourg;PS;Personnes;M;Sexe masculin;Moins de 15 ans;50899,3409
2019;Y_LT15;LUX;Luxembourg;PT;Pourcentage de la population;M;Sexe masculin;Moins de 15 ans;16,322
2020;Y15T64;LUX;Luxembourg;PS;Personnes;_T;Total;De 15 a 64 ans;437918
2020;Y15T64;LUX;Luxembourg;PT;Pourcentage de la population;_T;Total;De 15 a 64 ans;69,465
2020;Y_GE65;LUX;Luxembourg;PS;Personnes;_T;Total;65 ans et plus;91759
2020;Y_GE65;LUX;Luxembourg;PT;Pourcentage de la population;_T;Total;65 ans et plus;14,555
2020;Y15T64;LUX;Luxembourg;PS;Personnes;M;Sexe masculin;De 15 a 64 ans;224047
2020;Y15T64;LUX;Luxembourg;PT;Pourcentage de la population;M;Sexe masculin;De 15 a 64 ans;70,631
2020;Y_GE65;LUX;Luxembourg;PS;Personnes;M;Sexe masculin;65 ans et plus;41612
2020;Y_GE65;LUX;Luxembourg;PT;Pourcentage de la population;M;Sexe masculin;65 ans et plus;13,118
2020;Y_GE65;LUX;Luxembourg;PS;Personnes;F;Sexe feminin;65 ans et plus;50147
2020;Y_GE65;LUX;Luxembourg;PT;Pourcentage de la population;F;Sexe feminin;65 ans et plus;16,011
2020;Y15T64;LUX;Luxembourg;PS;Personnes;F;Sexe feminin;De 15 a 64 ans;213871
2020;Y15T64;LUX;Luxembourg;PT;Pourcentage de la population;F;Sexe feminin;De 15 a 64 ans;68,284
2020;Y_LT15;LUX;Luxembourg;PS;Personnes;_T;Total;Moins de 15 ans;100733,6933
2020;Y_LT15;LUX;Luxembourg;PT;Pourcentage de la population;_T;Total;Moins de 15 ans;15,979
2020;Y_LT15;LUX;Luxembourg;PS;Personnes;F;Sexe feminin;Moins de 15 ans;49189,15935
2020;Y_LT15;LUX;Luxembourg;PT;Pourcentage de la population;F;Sexe feminin;Moins de 15 ans;15,705
2020;Y_LT15;LUX;Luxembourg;PS;Personnes;M;Sexe masculin;Moins de 15 ans;51545,975
2020;Y_LT15;LUX;Luxembourg;PT;Pourcentage de la population;M;Sexe masculin;Moins de 15 ans;16,25
2021;Y15T64;LUX;Luxembourg;PS;Personnes;_T;Total;De 15 a 64 ans;444062
2021;Y15T64;LUX;Luxembourg;PT;Pourcentage de la population;_T;Total;De 15 a 64 ans;69,378
2021;Y_GE65;LUX;Luxembourg;PS;Personnes;_T;Total;65 ans et plus;93968
2021;Y_GE65;LUX;Luxembourg;PT;Pourcentage de la population;_T;Total;65 ans et plus;14,681
2021;Y15T64;LUX;Luxembourg;PS;Personnes;M;Sexe masculin;De 15 a 64 ans;227459
2021;Y15T64;LUX;Luxembourg;PT;Pourcentage de la population;M;Sexe masculin;De 15 a 64 ans;70,582
2021;Y_GE65;LUX;Luxembourg;PS;Personnes;M;Sexe masculin;65 ans et plus;42656
2021;Y_GE65;LUX;Luxembourg;PT;Pourcentage de la population;M;Sexe masculin;65 ans et plus;13,236
2021;Y_GE65;LUX;Luxembourg;PS;Personnes;F;Sexe feminin;65 ans et plus;51312
2021;Y_GE65;LUX;Luxembourg;PT;Pourcentage de la population;F;Sexe feminin;65 ans et plus;16,146
2021;Y15T64;LUX;Luxembourg;PS;Personnes;F;Sexe feminin;De 15 a 64 ans;216603
2021;Y15T64;LUX;Luxembourg;PT;Pourcentage de la population;F;Sexe feminin;De 15 a 64 ans;68,156
2021;Y_LT15;LUX;Luxembourg;PS;Personnes;_T;Total;Moins de 15 ans;102032,6022
2021;Y_LT15;LUX;Luxembourg;PT;Pourcentage de la population;_T;Total;Moins de 15 ans;15,941
2021;Y_LT15;LUX;Luxembourg;PS;Personnes;F;Sexe feminin;Moins de 15 ans;49888,71494
2021;Y_LT15;LUX;Luxembourg;PT;Pourcentage de la population;F;Sexe feminin;Moins de 15 ans;15,698
2021;Y_LT15;LUX;Luxembourg;PS;Personnes;M;Sexe masculin;Moins de 15 ans;52145,05241
2021;Y_LT15;LUX;Luxembourg;PT;Pourcentage de la population;M;Sexe masculin;Moins de 15 ans;16,181
2022;Y15T64;LUX;Luxembourg;PS;Personnes;_T;Total;De 15 a 64 ans;452651
2022;Y15T64;LUX;Luxembourg;PT;Pourcentage de la population;_T;Total;De 15 a 64 ans;69,307
2022;Y_GE65;LUX;Luxembourg;PS;Personnes;_T;Total;65 ans et plus;96713
2022;Y_GE65;LUX;Luxembourg;PT;Pourcentage de la population;_T;Total;65 ans et plus;14,808
2022;Y15T64;LUX;Luxembourg;PS;Personnes;M;Sexe masculin;De 15 a 64 ans;231760
2022;Y15T64;LUX;Luxembourg;PT;Pourcentage de la population;M;Sexe masculin;De 15 a 64 ans;70,496
2022;Y_GE65;LUX;Luxembourg;PS;Personnes;M;Sexe masculin;65 ans et plus;43991
2022;Y_GE65;LUX;Luxembourg;PT;Pourcentage de la population;M;Sexe masculin;65 ans et plus;13,381
2022;Y_GE65;LUX;Luxembourg;PS;Personnes;F;Sexe feminin;65 ans et plus;52722
2022;Y_GE65;LUX;Luxembourg;PT;Pourcentage de la population;F;Sexe feminin;65 ans et plus;16,255
2022;Y15T64;LUX;Luxembourg;PS;Personnes;F;Sexe feminin;De 15 a 64 ans;220891
2022;Y15T64;LUX;Luxembourg;PT;Pourcentage de la population;F;Sexe feminin;De 15 a 64 ans;68,102
2022;Y_LT15;LUX;Luxembourg;PS;Personnes;_T;Total;Moins de 15 ans;103746,2058
2022;Y_LT15;LUX;Luxembourg;PT;Pourcentage de la population;_T;Total;Moins de 15 ans;15,885
2022;Y_LT15;LUX;Luxembourg;PS;Personnes;F;Sexe feminin;Moins de 15 ans;50738,38336
2022;Y_LT15;LUX;Luxembourg;PT;Pourcentage de la population;F;Sexe feminin;Moins de 15 ans;15,643
2022;Y_LT15;LUX;Luxembourg;PS;Personnes;M;Sexe masculin;Moins de 15 ans;53005,32988
2022;Y_LT15;LUX;Luxembourg;PT;Pourcentage de la population;M;Sexe masculin;Moins de 15 ans;16,123
2023;Y_GE65;LUX;Luxembourg;PS;Personnes;F;Sexe feminin;65 ans et plus;54136
2023;Y_GE65;LUX;Luxembourg;PT;Pourcentage de la population;F;Sexe feminin;65 ans et plus;16,352
2023;Y15T64;LUX;Luxembourg;PS;Personnes;F;Sexe feminin;De 15 a 64 ans;225470
2023;Y15T64;LUX;Luxembourg;PT;Pourcentage de la population;F;Sexe feminin;De 15 a 64 ans;68,104
2023;Y_GE65;LUX;Luxembourg;PS;Personnes;M;Sexe masculin;65 ans et plus;45486
2023;Y_GE65;LUX;Luxembourg;PT;Pourcentage de la population;M;Sexe masculin;65 ans et plus;13,563
2023;Y15T64;LUX;Luxembourg;PS;Personnes;M;Sexe masculin;De 15 a 64 ans;236055
2023;Y15T64;LUX;Luxembourg;PT;Pourcentage de la population;M;Sexe masculin;De 15 a 64 ans;70,388
2023;Y_GE65;LUX;Luxembourg;PS;Personnes;_T;Total;65 ans et plus;99622
2023;Y_GE65;LUX;Luxembourg;PT;Pourcentage de la population;_T;Total;65 ans et plus;14,949
2023;Y15T64;LUX;Luxembourg;PS;Personnes;_T;Total;De 15 a 64 ans;461525
2023;Y15T64;LUX;Luxembourg;PT;Pourcentage de la population;_T;Total;De 15 a 64 ans;69,254
2023;Y_LT15;LUX;Luxembourg;PS;Personnes;_T;Total;Moins de 15 ans;105282,2954
2023;Y_LT15;LUX;Luxembourg;PT;Pourcentage de la population;_T;Total;Moins de 15 ans;15,798
2023;Y_LT15;LUX;Luxembourg;PS;Personnes;F;Sexe feminin;Moins de 15 ans;51460,89904
2023;Y_LT15;LUX;Luxembourg;PT;Pourcentage de la population;F;Sexe feminin;Moins de 15 ans;15,544
2023;Y_LT15;LUX;Luxembourg;PS;Personnes;M;Sexe masculin;Moins de 15 ans;53822,24738
2023;Y_LT15;LUX;Luxembourg;PT;Pourcentage de la population;M;Sexe masculin;Moins de 15 ans;16,049
2024;Y_GE65;LUX;Luxembourg;PS;Personnes;F;Sexe feminin;65 ans et plus;55501
2024;Y_GE65;LUX;Luxembourg;PT;Pourcentage de la population;F;Sexe feminin;65 ans et plus;16,495
2024;Y15T64;LUX;Luxembourg;PS;Personnes;F;Sexe feminin;De 15 a 64 ans;229017
2024;Y15T64;LUX;Luxembourg;PT;Pourcentage de la population;F;Sexe feminin;De 15 a 64 ans;68,065
2024;Y_GE65;LUX;Luxembourg;PS;Personnes;M;Sexe masculin;65 ans et plus;46956
2024;Y_GE65;LUX;Luxembourg;PT;Pourcentage de la population;M;Sexe masculin;65 ans et plus;13,789
2024;Y15T64;LUX;Luxembourg;PS;Personnes;M;Sexe masculin;De 15 a 64 ans;239225
2024;Y15T64;LUX;Luxembourg;PT;Pourcentage de la population;M;Sexe masculin;De 15 a 64 ans;70,249
2024;Y_GE65;LUX;Luxembourg;PS;Personnes;_T;Total;65 ans et plus;102457
2024;Y_GE65;LUX;Luxembourg;PT;Pourcentage de la population;_T;Total;65 ans et plus;15,134
2024;Y15T64;LUX;Luxembourg;PS;Personnes;_T;Total;De 15 a 64 ans;468242
2024;Y15T64;LUX;Luxembourg;PT;Pourcentage de la population;_T;Total;De 15 a 64 ans;69,163
2024;Y_LT15;LUX;Luxembourg;PS;Personnes;_T;Total;Moins de 15 ans;106310,8803
2024;Y_LT15;LUX;Luxembourg;PT;Pourcentage de la population;_T;Total;Moins de 15 ans;15,703
2024;Y_LT15;LUX;Luxembourg;PS;Personnes;F;Sexe feminin;Moins de 15 ans;51950,8136
2024;Y_LT15;LUX;Luxembourg;PT;Pourcentage de la population;F;Sexe feminin;Moins de 15 ans;15,44
2024;Y_LT15;LUX;Luxembourg;PS;Personnes;M;Sexe masculin;Moins de 15 ans;54360,55983
2024;Y_LT15;LUX;Luxembourg;PT;Pourcentage de la population;M;Sexe masculin;Moins de 15 ans;15,963
2002;Y15T64;LVA;Lettonie;PS;Personnes;_T;Total;De 15 a 64 ans;1570504
2002;Y15T64;LVA;Lettonie;PT;Pourcentage de la population;_T;Total;De 15 a 64 ans;67,982
2002;Y_GE65;LVA;Lettonie;PS;Personnes;_T;Total;65 ans et plus;361059
2002;Y_GE65;LVA;Lettonie;PT;Pourcentage de la population;_T;Total;65 ans et plus;15,629
2002;Y15T64;LVA;Lettonie;PS;Personnes;M;Sexe masculin;De 15 a 64 ans;751188
2002;Y15T64;LVA;Lettonie;PT;Pourcentage de la population;M;Sexe masculin;De 15 a 64 ans;70,831
2002;Y_GE65;LVA;Lettonie;PS;Personnes;M;Sexe masculin;65 ans et plus;115878
2002;Y_GE65;LVA;Lettonie;PT;Pourcentage de la population;M;Sexe masculin;65 ans et plus;10,926
2002;Y_GE65;LVA;Lettonie;PS;Personnes;F;Sexe feminin;65 ans et plus;245181
2002;Y_GE65;LVA;Lettonie;PT;Pourcentage de la population;F;Sexe feminin;65 ans et plus;19,62
2002;Y15T64;LVA;Lettonie;PS;Personnes;F;Sexe feminin;De 15 a 64 ans;819316
2002;Y15T64;LVA;Lettonie;PT;Pourcentage de la population;F;Sexe feminin;De 15 a 64 ans;65,564
2002;Y_LT15;LVA;Lettonie;PS;Personnes;_T;Total;Moins de 15 ans;378614,7446
2002;Y_LT15;LVA;Lettonie;PT;Pourcentage de la population;_T;Total;Moins de 15 ans;16,389
2002;Y_LT15;LVA;Lettonie;PS;Personnes;F;Sexe feminin;Moins de 15 ans;185146,3661
2002;Y_LT15;LVA;Lettonie;PT;Pourcentage de la population;F;Sexe feminin;Moins de 15 ans;14,816
2002;Y_LT15;LVA;Lettonie;PS;Personnes;M;Sexe masculin;Moins de 15 ans;193473,9473
2002;Y_LT15;LVA;Lettonie;PT;Pourcentage de la population;M;Sexe masculin;Moins de 15 ans;18,243
2003;Y15T64;LVA;Lettonie;PS;Personnes;_T;Total;De 15 a 64 ans;1560004
2003;Y15T64;LVA;Lettonie;PT;Pourcentage de la population;_T;Total;De 15 a 64 ans;68,183
2003;Y_GE65;LVA;Lettonie;PS;Personnes;_T;Total;65 ans et plus;366967
2003;Y_GE65;LVA;Lettonie;PT;Pourcentage de la population;_T;Total;65 ans et plus;16,039
2003;Y15T64;LVA;Lettonie;PS;Personnes;M;Sexe masculin;De 15 a 64 ans;746745
2003;Y15T64;LVA;Lettonie;PT;Pourcentage de la population;M;Sexe masculin;De 15 a 64 ans;71,143
2003;Y_GE65;LVA;Lettonie;PS;Personnes;M;Sexe masculin;65 ans et plus;118412
2003;Y_GE65;LVA;Lettonie;PT;Pourcentage de la population;M;Sexe masculin;65 ans et plus;11,281
2003;Y_GE65;LVA;Lettonie;PS;Personnes;F;Sexe feminin;65 ans et plus;248555
2003;Y_GE65;LVA;Lettonie;PT;Pourcentage de la population;F;Sexe feminin;65 ans et plus;20,072
2003;Y15T64;LVA;Lettonie;PS;Personnes;F;Sexe feminin;De 15 a 64 ans;813259
2003;Y15T64;LVA;Lettonie;PT;Pourcentage de la population;F;Sexe feminin;De 15 a 64 ans;65,675
2003;Y_LT15;LVA;Lettonie;PS;Personnes;_T;Total;Moins de 15 ans;360993,5399
2003;Y_LT15;LVA;Lettonie;PT;Pourcentage de la population;_T;Total;Moins de 15 ans;15,778
2003;Y_LT15;LVA;Lettonie;PS;Personnes;F;Sexe feminin;Moins de 15 ans;176496,3243
2003;Y_LT15;LVA;Lettonie;PT;Pourcentage de la population;F;Sexe feminin;Moins de 15 ans;14,253
2003;Y_LT15;LVA;Lettonie;PS;Personnes;M;Sexe masculin;Moins de 15 ans;184485,6052
2003;Y_LT15;LVA;Lettonie;PT;Pourcentage de la population;M;Sexe masculin;Moins de 15 ans;17,576
2004;Y15T64;LVA;Lettonie;PS;Personnes;_T;Total;De 15 a 64 ans;1546377
2004;Y15T64;LVA;Lettonie;PT;Pourcentage de la population;_T;Total;De 15 a 64 ans;68,329
2004;Y_GE65;LVA;Lettonie;PS;Personnes;_T;Total;65 ans et plus;372046
2004;Y_GE65;LVA;Lettonie;PT;Pourcentage de la population;_T;Total;65 ans et plus;16,439
2004;Y15T64;LVA;Lettonie;PS;Personnes;M;Sexe masculin;De 15 a 64 ans;741592
2004;Y15T64;LVA;Lettonie;PT;Pourcentage de la population;M;Sexe masculin;De 15 a 64 ans;71,424
2004;Y_GE65;LVA;Lettonie;PS;Personnes;M;Sexe masculin;65 ans et plus;120545
2004;Y_GE65;LVA;Lettonie;PT;Pourcentage de la population;M;Sexe masculin;65 ans et plus;11,61
2004;Y_GE65;LVA;Lettonie;PS;Personnes;F;Sexe feminin;65 ans et plus;251501
2004;Y_GE65;LVA;Lettonie;PT;Pourcentage de la population;F;Sexe feminin;65 ans et plus;20,533
2004;Y15T64;LVA;Lettonie;PS;Personnes;F;Sexe feminin;De 15 a 64 ans;804785
2004;Y15T64;LVA;Lettonie;PT;Pourcentage de la population;F;Sexe feminin;De 15 a 64 ans;65,706
2004;Y_LT15;LVA;Lettonie;PS;Personnes;_T;Total;Moins de 15 ans;344696,2641
2004;Y_LT15;LVA;Lettonie;PT;Pourcentage de la population;_T;Total;Moins de 15 ans;15,231
2004;Y_LT15;LVA;Lettonie;PS;Personnes;F;Sexe feminin;Moins de 15 ans;168549,5444
2004;Y_LT15;LVA;Lettonie;PT;Pourcentage de la population;F;Sexe feminin;Moins de 15 ans;13,761
2004;Y_LT15;LVA;Lettonie;PS;Personnes;M;Sexe masculin;Moins de 15 ans;176155,9421
2004;Y_LT15;LVA;Lettonie;PT;Pourcentage de la population;M;Sexe masculin;Moins de 15 ans;16,966
2005;Y15T64;LVA;Lettonie;PS;Personnes;_T;Total;De 15 a 64 ans;1532089
2005;Y15T64;LVA;Lettonie;PT;Pourcentage de la population;_T;Total;De 15 a 64 ans;68,434
2005;Y_GE65;LVA;Lettonie;PS;Personnes;_T;Total;65 ans et plus;376540
2005;Y_GE65;LVA;Lettonie;PT;Pourcentage de la population;_T;Total;65 ans et plus;16,819
2005;Y15T64;LVA;Lettonie;PS;Personnes;M;Sexe masculin;De 15 a 64 ans;736140
2005;Y15T64;LVA;Lettonie;PT;Pourcentage de la population;M;Sexe masculin;De 15 a 64 ans;71,673
2005;Y_GE65;LVA;Lettonie;PS;Personnes;M;Sexe masculin;65 ans et plus;122138
2005;Y_GE65;LVA;Lettonie;PT;Pourcentage de la population;M;Sexe masculin;65 ans et plus;11,892
2005;Y_GE65;LVA;Lettonie;PS;Personnes;F;Sexe feminin;65 ans et plus;254402
2005;Y_GE65;LVA;Lettonie;PT;Pourcentage de la population;F;Sexe feminin;65 ans et plus;20,995
2005;Y15T64;LVA;Lettonie;PS;Personnes;F;Sexe feminin;De 15 a 64 ans;795949
2005;Y15T64;LVA;Lettonie;PT;Pourcentage de la population;F;Sexe feminin;De 15 a 64 ans;65,688
2005;Y_LT15;LVA;Lettonie;PS;Personnes;_T;Total;Moins de 15 ans;330178,0765
2005;Y_LT15;LVA;Lettonie;PT;Pourcentage de la population;_T;Total;Moins de 15 ans;14,748
2005;Y_LT15;LVA;Lettonie;PS;Personnes;F;Sexe feminin;Moins de 15 ans;161364,0866
2005;Y_LT15;LVA;Lettonie;PT;Pourcentage de la population;F;Sexe feminin;Moins de 15 ans;13,317
2005;Y_LT15;LVA;Lettonie;PS;Personnes;M;Sexe masculin;Moins de 15 ans;168801,2554
2005;Y_LT15;LVA;Lettonie;PT;Pourcentage de la population;M;Sexe masculin;Moins de 15 ans;16,435
2006;Y15T64;LVA;Lettonie;PS;Personnes;_T;Total;De 15 a 64 ans;1518178
2006;Y15T64;LVA;Lettonie;PT;Pourcentage de la population;_T;Total;De 15 a 64 ans;68,437
2006;Y_GE65;LVA;Lettonie;PS;Personnes;_T;Total;65 ans et plus;381478
2006;Y_GE65;LVA;Lettonie;PT;Pourcentage de la population;_T;Total;65 ans et plus;17,196
2006;Y15T64;LVA;Lettonie;PS;Personnes;M;Sexe masculin;De 15 a 64 ans;730989
2006;Y15T64;LVA;Lettonie;PT;Pourcentage de la population;M;Sexe masculin;De 15 a 64 ans;71,812
2006;Y_GE65;LVA;Lettonie;PS;Personnes;M;Sexe masculin;65 ans et plus;123921
2006;Y_GE65;LVA;Lettonie;PT;Pourcentage de la population;M;Sexe masculin;65 ans et plus;12,174
2006;Y_GE65;LVA;Lettonie;PS;Personnes;F;Sexe feminin;65 ans et plus;257557
2006;Y_GE65;LVA;Lettonie;PT;Pourcentage de la population;F;Sexe feminin;65 ans et plus;21,455
2006;Y15T64;LVA;Lettonie;PS;Personnes;F;Sexe feminin;De 15 a 64 ans;787189
2006;Y15T64;LVA;Lettonie;PT;Pourcentage de la population;F;Sexe feminin;De 15 a 64 ans;65,576
2006;Y_LT15;LVA;Lettonie;PS;Personnes;_T;Total;Moins de 15 ans;318688,3047
2006;Y_LT15;LVA;Lettonie;PT;Pourcentage de la population;_T;Total;Moins de 15 ans;14,366
2006;Y_LT15;LVA;Lettonie;PS;Personnes;F;Sexe feminin;Moins de 15 ans;155683,637
2006;Y_LT15;LVA;Lettonie;PT;Pourcentage de la population;F;Sexe feminin;Moins de 15 ans;12,969
2006;Y_LT15;LVA;Lettonie;PS;Personnes;M;Sexe masculin;Moins de 15 ans;163010,0291
2006;Y_LT15;LVA;Lettonie;PT;Pourcentage de la population;M;Sexe masculin;Moins de 15 ans;16,014
2007;Y15T64;LVA;Lettonie;PS;Personnes;_T;Total;De 15 a 64 ans;1504936
2007;Y15T64;LVA;Lettonie;PT;Pourcentage de la population;_T;Total;De 15 a 64 ans;68,396
2007;Y_GE65;LVA;Lettonie;PS;Personnes;_T;Total;65 ans et plus;384946
2007;Y_GE65;LVA;Lettonie;PT;Pourcentage de la population;_T;Total;65 ans et plus;17,495
2007;Y15T64;LVA;Lettonie;PS;Personnes;M;Sexe masculin;De 15 a 64 ans;726400
2007;Y15T64;LVA;Lettonie;PT;Pourcentage de la population;M;Sexe masculin;De 15 a 64 ans;71,891
2007;Y_GE65;LVA;Lettonie;PS;Personnes;M;Sexe masculin;65 ans et plus;125208
2007;Y_GE65;LVA;Lettonie;PT;Pourcentage de la population;M;Sexe masculin;65 ans et plus;12,392
2007;Y_GE65;LVA;Lettonie;PS;Personnes;F;Sexe feminin;65 ans et plus;259738
2007;Y_GE65;LVA;Lettonie;PT;Pourcentage de la population;F;Sexe feminin;65 ans et plus;21,828
2007;Y15T64;LVA;Lettonie;PS;Personnes;F;Sexe feminin;De 15 a 64 ans;778536
2007;Y15T64;LVA;Lettonie;PT;Pourcentage de la population;F;Sexe feminin;De 15 a 64 ans;65,428
2007;Y_LT15;LVA;Lettonie;PS;Personnes;_T;Total;Moins de 15 ans;310443,8543
2007;Y_LT15;LVA;Lettonie;PT;Pourcentage de la population;_T;Total;Moins de 15 ans;14,109
2007;Y_LT15;LVA;Lettonie;PS;Personnes;F;Sexe feminin;Moins de 15 ans;151629,9764
2007;Y_LT15;LVA;Lettonie;PT;Pourcentage de la population;F;Sexe feminin;Moins de 15 ans;12,743
2007;Y_LT15;LVA;Lettonie;PS;Personnes;M;Sexe masculin;Moins de 15 ans;158807,2399
2007;Y_LT15;LVA;Lettonie;PT;Pourcentage de la population;M;Sexe masculin;Moins de 15 ans;15,717
2008;Y15T64;LVA;Lettonie;PS;Personnes;_T;Total;De 15 a 64 ans;1485923
2008;Y15T64;LVA;Lettonie;PT;Pourcentage de la population;_T;Total;De 15 a 64 ans;68,245
2008;Y_GE65;LVA;Lettonie;PS;Personnes;_T;Total;65 ans et plus;385572
2008;Y_GE65;LVA;Lettonie;PT;Pourcentage de la population;_T;Total;65 ans et plus;17,709
2008;Y15T64;LVA;Lettonie;PS;Personnes;M;Sexe masculin;De 15 a 64 ans;718022
2008;Y15T64;LVA;Lettonie;PT;Pourcentage de la population;M;Sexe masculin;De 15 a 64 ans;71,813
2008;Y_GE65;LVA;Lettonie;PS;Personnes;M;Sexe masculin;65 ans et plus;125305
2008;Y_GE65;LVA;Lettonie;PT;Pourcentage de la population;M;Sexe masculin;65 ans et plus;12,532
2008;Y_GE65;LVA;Lettonie;PS;Personnes;F;Sexe feminin;65 ans et plus;260267
2008;Y_GE65;LVA;Lettonie;PT;Pourcentage de la population;F;Sexe feminin;65 ans et plus;22,104
2008;Y15T64;LVA;Lettonie;PS;Personnes;F;Sexe feminin;De 15 a 64 ans;767901
2008;Y15T64;LVA;Lettonie;PT;Pourcentage de la population;F;Sexe feminin;De 15 a 64 ans;65,216
2008;Y_LT15;LVA;Lettonie;PS;Personnes;_T;Total;Moins de 15 ans;305826,929
2008;Y_LT15;LVA;Lettonie;PT;Pourcentage de la population;_T;Total;Moins de 15 ans;14,046
2008;Y_LT15;LVA;Lettonie;PS;Personnes;F;Sexe feminin;Moins de 15 ans;149303,9568
2008;Y_LT15;LVA;Lettonie;PT;Pourcentage de la population;F;Sexe feminin;Moins de 15 ans;12,68
2008;Y_LT15;LVA;Lettonie;PS;Personnes;M;Sexe masculin;Moins de 15 ans;156516,2059
2008;Y_LT15;LVA;Lettonie;PT;Pourcentage de la population;M;Sexe masculin;Moins de 15 ans;15,654
2009;Y15T64;LVA;Lettonie;PS;Personnes;_T;Total;De 15 a 64 ans;1454408
2009;Y15T64;LVA;Lettonie;PT;Pourcentage de la population;_T;Total;De 15 a 64 ans;67,91
2009;Y_GE65;LVA;Lettonie;PS;Personnes;_T;Total;65 ans et plus;384821
2009;Y_GE65;LVA;Lettonie;PT;Pourcentage de la population;_T;Total;65 ans et plus;17,968
2009;Y15T64;LVA;Lettonie;PS;Personnes;M;Sexe masculin;De 15 a 64 ans;702118
2009;Y15T64;LVA;Lettonie;PT;Pourcentage de la population;M;Sexe masculin;De 15 a 64 ans;71,514
2009;Y_GE65;LVA;Lettonie;PS;Personnes;M;Sexe masculin;65 ans et plus;124857
2009;Y_GE65;LVA;Lettonie;PT;Pourcentage de la population;M;Sexe masculin;65 ans et plus;12,717
2009;Y_GE65;LVA;Lettonie;PS;Personnes;F;Sexe feminin;65 ans et plus;259964
2009;Y_GE65;LVA;Lettonie;PT;Pourcentage de la population;F;Sexe feminin;65 ans et plus;22,413
2009;Y15T64;LVA;Lettonie;PS;Personnes;F;Sexe feminin;De 15 a 64 ans;752290
2009;Y15T64;LVA;Lettonie;PT;Pourcentage de la population;F;Sexe feminin;De 15 a 64 ans;64,859
2009;Y_LT15;LVA;Lettonie;PS;Personnes;_T;Total;Moins de 15 ans;302446,355
2009;Y_LT15;LVA;Lettonie;PT;Pourcentage de la population;_T;Total;Moins de 15 ans;14,122
2009;Y_LT15;LVA;Lettonie;PS;Personnes;F;Sexe feminin;Moins de 15 ans;147629,3991
2009;Y_LT15;LVA;Lettonie;PT;Pourcentage de la population;F;Sexe feminin;Moins de 15 ans;12,728
2009;Y_LT15;LVA;Lettonie;PS;Personnes;M;Sexe masculin;Moins de 15 ans;154818,3074
2009;Y_LT15;LVA;Lettonie;PT;Pourcentage de la population;M;Sexe masculin;Moins de 15 ans;15,769
2010;Y15T64;LVA;Lettonie;PS;Personnes;_T;Total;De 15 a 64 ans;1417478
2010;Y15T64;LVA;Lettonie;PT;Pourcentage de la population;_T;Total;De 15 a 64 ans;67,578
2010;Y_GE65;LVA;Lettonie;PS;Personnes;_T;Total;65 ans et plus;382658
2010;Y_GE65;LVA;Lettonie;PT;Pourcentage de la population;_T;Total;65 ans et plus;18,243
2010;Y15T64;LVA;Lettonie;PS;Personnes;M;Sexe masculin;De 15 a 64 ans;683372
2010;Y15T64;LVA;Lettonie;PT;Pourcentage de la population;M;Sexe masculin;De 15 a 64 ans;71,227
2010;Y_GE65;LVA;Lettonie;PS;Personnes;M;Sexe masculin;65 ans et plus;123863
2010;Y_GE65;LVA;Lettonie;PT;Pourcentage de la population;M;Sexe masculin;65 ans et plus;12,91
2010;Y_GE65;LVA;Lettonie;PS;Personnes;F;Sexe feminin;65 ans et plus;258795
2010;Y_GE65;LVA;Lettonie;PT;Pourcentage de la population;F;Sexe feminin;65 ans et plus;22,739
2010;Y15T64;LVA;Lettonie;PS;Personnes;F;Sexe feminin;De 15 a 64 ans;734106
2010;Y15T64;LVA;Lettonie;PT;Pourcentage de la population;F;Sexe feminin;De 15 a 64 ans;64,502
2010;Y_LT15;LVA;Lettonie;PS;Personnes;_T;Total;Moins de 15 ans;297412,0399
2010;Y_LT15;LVA;Lettonie;PT;Pourcentage de la population;_T;Total;Moins de 15 ans;14,179
2010;Y_LT15;LVA;Lettonie;PS;Personnes;F;Sexe feminin;Moins de 15 ans;145212,6032
2010;Y_LT15;LVA;Lettonie;PT;Pourcentage de la population;F;Sexe feminin;Moins de 15 ans;12,759
2010;Y_LT15;LVA;Lettonie;PS;Personnes;M;Sexe masculin;Moins de 15 ans;152195,0154
2010;Y_LT15;LVA;Lettonie;PT;Pourcentage de la population;M;Sexe masculin;Moins de 15 ans;15,863
2011;Y15T64;LVA;Lettonie;PS;Personnes;_T;Total;De 15 a 64 ans;1386015
2011;Y15T64;LVA;Lettonie;PT;Pourcentage de la population;_T;Total;De 15 a 64 ans;67,292
2011;Y_GE65;LVA;Lettonie;PS;Personnes;_T;Total;65 ans et plus;380341
2011;Y_GE65;LVA;Lettonie;PT;Pourcentage de la population;_T;Total;65 ans et plus;18,466
2011;Y15T64;LVA;Lettonie;PS;Personnes;M;Sexe masculin;De 15 a 64 ans;668344
2011;Y15T64;LVA;Lettonie;PT;Pourcentage de la population;M;Sexe masculin;De 15 a 64 ans;70,997
2011;Y_GE65;LVA;Lettonie;PS;Personnes;M;Sexe masculin;65 ans et plus;122853
2011;Y_GE65;LVA;Lettonie;PT;Pourcentage de la population;M;Sexe masculin;65 ans et plus;13,05
2011;Y_GE65;LVA;Lettonie;PS;Personnes;F;Sexe feminin;65 ans et plus;257488
2011;Y_GE65;LVA;Lettonie;PT;Pourcentage de la population;F;Sexe feminin;65 ans et plus;23,024
2011;Y15T64;LVA;Lettonie;PS;Personnes;F;Sexe feminin;De 15 a 64 ans;717671
2011;Y15T64;LVA;Lettonie;PT;Pourcentage de la population;F;Sexe feminin;De 15 a 64 ans;64,173
2011;Y_LT15;LVA;Lettonie;PS;Personnes;_T;Total;Moins de 15 ans;293343,8982
2011;Y_LT15;LVA;Lettonie;PT;Pourcentage de la population;_T;Total;Moins de 15 ans;14,242
2011;Y_LT15;LVA;Lettonie;PS;Personnes;F;Sexe feminin;Moins de 15 ans;143180,5581
2011;Y_LT15;LVA;Lettonie;PT;Pourcentage de la population;F;Sexe feminin;Moins de 15 ans;12,803
2011;Y_LT15;LVA;Lettonie;PS;Personnes;M;Sexe masculin;Moins de 15 ans;150177,3942
2011;Y_LT15;LVA;Lettonie;PT;Pourcentage de la population;M;Sexe masculin;Moins de 15 ans;15,953
2012;Y15T64;LVA;Lettonie;PS;Personnes;_T;Total;De 15 a 64 ans;1362420
2012;Y15T64;LVA;Lettonie;PT;Pourcentage de la population;_T;Total;De 15 a 64 ans;66,972
2012;Y_GE65;LVA;Lettonie;PS;Personnes;_T;Total;65 ans et plus;379663
2012;Y_GE65;LVA;Lettonie;PT;Pourcentage de la population;_T;Total;65 ans et plus;18,663
2012;Y15T64;LVA;Lettonie;PS;Personnes;M;Sexe masculin;De 15 a 64 ans;658237
2012;Y15T64;LVA;Lettonie;PT;Pourcentage de la population;M;Sexe masculin;De 15 a 64 ans;70,725
2012;Y_GE65;LVA;Lettonie;PS;Personnes;M;Sexe masculin;65 ans et plus;122708
2012;Y_GE65;LVA;Lettonie;PT;Pourcentage de la population;M;Sexe masculin;65 ans et plus;13,185
2012;Y_GE65;LVA;Lettonie;PS;Personnes;F;Sexe feminin;65 ans et plus;256955
2012;Y_GE65;LVA;Lettonie;PT;Pourcentage de la population;F;Sexe feminin;65 ans et plus;23,283
2012;Y15T64;LVA;Lettonie;PS;Personnes;F;Sexe feminin;De 15 a 64 ans;704183
2012;Y15T64;LVA;Lettonie;PT;Pourcentage de la population;F;Sexe feminin;De 15 a 64 ans;63,806
2012;Y_LT15;LVA;Lettonie;PS;Personnes;_T;Total;Moins de 15 ans;292250,9858
2012;Y_LT15;LVA;Lettonie;PT;Pourcentage de la population;_T;Total;Moins de 15 ans;14,366
2012;Y_LT15;LVA;Lettonie;PS;Personnes;F;Sexe feminin;Moins de 15 ans;142489,282
2012;Y_LT15;LVA;Lettonie;PT;Pourcentage de la population;F;Sexe feminin;Moins de 15 ans;12,911
2012;Y_LT15;LVA;Lettonie;PS;Personnes;M;Sexe masculin;Moins de 15 ans;149749,1473
2012;Y_LT15;LVA;Lettonie;PT;Pourcentage de la population;M;Sexe masculin;Moins de 15 ans;16,09
2013;Y15T64;LVA;Lettonie;PS;Personnes;_T;Total;De 15 a 64 ans;1338599
2013;Y15T64;LVA;Lettonie;PT;Pourcentage de la population;_T;Total;De 15 a 64 ans;66,509
2013;Y_GE65;LVA;Lettonie;PS;Personnes;_T;Total;65 ans et plus;380697
2013;Y_GE65;LVA;Lettonie;PT;Pourcentage de la population;_T;Total;65 ans et plus;18,915
2013;Y15T64;LVA;Lettonie;PS;Personnes;M;Sexe masculin;De 15 a 64 ans;647939
2013;Y15T64;LVA;Lettonie;PT;Pourcentage de la population;M;Sexe masculin;De 15 a 64 ans;70,29
2013;Y_GE65;LVA;Lettonie;PS;Personnes;M;Sexe masculin;65 ans et plus;123501
2013;Y_GE65;LVA;Lettonie;PT;Pourcentage de la population;M;Sexe masculin;65 ans et plus;13,398
2013;Y_GE65;LVA;Lettonie;PS;Personnes;F;Sexe feminin;65 ans et plus;257196
2013;Y_GE65;LVA;Lettonie;PT;Pourcentage de la population;F;Sexe feminin;65 ans et plus;23,578
2013;Y15T64;LVA;Lettonie;PS;Personnes;F;Sexe feminin;De 15 a 64 ans;690660
2013;Y15T64;LVA;Lettonie;PT;Pourcentage de la population;F;Sexe feminin;De 15 a 64 ans;63,315
2013;Y_LT15;LVA;Lettonie;PS;Personnes;_T;Total;Moins de 15 ans;293343,3003
2013;Y_LT15;LVA;Lettonie;PT;Pourcentage de la population;_T;Total;Moins de 15 ans;14,575
2013;Y_LT15;LVA;Lettonie;PS;Personnes;F;Sexe feminin;Moins de 15 ans;142976,0056
2013;Y_LT15;LVA;Lettonie;PT;Pourcentage de la population;F;Sexe feminin;Moins de 15 ans;13,107
2013;Y_LT15;LVA;Lettonie;PS;Personnes;M;Sexe masculin;Moins de 15 ans;150365,6472
2013;Y_LT15;LVA;Lettonie;PT;Pourcentage de la population;M;Sexe masculin;Moins de 15 ans;16,312
2014;Y15T64;LVA;Lettonie;PS;Personnes;_T;Total;De 15 a 64 ans;1314385
2014;Y15T64;LVA;Lettonie;PT;Pourcentage de la population;_T;Total;De 15 a 64 ans;65,924
2014;Y_GE65;LVA;Lettonie;PS;Personnes;_T;Total;65 ans et plus;383348
2014;Y_GE65;LVA;Lettonie;PT;Pourcentage de la population;_T;Total;65 ans et plus;19,227
2014;Y15T64;LVA;Lettonie;PS;Personnes;M;Sexe masculin;De 15 a 64 ans;637567
2014;Y15T64;LVA;Lettonie;PT;Pourcentage de la population;M;Sexe masculin;De 15 a 64 ans;69,746
2014;Y_GE65;LVA;Lettonie;PS;Personnes;M;Sexe masculin;65 ans et plus;124738
2014;Y_GE65;LVA;Lettonie;PT;Pourcentage de la population;M;Sexe masculin;65 ans et plus;13,646
2014;Y_GE65;LVA;Lettonie;PS;Personnes;F;Sexe feminin;65 ans et plus;258610
2014;Y_GE65;LVA;Lettonie;PT;Pourcentage de la population;F;Sexe feminin;65 ans et plus;23,953
2014;Y15T64;LVA;Lettonie;PS;Personnes;F;Sexe feminin;De 15 a 64 ans;676818
2014;Y15T64;LVA;Lettonie;PT;Pourcentage de la population;F;Sexe feminin;De 15 a 64 ans;62,688
2014;Y_LT15;LVA;Lettonie;PS;Personnes;_T;Total;Moins de 15 ans;296057,1347
2014;Y_LT15;LVA;Lettonie;PT;Pourcentage de la population;_T;Total;Moins de 15 ans;14,849
2014;Y_LT15;LVA;Lettonie;PS;Personnes;F;Sexe feminin;Moins de 15 ans;144230,9779
2014;Y_LT15;LVA;Lettonie;PT;Pourcentage de la population;F;Sexe feminin;Moins de 15 ans;13,359
2014;Y_LT15;LVA;Lettonie;PS;Personnes;M;Sexe masculin;Moins de 15 ans;151828,0178
2014;Y_LT15;LVA;Lettonie;PT;Pourcentage de la population;M;Sexe masculin;Moins de 15 ans;16,609
2015;Y15T64;LVA;Lettonie;PS;Personnes;_T;Total;De 15 a 64 ans;1292707
2015;Y15T64;LVA;Lettonie;PT;Pourcentage de la population;_T;Total;De 15 a 64 ans;65,37
2015;Y_GE65;LVA;Lettonie;PS;Personnes;_T;Total;65 ans et plus;385827
2015;Y_GE65;LVA;Lettonie;PT;Pourcentage de la population;_T;Total;65 ans et plus;19,511
2015;Y15T64;LVA;Lettonie;PS;Personnes;M;Sexe masculin;De 15 a 64 ans;628252
2015;Y15T64;LVA;Lettonie;PT;Pourcentage de la population;M;Sexe masculin;De 15 a 64 ans;69,21
2015;Y_GE65;LVA;Lettonie;PS;Personnes;M;Sexe masculin;65 ans et plus;125926
2015;Y_GE65;LVA;Lettonie;PT;Pourcentage de la population;M;Sexe masculin;65 ans et plus;13,872
2015;Y_GE65;LVA;Lettonie;PS;Personnes;F;Sexe feminin;65 ans et plus;259901
2015;Y_GE65;LVA;Lettonie;PT;Pourcentage de la population;F;Sexe feminin;65 ans et plus;24,295
2015;Y15T64;LVA;Lettonie;PS;Personnes;F;Sexe feminin;De 15 a 64 ans;664455
2015;Y15T64;LVA;Lettonie;PT;Pourcentage de la population;F;Sexe feminin;De 15 a 64 ans;62,112
2015;Y_LT15;LVA;Lettonie;PS;Personnes;_T;Total;Moins de 15 ans;298981,7024
2015;Y_LT15;LVA;Lettonie;PT;Pourcentage de la population;_T;Total;Moins de 15 ans;15,119
2015;Y_LT15;LVA;Lettonie;PS;Personnes;F;Sexe feminin;Moins de 15 ans;145414,5158
2015;Y_LT15;LVA;Lettonie;PT;Pourcentage de la population;F;Sexe feminin;Moins de 15 ans;13,593
2015;Y_LT15;LVA;Lettonie;PS;Personnes;M;Sexe masculin;Moins de 15 ans;153572,8066
2015;Y_LT15;LVA;Lettonie;PT;Pourcentage de la population;M;Sexe masculin;Moins de 15 ans;16,918
2016;Y15T64;LVA;Lettonie;PS;Personnes;_T;Total;De 15 a 64 ans;1270365
2016;Y15T64;LVA;Lettonie;PT;Pourcentage de la population;_T;Total;De 15 a 64 ans;64,83
2016;Y_GE65;LVA;Lettonie;PS;Personnes;_T;Total;65 ans et plus;387246
2016;Y_GE65;LVA;Lettonie;PT;Pourcentage de la population;_T;Total;65 ans et plus;19,762
2016;Y15T64;LVA;Lettonie;PS;Personnes;M;Sexe masculin;De 15 a 64 ans;617762
2016;Y15T64;LVA;Lettonie;PT;Pourcentage de la population;M;Sexe masculin;De 15 a 64 ans;68,641
2016;Y_GE65;LVA;Lettonie;PS;Personnes;M;Sexe masculin;65 ans et plus;126867
2016;Y_GE65;LVA;Lettonie;PT;Pourcentage de la population;M;Sexe masculin;65 ans et plus;14,096
2016;Y_GE65;LVA;Lettonie;PS;Personnes;F;Sexe feminin;65 ans et plus;260379
2016;Y_GE65;LVA;Lettonie;PT;Pourcentage de la population;F;Sexe feminin;65 ans et plus;24,575
2016;Y15T64;LVA;Lettonie;PS;Personnes;F;Sexe feminin;De 15 a 64 ans;652603
2016;Y15T64;LVA;Lettonie;PT;Pourcentage de la population;F;Sexe feminin;De 15 a 64 ans;61,593
2016;Y_LT15;LVA;Lettonie;PS;Personnes;_T;Total;Moins de 15 ans;301925,1528
2016;Y_LT15;LVA;Lettonie;PT;Pourcentage de la population;_T;Total;Moins de 15 ans;15,408
2016;Y_LT15;LVA;Lettonie;PS;Personnes;F;Sexe feminin;Moins de 15 ans;146566,7215
2016;Y_LT15;LVA;Lettonie;PT;Pourcentage de la population;F;Sexe feminin;Moins de 15 ans;13,833
2016;Y_LT15;LVA;Lettonie;PS;Personnes;M;Sexe masculin;Moins de 15 ans;155365,4463
2016;Y_LT15;LVA;Lettonie;PT;Pourcentage de la population;M;Sexe masculin;Moins de 15 ans;17,263
2017;Y15T64;LVA;Lettonie;PS;Personnes;_T;Total;De 15 a 64 ans;1249424
2017;Y15T64;LVA;Lettonie;PT;Pourcentage de la population;_T;Total;De 15 a 64 ans;64,329
2017;Y_GE65;LVA;Lettonie;PS;Personnes;_T;Total;65 ans et plus;388381
2017;Y_GE65;LVA;Lettonie;PT;Pourcentage de la population;_T;Total;65 ans et plus;19,996
2017;Y15T64;LVA;Lettonie;PS;Personnes;M;Sexe masculin;De 15 a 64 ans;608237
2017;Y15T64;LVA;Lettonie;PT;Pourcentage de la population;M;Sexe masculin;De 15 a 64 ans;68,137
2017;Y_GE65;LVA;Lettonie;PS;Personnes;M;Sexe masculin;65 ans et plus;127565
2017;Y_GE65;LVA;Lettonie;PT;Pourcentage de la population;M;Sexe masculin;65 ans et plus;14,29
2017;Y_GE65;LVA;Lettonie;PS;Personnes;F;Sexe feminin;65 ans et plus;260816
2017;Y_GE65;LVA;Lettonie;PT;Pourcentage de la population;F;Sexe feminin;65 ans et plus;24,849
2017;Y15T64;LVA;Lettonie;PS;Personnes;F;Sexe feminin;De 15 a 64 ans;641187
2017;Y15T64;LVA;Lettonie;PT;Pourcentage de la population;F;Sexe feminin;De 15 a 64 ans;61,09
2017;Y_LT15;LVA;Lettonie;PS;Personnes;_T;Total;Moins de 15 ans;304447,2173
2017;Y_LT15;LVA;Lettonie;PT;Pourcentage de la population;_T;Total;Moins de 15 ans;15,675
2017;Y_LT15;LVA;Lettonie;PS;Personnes;F;Sexe feminin;Moins de 15 ans;147582,1469
2017;Y_LT15;LVA;Lettonie;PT;Pourcentage de la population;F;Sexe feminin;Moins de 15 ans;14,061
2017;Y_LT15;LVA;Lettonie;PS;Personnes;M;Sexe masculin;Moins de 15 ans;156858,5666
2017;Y_LT15;LVA;Lettonie;PT;Pourcentage de la population;M;Sexe masculin;Moins de 15 ans;17,572
2018;Y15T64;LVA;Lettonie;PS;Personnes;_T;Total;De 15 a 64 ans;1233068
2018;Y15T64;LVA;Lettonie;PT;Pourcentage de la population;_T;Total;De 15 a 64 ans;63,983
2018;Y_GE65;LVA;Lettonie;PS;Personnes;_T;Total;65 ans et plus;388917
2018;Y_GE65;LVA;Lettonie;PT;Pourcentage de la population;_T;Total;65 ans et plus;20,181
2018;Y15T64;LVA;Lettonie;PS;Personnes;M;Sexe masculin;De 15 a 64 ans;601837
2018;Y15T64;LVA;Lettonie;PT;Pourcentage de la population;M;Sexe masculin;De 15 a 64 ans;67,83
2018;Y_GE65;LVA;Lettonie;PS;Personnes;M;Sexe masculin;65 ans et plus;128114
2018;Y_GE65;LVA;Lettonie;PT;Pourcentage de la population;M;Sexe masculin;65 ans et plus;14,439
2018;Y_GE65;LVA;Lettonie;PS;Personnes;F;Sexe feminin;65 ans et plus;260803
2018;Y_GE65;LVA;Lettonie;PT;Pourcentage de la population;F;Sexe feminin;65 ans et plus;25,08
2018;Y15T64;LVA;Lettonie;PS;Personnes;F;Sexe feminin;De 15 a 64 ans;631231
2018;Y15T64;LVA;Lettonie;PT;Pourcentage de la population;F;Sexe feminin;De 15 a 64 ans;60,701
2018;Y_LT15;LVA;Lettonie;PS;Personnes;_T;Total;Moins de 15 ans;305186,6412
2018;Y_LT15;LVA;Lettonie;PT;Pourcentage de la population;_T;Total;Moins de 15 ans;15,836
2018;Y_LT15;LVA;Lettonie;PS;Personnes;F;Sexe feminin;Moins de 15 ans;147863,0966
2018;Y_LT15;LVA;Lettonie;PT;Pourcentage de la population;F;Sexe feminin;Moins de 15 ans;14,219
2018;Y_LT15;LVA;Lettonie;PS;Personnes;M;Sexe masculin;Moins de 15 ans;157322,1983
2018;Y_LT15;LVA;Lettonie;PT;Pourcentage de la population;M;Sexe masculin;Moins de 15 ans;17,731
2019;Y15T64;LVA;Lettonie;PS;Personnes;_T;Total;De 15 a 64 ans;1218495
2019;Y15T64;LVA;Lettonie;PT;Pourcentage de la population;_T;Total;De 15 a 64 ans;63,668
2019;Y_GE65;LVA;Lettonie;PS;Personnes;_T;Total;65 ans et plus;390195
2019;Y_GE65;LVA;Lettonie;PT;Pourcentage de la population;_T;Total;65 ans et plus;20,388
2019;Y15T64;LVA;Lettonie;PS;Personnes;M;Sexe masculin;De 15 a 64 ans;596632
2019;Y15T64;LVA;Lettonie;PT;Pourcentage de la population;M;Sexe masculin;De 15 a 64 ans;67,574
2019;Y_GE65;LVA;Lettonie;PS;Personnes;M;Sexe masculin;65 ans et plus;129022
2019;Y_GE65;LVA;Lettonie;PT;Pourcentage de la population;M;Sexe masculin;65 ans et plus;14,613
2019;Y_GE65;LVA;Lettonie;PS;Personnes;F;Sexe feminin;65 ans et plus;261173
2019;Y_GE65;LVA;Lettonie;PT;Pourcentage de la population;F;Sexe feminin;65 ans et plus;25,335
2019;Y15T64;LVA;Lettonie;PS;Personnes;F;Sexe feminin;De 15 a 64 ans;621863
2019;Y15T64;LVA;Lettonie;PT;Pourcentage de la population;F;Sexe feminin;De 15 a 64 ans;60,323
2019;Y_LT15;LVA;Lettonie;PS;Personnes;_T;Total;Moins de 15 ans;305140,4174
2019;Y_LT15;LVA;Lettonie;PT;Pourcentage de la population;_T;Total;Moins de 15 ans;15,944
2019;Y_LT15;LVA;Lettonie;PS;Personnes;F;Sexe feminin;Moins de 15 ans;147860,8396
2019;Y_LT15;LVA;Lettonie;PT;Pourcentage de la population;F;Sexe feminin;Moins de 15 ans;14,343
2019;Y_LT15;LVA;Lettonie;PS;Personnes;M;Sexe masculin;Moins de 15 ans;157277,0334
2019;Y_LT15;LVA;Lettonie;PT;Pourcentage de la population;M;Sexe masculin;Moins de 15 ans;17,813
2020;Y15T64;LVA;Lettonie;PS;Personnes;_T;Total;De 15 a 64 ans;1203809
2020;Y15T64;LVA;Lettonie;PT;Pourcentage de la population;_T;Total;De 15 a 64 ans;63,343
2020;Y_GE65;LVA;Lettonie;PS;Personnes;_T;Total;65 ans et plus;392555
2020;Y_GE65;LVA;Lettonie;PT;Pourcentage de la population;_T;Total;65 ans et plus;20,656
2020;Y15T64;LVA;Lettonie;PS;Personnes;M;Sexe masculin;De 15 a 64 ans;590961
2020;Y15T64;LVA;Lettonie;PT;Pourcentage de la population;M;Sexe masculin;De 15 a 64 ans;67,301
2020;Y_GE65;LVA;Lettonie;PS;Personnes;M;Sexe masculin;65 ans et plus;130391
2020;Y_GE65;LVA;Lettonie;PT;Pourcentage de la population;M;Sexe masculin;65 ans et plus;14,849
2020;Y_GE65;LVA;Lettonie;PS;Personnes;F;Sexe feminin;65 ans et plus;262164
2020;Y_GE65;LVA;Lettonie;PT;Pourcentage de la population;F;Sexe feminin;65 ans et plus;25,643
2020;Y15T64;LVA;Lettonie;PS;Personnes;F;Sexe feminin;De 15 a 64 ans;612848
2020;Y15T64;LVA;Lettonie;PT;Pourcentage de la population;F;Sexe feminin;De 15 a 64 ans;59,944
2020;Y_LT15;LVA;Lettonie;PS;Personnes;_T;Total;Moins de 15 ans;304090,6845
2020;Y_LT15;LVA;Lettonie;PT;Pourcentage de la population;_T;Total;Moins de 15 ans;16,001
2020;Y_LT15;LVA;Lettonie;PS;Personnes;F;Sexe feminin;Moins de 15 ans;147352,7468
2020;Y_LT15;LVA;Lettonie;PT;Pourcentage de la population;F;Sexe feminin;Moins de 15 ans;14,413
2020;Y_LT15;LVA;Lettonie;PS;Personnes;M;Sexe masculin;Moins de 15 ans;156738,708
2020;Y_LT15;LVA;Lettonie;PT;Pourcentage de la population;M;Sexe masculin;Moins de 15 ans;17,85
2021;Y15T64;LVA;Lettonie;PS;Personnes;_T;Total;De 15 a 64 ans;1190344
2021;Y15T64;LVA;Lettonie;PT;Pourcentage de la population;_T;Total;De 15 a 64 ans;63,165
2021;Y_GE65;LVA;Lettonie;PS;Personnes;_T;Total;65 ans et plus;392658
2021;Y_GE65;LVA;Lettonie;PT;Pourcentage de la population;_T;Total;65 ans et plus;20,836
2021;Y15T64;LVA;Lettonie;PS;Personnes;M;Sexe masculin;De 15 a 64 ans;585713
2021;Y15T64;LVA;Lettonie;PT;Pourcentage de la population;M;Sexe masculin;De 15 a 64 ans;67,158
2021;Y_GE65;LVA;Lettonie;PS;Personnes;M;Sexe masculin;65 ans et plus;130969
2021;Y_GE65;LVA;Lettonie;PT;Pourcentage de la population;M;Sexe masculin;65 ans et plus;15,017
2021;Y_GE65;LVA;Lettonie;PS;Personnes;F;Sexe feminin;65 ans et plus;261689
2021;Y_GE65;LVA;Lettonie;PT;Pourcentage de la population;F;Sexe feminin;65 ans et plus;25,85
2021;Y15T64;LVA;Lettonie;PS;Personnes;F;Sexe feminin;De 15 a 64 ans;604631
2021;Y15T64;LVA;Lettonie;PT;Pourcentage de la population;F;Sexe feminin;De 15 a 64 ans;59,726
2021;Y_LT15;LVA;Lettonie;PS;Personnes;_T;Total;Moins de 15 ans;301480,3902
2021;Y_LT15;LVA;Lettonie;PT;Pourcentage de la population;_T;Total;Moins de 15 ans;15,998
2021;Y_LT15;LVA;Lettonie;PS;Personnes;F;Sexe feminin;Moins de 15 ans;146031,0548
2021;Y_LT15;LVA;Lettonie;PT;Pourcentage de la population;F;Sexe feminin;Moins de 15 ans;14,425
2021;Y_LT15;LVA;Lettonie;PS;Personnes;M;Sexe masculin;Moins de 15 ans;155459,1333
2021;Y_LT15;LVA;Lettonie;PT;Pourcentage de la population;M;Sexe masculin;Moins de 15 ans;17,825
2022;Y15T64;LVA;Lettonie;PS;Personnes;_T;Total;De 15 a 64 ans;1185872
2022;Y15T64;LVA;Lettonie;PT;Pourcentage de la population;_T;Total;De 15 a 64 ans;63,099
2022;Y_GE65;LVA;Lettonie;PS;Personnes;_T;Total;65 ans et plus;393268
2022;Y_GE65;LVA;Lettonie;PT;Pourcentage de la population;_T;Total;65 ans et plus;20,925
2022;Y15T64;LVA;Lettonie;PS;Personnes;M;Sexe masculin;De 15 a 64 ans;584014
2022;Y15T64;LVA;Lettonie;PT;Pourcentage de la population;M;Sexe masculin;De 15 a 64 ans;67,075
2022;Y_GE65;LVA;Lettonie;PS;Personnes;M;Sexe masculin;65 ans et plus;131824
2022;Y_GE65;LVA;Lettonie;PT;Pourcentage de la population;M;Sexe masculin;65 ans et plus;15,14
2022;Y_GE65;LVA;Lettonie;PS;Personnes;F;Sexe feminin;65 ans et plus;261444
2022;Y_GE65;LVA;Lettonie;PT;Pourcentage de la population;F;Sexe feminin;65 ans et plus;25,919
2022;Y15T64;LVA;Lettonie;PS;Personnes;F;Sexe feminin;De 15 a 64 ans;601858
2022;Y15T64;LVA;Lettonie;PT;Pourcentage de la population;F;Sexe feminin;De 15 a 64 ans;59,667
2022;Y_LT15;LVA;Lettonie;PS;Personnes;_T;Total;Moins de 15 ans;300229,9965
2022;Y_LT15;LVA;Lettonie;PT;Pourcentage de la population;_T;Total;Moins de 15 ans;15,975
2022;Y_LT15;LVA;Lettonie;PS;Personnes;F;Sexe feminin;Moins de 15 ans;145382,0573
2022;Y_LT15;LVA;Lettonie;PT;Pourcentage de la population;F;Sexe feminin;Moins de 15 ans;14,413
2022;Y_LT15;LVA;Lettonie;PS;Personnes;M;Sexe masculin;Moins de 15 ans;154851,683
2022;Y_LT15;LVA;Lettonie;PT;Pourcentage de la population;M;Sexe masculin;Moins de 15 ans;17,785
2023;Y_GE65;LVA;Lettonie;PS;Personnes;F;Sexe feminin;65 ans et plus;264289
2023;Y_GE65;LVA;Lettonie;PT;Pourcentage de la population;F;Sexe feminin;65 ans et plus;26,115
2023;Y15T64;LVA;Lettonie;PS;Personnes;F;Sexe feminin;De 15 a 64 ans;605045
2023;Y15T64;LVA;Lettonie;PT;Pourcentage de la population;F;Sexe feminin;De 15 a 64 ans;59,785
2023;Y15T64;LVA;Lettonie;PS;Personnes;M;Sexe masculin;De 15 a 64 ans;585256
2023;Y15T64;LVA;Lettonie;PT;Pourcentage de la population;M;Sexe masculin;De 15 a 64 ans;67,141
2023;Y_GE65;LVA;Lettonie;PS;Personnes;M;Sexe masculin;65 ans et plus;135373
2023;Y_GE65;LVA;Lettonie;PT;Pourcentage de la population;M;Sexe masculin;65 ans et plus;15,53
2023;Y_GE65;LVA;Lettonie;PS;Personnes;_T;Total;65 ans et plus;399662
2023;Y_GE65;LVA;Lettonie;PT;Pourcentage de la population;_T;Total;65 ans et plus;21,217
2023;Y15T64;LVA;Lettonie;PS;Personnes;_T;Total;De 15 a 64 ans;1190301
2023;Y15T64;LVA;Lettonie;PT;Pourcentage de la population;_T;Total;De 15 a 64 ans;63,189
2023;Y_LT15;LVA;Lettonie;PS;Personnes;_T;Total;Moins de 15 ans;293745,4255
2023;Y_LT15;LVA;Lettonie;PT;Pourcentage de la population;_T;Total;Moins de 15 ans;15,594
2023;Y_LT15;LVA;Lettonie;PS;Personnes;F;Sexe feminin;Moins de 15 ans;142696,512
2023;Y_LT15;LVA;Lettonie;PT;Pourcentage de la population;F;Sexe feminin;Moins de 15 ans;14,1
2023;Y_LT15;LVA;Lettonie;PS;Personnes;M;Sexe masculin;Moins de 15 ans;151044,0173
2023;Y_LT15;LVA;Lettonie;PT;Pourcentage de la population;M;Sexe masculin;Moins de 15 ans;17,328
2024;Y_GE65;LVA;Lettonie;PS;Personnes;F;Sexe feminin;65 ans et plus;266332
2024;Y_GE65;LVA;Lettonie;PT;Pourcentage de la population;F;Sexe feminin;65 ans et plus;26,588
2024;Y15T64;LVA;Lettonie;PS;Personnes;F;Sexe feminin;De 15 a 64 ans;596981
2024;Y15T64;LVA;Lettonie;PT;Pourcentage de la population;F;Sexe feminin;De 15 a 64 ans;59,597
2024;Y15T64;LVA;Lettonie;PS;Personnes;M;Sexe masculin;De 15 a 64 ans;579733
2024;Y15T64;LVA;Lettonie;PT;Pourcentage de la population;M;Sexe masculin;De 15 a 64 ans;67,065
2024;Y_GE65;LVA;Lettonie;PS;Personnes;M;Sexe masculin;65 ans et plus;138106
2024;Y_GE65;LVA;Lettonie;PT;Pourcentage de la population;M;Sexe masculin;65 ans et plus;15,977
2024;Y_GE65;LVA;Lettonie;PS;Personnes;_T;Total;65 ans et plus;404438
2024;Y_GE65;LVA;Lettonie;PT;Pourcentage de la population;_T;Total;65 ans et plus;21,673
2024;Y15T64;LVA;Lettonie;PS;Personnes;_T;Total;De 15 a 64 ans;1176714
2024;Y15T64;LVA;Lettonie;PT;Pourcentage de la population;_T;Total;De 15 a 64 ans;63,057
2024;Y_LT15;LVA;Lettonie;PS;Personnes;_T;Total;Moins de 15 ans;284975,796
2024;Y_LT15;LVA;Lettonie;PT;Pourcentage de la population;_T;Total;Moins de 15 ans;15,271
2024;Y_LT15;LVA;Lettonie;PS;Personnes;F;Sexe feminin;Moins de 15 ans;138384,0261
2024;Y_LT15;LVA;Lettonie;PT;Pourcentage de la population;F;Sexe feminin;Moins de 15 ans;13,815
2024;Y_LT15;LVA;Lettonie;PS;Personnes;M;Sexe masculin;Moins de 15 ans;146590,0394
2024;Y_LT15;LVA;Lettonie;PT;Pourcentage de la population;M;Sexe masculin;Moins de 15 ans;16,958
2002;Y15T64;NLD;Pays-Bas;PS;Personnes;_T;Total;De 15 a 64 ans;10935171
2002;Y15T64;NLD;Pays-Bas;PT;Pourcentage de la population;_T;Total;De 15 a 64 ans;67,715
2002;Y_GE65;NLD;Pays-Bas;PS;Personnes;_T;Total;65 ans et plus;2209583
2002;Y_GE65;NLD;Pays-Bas;PT;Pourcentage de la population;_T;Total;65 ans et plus;13,683
2002;Y15T64;NLD;Pays-Bas;PS;Personnes;M;Sexe masculin;De 15 a 64 ans;5540730
2002;Y15T64;NLD;Pays-Bas;PT;Pourcentage de la population;M;Sexe masculin;De 15 a 64 ans;69,314
2002;Y_GE65;NLD;Pays-Bas;PS;Personnes;M;Sexe masculin;65 ans et plus;916042
2002;Y_GE65;NLD;Pays-Bas;PT;Pourcentage de la population;M;Sexe masculin;65 ans et plus;11,46
2002;Y_GE65;NLD;Pays-Bas;PS;Personnes;F;Sexe feminin;65 ans et plus;1293541
2002;Y_GE65;NLD;Pays-Bas;PT;Pourcentage de la population;F;Sexe feminin;65 ans et plus;15,862
2002;Y15T64;NLD;Pays-Bas;PS;Personnes;F;Sexe feminin;De 15 a 64 ans;5394441
2002;Y15T64;NLD;Pays-Bas;PT;Pourcentage de la population;F;Sexe feminin;De 15 a 64 ans;66,147
2002;Y_LT15;NLD;Pays-Bas;PS;Personnes;_T;Total;Moins de 15 ans;3004183,774
2002;Y_LT15;NLD;Pays-Bas;PT;Pourcentage de la population;_T;Total;Moins de 15 ans;18,603
2002;Y_LT15;NLD;Pays-Bas;PS;Personnes;F;Sexe feminin;Moins de 15 ans;1467202,572
2002;Y_LT15;NLD;Pays-Bas;PT;Pourcentage de la population;F;Sexe feminin;Moins de 15 ans;17,991
2002;Y_LT15;NLD;Pays-Bas;PS;Personnes;M;Sexe masculin;Moins de 15 ans;1536952,16
2002;Y_LT15;NLD;Pays-Bas;PT;Pourcentage de la population;M;Sexe masculin;Moins de 15 ans;19,227
2003;Y15T64;NLD;Pays-Bas;PS;Personnes;_T;Total;De 15 a 64 ans;10976602
2003;Y15T64;NLD;Pays-Bas;PT;Pourcentage de la population;_T;Total;De 15 a 64 ans;67,651
2003;Y_GE65;NLD;Pays-Bas;PS;Personnes;_T;Total;65 ans et plus;2235803
2003;Y_GE65;NLD;Pays-Bas;PT;Pourcentage de la population;_T;Total;65 ans et plus;13,78
2003;Y15T64;NLD;Pays-Bas;PS;Personnes;M;Sexe masculin;De 15 a 64 ans;5556490
2003;Y15T64;NLD;Pays-Bas;PT;Pourcentage de la population;M;Sexe masculin;De 15 a 64 ans;69,191
2003;Y_GE65;NLD;Pays-Bas;PS;Personnes;M;Sexe masculin;65 ans et plus;932775
2003;Y_GE65;NLD;Pays-Bas;PT;Pourcentage de la population;M;Sexe masculin;65 ans et plus;11,615
2003;Y_GE65;NLD;Pays-Bas;PS;Personnes;F;Sexe feminin;65 ans et plus;1303028
2003;Y_GE65;NLD;Pays-Bas;PT;Pourcentage de la population;F;Sexe feminin;65 ans et plus;15,901
2003;Y15T64;NLD;Pays-Bas;PS;Personnes;F;Sexe feminin;De 15 a 64 ans;5420112
2003;Y15T64;NLD;Pays-Bas;PT;Pourcentage de la population;F;Sexe feminin;De 15 a 64 ans;66,142
2003;Y_LT15;NLD;Pays-Bas;PS;Personnes;_T;Total;Moins de 15 ans;3012876,514
2003;Y_LT15;NLD;Pays-Bas;PT;Pourcentage de la population;_T;Total;Moins de 15 ans;18,569
2003;Y_LT15;NLD;Pays-Bas;PS;Personnes;F;Sexe feminin;Moins de 15 ans;1471506,297
2003;Y_LT15;NLD;Pays-Bas;PT;Pourcentage de la population;F;Sexe feminin;Moins de 15 ans;17,957
2003;Y_LT15;NLD;Pays-Bas;PS;Personnes;M;Sexe masculin;Moins de 15 ans;1541411,022
2003;Y_LT15;NLD;Pays-Bas;PT;Pourcentage de la population;M;Sexe masculin;Moins de 15 ans;19,194
2004;Y15T64;NLD;Pays-Bas;PS;Personnes;_T;Total;De 15 a 64 ans;10999727
2004;Y15T64;NLD;Pays-Bas;PT;Pourcentage de la population;_T;Total;De 15 a 64 ans;67,559
2004;Y_GE65;NLD;Pays-Bas;PS;Personnes;_T;Total;65 ans et plus;2269911
2004;Y_GE65;NLD;Pays-Bas;PT;Pourcentage de la population;_T;Total;65 ans et plus;13,941
2004;Y15T64;NLD;Pays-Bas;PS;Personnes;M;Sexe masculin;De 15 a 64 ans;5561360
2004;Y15T64;NLD;Pays-Bas;PT;Pourcentage de la population;M;Sexe masculin;De 15 a 64 ans;69,034
2004;Y_GE65;NLD;Pays-Bas;PS;Personnes;M;Sexe masculin;65 ans et plus;953387
2004;Y_GE65;NLD;Pays-Bas;PT;Pourcentage de la population;M;Sexe masculin;65 ans et plus;11,835
2004;Y_GE65;NLD;Pays-Bas;PS;Personnes;F;Sexe feminin;65 ans et plus;1316524
2004;Y_GE65;NLD;Pays-Bas;PT;Pourcentage de la population;F;Sexe feminin;65 ans et plus;16,005
2004;Y15T64;NLD;Pays-Bas;PS;Personnes;F;Sexe feminin;De 15 a 64 ans;5438367
2004;Y15T64;NLD;Pays-Bas;PT;Pourcentage de la population;F;Sexe feminin;De 15 a 64 ans;66,113
2004;Y_LT15;NLD;Pays-Bas;PS;Personnes;_T;Total;Moins de 15 ans;3012128,745
2004;Y_LT15;NLD;Pays-Bas;PT;Pourcentage de la population;_T;Total;Moins de 15 ans;18,5
2004;Y_LT15;NLD;Pays-Bas;PS;Personnes;F;Sexe feminin;Moins de 15 ans;1470943,457
2004;Y_LT15;NLD;Pays-Bas;PT;Pourcentage de la population;F;Sexe feminin;Moins de 15 ans;17,882
2004;Y_LT15;NLD;Pays-Bas;PS;Personnes;M;Sexe masculin;Moins de 15 ans;1541182,647
2004;Y_LT15;NLD;Pays-Bas;PT;Pourcentage de la population;M;Sexe masculin;Moins de 15 ans;19,131
2005;Y15T64;NLD;Pays-Bas;PS;Personnes;_T;Total;De 15 a 64 ans;11013726
2005;Y15T64;NLD;Pays-Bas;PT;Pourcentage de la population;_T;Total;De 15 a 64 ans;67,487
2005;Y_GE65;NLD;Pays-Bas;PS;Personnes;_T;Total;65 ans et plus;2309564
2005;Y_GE65;NLD;Pays-Bas;PT;Pourcentage de la population;_T;Total;65 ans et plus;14,152
2005;Y15T64;NLD;Pays-Bas;PS;Personnes;M;Sexe masculin;De 15 a 64 ans;5562012
2005;Y15T64;NLD;Pays-Bas;PT;Pourcentage de la population;M;Sexe masculin;De 15 a 64 ans;68,908
2005;Y_GE65;NLD;Pays-Bas;PS;Personnes;M;Sexe masculin;65 ans et plus;976614
2005;Y_GE65;NLD;Pays-Bas;PT;Pourcentage de la population;M;Sexe masculin;65 ans et plus;12,099
2005;Y_GE65;NLD;Pays-Bas;PS;Personnes;F;Sexe feminin;65 ans et plus;1332950
2005;Y_GE65;NLD;Pays-Bas;PT;Pourcentage de la population;F;Sexe feminin;65 ans et plus;16,161
2005;Y15T64;NLD;Pays-Bas;PS;Personnes;F;Sexe feminin;De 15 a 64 ans;5451714
2005;Y15T64;NLD;Pays-Bas;PT;Pourcentage de la population;F;Sexe feminin;De 15 a 64 ans;66,096
2005;Y_LT15;NLD;Pays-Bas;PS;Personnes;_T;Total;Moins de 15 ans;2996654,713
2005;Y_LT15;NLD;Pays-Bas;PT;Pourcentage de la population;_T;Total;Moins de 15 ans;18,362
2005;Y_LT15;NLD;Pays-Bas;PS;Personnes;F;Sexe feminin;Moins de 15 ans;1463474,223
2005;Y_LT15;NLD;Pays-Bas;PT;Pourcentage de la population;F;Sexe feminin;Moins de 15 ans;17,743
2005;Y_LT15;NLD;Pays-Bas;PS;Personnes;M;Sexe masculin;Moins de 15 ans;1533056,651
2005;Y_LT15;NLD;Pays-Bas;PT;Pourcentage de la population;M;Sexe masculin;Moins de 15 ans;18,993
2006;Y15T64;NLD;Pays-Bas;PS;Personnes;_T;Total;De 15 a 64 ans;11025091
2006;Y15T64;NLD;Pays-Bas;PT;Pourcentage de la population;_T;Total;De 15 a 64 ans;67,448
2006;Y_GE65;NLD;Pays-Bas;PS;Personnes;_T;Total;65 ans et plus;2349405
2006;Y_GE65;NLD;Pays-Bas;PT;Pourcentage de la population;_T;Total;65 ans et plus;14,373
2006;Y15T64;NLD;Pays-Bas;PS;Personnes;M;Sexe masculin;De 15 a 64 ans;5562306
2006;Y15T64;NLD;Pays-Bas;PT;Pourcentage de la population;M;Sexe masculin;De 15 a 64 ans;68,815
2006;Y_GE65;NLD;Pays-Bas;PS;Personnes;M;Sexe masculin;65 ans et plus;1000414
2006;Y_GE65;NLD;Pays-Bas;PT;Pourcentage de la population;M;Sexe masculin;65 ans et plus;12,377
2006;Y_GE65;NLD;Pays-Bas;PS;Personnes;F;Sexe feminin;65 ans et plus;1348991
2006;Y_GE65;NLD;Pays-Bas;PT;Pourcentage de la population;F;Sexe feminin;65 ans et plus;16,325
2006;Y15T64;NLD;Pays-Bas;PS;Personnes;F;Sexe feminin;De 15 a 64 ans;5462785
2006;Y15T64;NLD;Pays-Bas;PT;Pourcentage de la population;F;Sexe feminin;De 15 a 64 ans;66,11
2006;Y_LT15;NLD;Pays-Bas;PS;Personnes;_T;Total;Moins de 15 ans;2971556,792
2006;Y_LT15;NLD;Pays-Bas;PT;Pourcentage de la population;_T;Total;Moins de 15 ans;18,179
2006;Y_LT15;NLD;Pays-Bas;PS;Personnes;F;Sexe feminin;Moins de 15 ans;1451337,91
2006;Y_LT15;NLD;Pays-Bas;PT;Pourcentage de la population;F;Sexe feminin;Moins de 15 ans;17,564
2006;Y_LT15;NLD;Pays-Bas;PS;Personnes;M;Sexe masculin;Moins de 15 ans;1520242,364
2006;Y_LT15;NLD;Pays-Bas;PT;Pourcentage de la population;M;Sexe masculin;Moins de 15 ans;18,808
2007;Y15T64;NLD;Pays-Bas;PS;Personnes;_T;Total;De 15 a 64 ans;11042937
2007;Y15T64;NLD;Pays-Bas;PT;Pourcentage de la population;_T;Total;De 15 a 64 ans;67,41
2007;Y_GE65;NLD;Pays-Bas;PS;Personnes;_T;Total;65 ans et plus;2391587
2007;Y_GE65;NLD;Pays-Bas;PT;Pourcentage de la population;_T;Total;65 ans et plus;14,599
2007;Y15T64;NLD;Pays-Bas;PS;Personnes;M;Sexe masculin;De 15 a 64 ans;5567123
2007;Y15T64;NLD;Pays-Bas;PT;Pourcentage de la population;M;Sexe masculin;De 15 a 64 ans;68,727
2007;Y_GE65;NLD;Pays-Bas;PS;Personnes;M;Sexe masculin;65 ans et plus;1025508
2007;Y_GE65;NLD;Pays-Bas;PT;Pourcentage de la population;M;Sexe masculin;65 ans et plus;12,66
2007;Y_GE65;NLD;Pays-Bas;PS;Personnes;F;Sexe feminin;65 ans et plus;1366079
2007;Y_GE65;NLD;Pays-Bas;PT;Pourcentage de la population;F;Sexe feminin;65 ans et plus;16,496
2007;Y15T64;NLD;Pays-Bas;PS;Personnes;F;Sexe feminin;De 15 a 64 ans;5475814
2007;Y15T64;NLD;Pays-Bas;PT;Pourcentage de la population;F;Sexe feminin;De 15 a 64 ans;66,122
2007;Y_LT15;NLD;Pays-Bas;PS;Personnes;_T;Total;Moins de 15 ans;2947230,927
2007;Y_LT15;NLD;Pays-Bas;PT;Pourcentage de la population;_T;Total;Moins de 15 ans;17,991
2007;Y_LT15;NLD;Pays-Bas;PS;Personnes;F;Sexe feminin;Moins de 15 ans;1439473,296
2007;Y_LT15;NLD;Pays-Bas;PT;Pourcentage de la population;F;Sexe feminin;Moins de 15 ans;17,382
2007;Y_LT15;NLD;Pays-Bas;PS;Personnes;M;Sexe masculin;Moins de 15 ans;1507626,719
2007;Y_LT15;NLD;Pays-Bas;PT;Pourcentage de la population;M;Sexe masculin;Moins de 15 ans;18,612
2008;Y15T64;NLD;Pays-Bas;PS;Personnes;_T;Total;De 15 a 64 ans;11072882
2008;Y15T64;NLD;Pays-Bas;PT;Pourcentage de la population;_T;Total;De 15 a 64 ans;67,33
2008;Y_GE65;NLD;Pays-Bas;PS;Personnes;_T;Total;65 ans et plus;2443319
2008;Y_GE65;NLD;Pays-Bas;PT;Pourcentage de la population;_T;Total;65 ans et plus;14,857
2008;Y15T64;NLD;Pays-Bas;PS;Personnes;M;Sexe masculin;De 15 a 64 ans;5580155
2008;Y15T64;NLD;Pays-Bas;PT;Pourcentage de la population;M;Sexe masculin;De 15 a 64 ans;68,601
2008;Y_GE65;NLD;Pays-Bas;PS;Personnes;M;Sexe masculin;65 ans et plus;1055455
2008;Y_GE65;NLD;Pays-Bas;PT;Pourcentage de la population;M;Sexe masculin;65 ans et plus;12,975
2008;Y_GE65;NLD;Pays-Bas;PS;Personnes;F;Sexe feminin;65 ans et plus;1387864
2008;Y_GE65;NLD;Pays-Bas;PT;Pourcentage de la population;F;Sexe feminin;65 ans et plus;16,698
2008;Y15T64;NLD;Pays-Bas;PS;Personnes;F;Sexe feminin;De 15 a 64 ans;5492727
2008;Y15T64;NLD;Pays-Bas;PT;Pourcentage de la population;F;Sexe feminin;De 15 a 64 ans;66,087
2008;Y_LT15;NLD;Pays-Bas;PS;Personnes;_T;Total;Moins de 15 ans;2929452,947
2008;Y_LT15;NLD;Pays-Bas;PT;Pourcentage de la population;_T;Total;Moins de 15 ans;17,813
2008;Y_LT15;NLD;Pays-Bas;PS;Personnes;F;Sexe feminin;Moins de 15 ans;1430800,624
2008;Y_LT15;NLD;Pays-Bas;PT;Pourcentage de la population;F;Sexe feminin;Moins de 15 ans;17,215
2008;Y_LT15;NLD;Pays-Bas;PS;Personnes;M;Sexe masculin;Moins de 15 ans;1498650,535
2008;Y_LT15;NLD;Pays-Bas;PT;Pourcentage de la population;M;Sexe masculin;Moins de 15 ans;18,424
2009;Y15T64;NLD;Pays-Bas;PS;Personnes;_T;Total;De 15 a 64 ans;11107333
2009;Y15T64;NLD;Pays-Bas;PT;Pourcentage de la population;_T;Total;De 15 a 64 ans;67,193
2009;Y_GE65;NLD;Pays-Bas;PS;Personnes;_T;Total;65 ans et plus;2505070
2009;Y_GE65;NLD;Pays-Bas;PT;Pourcentage de la population;_T;Total;65 ans et plus;15,154
2009;Y15T64;NLD;Pays-Bas;PS;Personnes;M;Sexe masculin;De 15 a 64 ans;5596661
2009;Y15T64;NLD;Pays-Bas;PT;Pourcentage de la population;M;Sexe masculin;De 15 a 64 ans;68,419
2009;Y_GE65;NLD;Pays-Bas;PS;Personnes;M;Sexe masculin;65 ans et plus;1090300
2009;Y_GE65;NLD;Pays-Bas;PT;Pourcentage de la population;M;Sexe masculin;65 ans et plus;13,329
2009;Y_GE65;NLD;Pays-Bas;PS;Personnes;F;Sexe feminin;65 ans et plus;1414770
2009;Y_GE65;NLD;Pays-Bas;PT;Pourcentage de la population;F;Sexe feminin;65 ans et plus;16,942
2009;Y15T64;NLD;Pays-Bas;PS;Personnes;F;Sexe feminin;De 15 a 64 ans;5510672
2009;Y15T64;NLD;Pays-Bas;PT;Pourcentage de la population;F;Sexe feminin;De 15 a 64 ans;65,992
2009;Y_LT15;NLD;Pays-Bas;PS;Personnes;_T;Total;Moins de 15 ans;2917943,913
2009;Y_LT15;NLD;Pays-Bas;PT;Pourcentage de la population;_T;Total;Moins de 15 ans;17,652
2009;Y_LT15;NLD;Pays-Bas;PS;Personnes;F;Sexe feminin;Moins de 15 ans;1425004,634
2009;Y_LT15;NLD;Pays-Bas;PT;Pourcentage de la population;F;Sexe feminin;Moins de 15 ans;17,065
2009;Y_LT15;NLD;Pays-Bas;PS;Personnes;M;Sexe masculin;Moins de 15 ans;1493001,736
2009;Y_LT15;NLD;Pays-Bas;PT;Pourcentage de la population;M;Sexe masculin;Moins de 15 ans;18,252
2010;Y15T64;NLD;Pays-Bas;PS;Personnes;_T;Total;De 15 a 64 ans;11138762
2010;Y15T64;NLD;Pays-Bas;PT;Pourcentage de la population;_T;Total;De 15 a 64 ans;67,039
2010;Y_GE65;NLD;Pays-Bas;PS;Personnes;_T;Total;65 ans et plus;2566634
2010;Y_GE65;NLD;Pays-Bas;PT;Pourcentage de la population;_T;Total;65 ans et plus;15,447
2010;Y15T64;NLD;Pays-Bas;PS;Personnes;M;Sexe masculin;De 15 a 64 ans;5610073
2010;Y15T64;NLD;Pays-Bas;PT;Pourcentage de la population;M;Sexe masculin;De 15 a 64 ans;68,22
2010;Y_GE65;NLD;Pays-Bas;PS;Personnes;M;Sexe masculin;65 ans et plus;1124669
2010;Y_GE65;NLD;Pays-Bas;PT;Pourcentage de la population;M;Sexe masculin;65 ans et plus;13,676
2010;Y_GE65;NLD;Pays-Bas;PS;Personnes;F;Sexe feminin;65 ans et plus;1441965
2010;Y_GE65;NLD;Pays-Bas;PT;Pourcentage de la population;F;Sexe feminin;65 ans et plus;17,183
2010;Y15T64;NLD;Pays-Bas;PS;Personnes;F;Sexe feminin;De 15 a 64 ans;5528689
2010;Y15T64;NLD;Pays-Bas;PT;Pourcentage de la population;F;Sexe feminin;De 15 a 64 ans;65,881
2010;Y_LT15;NLD;Pays-Bas;PS;Personnes;_T;Total;Moins de 15 ans;2910019,405
2010;Y_LT15;NLD;Pays-Bas;PT;Pourcentage de la population;_T;Total;Moins de 15 ans;17,514
2010;Y_LT15;NLD;Pays-Bas;PS;Personnes;F;Sexe feminin;Moins de 15 ans;1421254,047
2010;Y_LT15;NLD;Pays-Bas;PT;Pourcentage de la population;F;Sexe feminin;Moins de 15 ans;16,936
2010;Y_LT15;NLD;Pays-Bas;PS;Personnes;M;Sexe masculin;Moins de 15 ans;1488696,403
2010;Y_LT15;NLD;Pays-Bas;PT;Pourcentage de la population;M;Sexe masculin;Moins de 15 ans;18,103
2011;Y15T64;NLD;Pays-Bas;PS;Personnes;_T;Total;De 15 a 64 ans;11135547
2011;Y15T64;NLD;Pays-Bas;PT;Pourcentage de la population;_T;Total;De 15 a 64 ans;66,708
2011;Y_GE65;NLD;Pays-Bas;PS;Personnes;_T;Total;65 ans et plus;2655660
2011;Y_GE65;NLD;Pays-Bas;PT;Pourcentage de la population;_T;Total;65 ans et plus;15,909
2011;Y15T64;NLD;Pays-Bas;PS;Personnes;M;Sexe masculin;De 15 a 64 ans;5605542
2011;Y15T64;NLD;Pays-Bas;PT;Pourcentage de la population;M;Sexe masculin;De 15 a 64 ans;67,838
2011;Y_GE65;NLD;Pays-Bas;PS;Personnes;M;Sexe masculin;65 ans et plus;1173270
2011;Y_GE65;NLD;Pays-Bas;PT;Pourcentage de la population;M;Sexe masculin;65 ans et plus;14,199
2011;Y_GE65;NLD;Pays-Bas;PS;Personnes;F;Sexe feminin;65 ans et plus;1482390
2011;Y_GE65;NLD;Pays-Bas;PT;Pourcentage de la population;F;Sexe feminin;65 ans et plus;17,585
2011;Y15T64;NLD;Pays-Bas;PS;Personnes;F;Sexe feminin;De 15 a 64 ans;5530005
2011;Y15T64;NLD;Pays-Bas;PT;Pourcentage de la population;F;Sexe feminin;De 15 a 64 ans;65,6
2011;Y_LT15;NLD;Pays-Bas;PS;Personnes;_T;Total;Moins de 15 ans;2901923,984
2011;Y_LT15;NLD;Pays-Bas;PT;Pourcentage de la population;_T;Total;Moins de 15 ans;17,384
2011;Y_LT15;NLD;Pays-Bas;PS;Personnes;F;Sexe feminin;Moins de 15 ans;1417487,181
2011;Y_LT15;NLD;Pays-Bas;PT;Pourcentage de la population;F;Sexe feminin;Moins de 15 ans;16,815
2011;Y_LT15;NLD;Pays-Bas;PS;Personnes;M;Sexe masculin;Moins de 15 ans;1484397,116
2011;Y_LT15;NLD;Pays-Bas;PT;Pourcentage de la population;M;Sexe masculin;Moins de 15 ans;17,964
2012;Y15T64;NLD;Pays-Bas;PS;Personnes;_T;Total;De 15 a 64 ans;11097313
2012;Y15T64;NLD;Pays-Bas;PT;Pourcentage de la population;_T;Total;De 15 a 64 ans;66,233
2012;Y_GE65;NLD;Pays-Bas;PS;Personnes;_T;Total;65 ans et plus;2770360
2012;Y_GE65;NLD;Pays-Bas;PT;Pourcentage de la population;_T;Total;65 ans et plus;16,535
2012;Y15T64;NLD;Pays-Bas;PS;Personnes;M;Sexe masculin;De 15 a 64 ans;5583374
2012;Y15T64;NLD;Pays-Bas;PT;Pourcentage de la population;M;Sexe masculin;De 15 a 64 ans;67,309
2012;Y_GE65;NLD;Pays-Bas;PS;Personnes;M;Sexe masculin;65 ans et plus;1234693
2012;Y_GE65;NLD;Pays-Bas;PT;Pourcentage de la population;M;Sexe masculin;65 ans et plus;14,885
2012;Y_GE65;NLD;Pays-Bas;PS;Personnes;F;Sexe feminin;65 ans et plus;1535667
2012;Y_GE65;NLD;Pays-Bas;PT;Pourcentage de la population;F;Sexe feminin;65 ans et plus;18,152
2012;Y15T64;NLD;Pays-Bas;PS;Personnes;F;Sexe feminin;De 15 a 64 ans;5513939
2012;Y15T64;NLD;Pays-Bas;PT;Pourcentage de la population;F;Sexe feminin;De 15 a 64 ans;65,178
2012;Y_LT15;NLD;Pays-Bas;PS;Personnes;_T;Total;Moins de 15 ans;2887215,224
2012;Y_LT15;NLD;Pays-Bas;PT;Pourcentage de la population;_T;Total;Moins de 15 ans;17,232
2012;Y_LT15;NLD;Pays-Bas;PS;Personnes;F;Sexe feminin;Moins de 15 ans;1410257,995
2012;Y_LT15;NLD;Pays-Bas;PT;Pourcentage de la population;F;Sexe feminin;Moins de 15 ans;16,67
2012;Y_LT15;NLD;Pays-Bas;PS;Personnes;M;Sexe masculin;Moins de 15 ans;1477026,752
2012;Y_LT15;NLD;Pays-Bas;PT;Pourcentage de la population;M;Sexe masculin;Moins de 15 ans;17,806
2013;Y15T64;NLD;Pays-Bas;PS;Personnes;_T;Total;De 15 a 64 ans;11068751
2013;Y15T64;NLD;Pays-Bas;PT;Pourcentage de la population;_T;Total;De 15 a 64 ans;65,868
2013;Y_GE65;NLD;Pays-Bas;PS;Personnes;_T;Total;65 ans et plus;2871681
2013;Y_GE65;NLD;Pays-Bas;PT;Pourcentage de la population;_T;Total;65 ans et plus;17,089
2013;Y15T64;NLD;Pays-Bas;PS;Personnes;M;Sexe masculin;De 15 a 64 ans;5566069
2013;Y15T64;NLD;Pays-Bas;PT;Pourcentage de la population;M;Sexe masculin;De 15 a 64 ans;66,893
2013;Y_GE65;NLD;Pays-Bas;PS;Personnes;M;Sexe masculin;65 ans et plus;1289206
2013;Y_GE65;NLD;Pays-Bas;PT;Pourcentage de la population;M;Sexe masculin;65 ans et plus;15,494
2013;Y_GE65;NLD;Pays-Bas;PS;Personnes;F;Sexe feminin;65 ans et plus;1582475
2013;Y_GE65;NLD;Pays-Bas;PT;Pourcentage de la population;F;Sexe feminin;65 ans et plus;18,653
2013;Y15T64;NLD;Pays-Bas;PS;Personnes;F;Sexe feminin;De 15 a 64 ans;5502682
2013;Y15T64;NLD;Pays-Bas;PT;Pourcentage de la population;F;Sexe feminin;De 15 a 64 ans;64,863
2013;Y_LT15;NLD;Pays-Bas;PS;Personnes;_T;Total;Moins de 15 ans;2863979,005
2013;Y_LT15;NLD;Pays-Bas;PT;Pourcentage de la population;_T;Total;Moins de 15 ans;17,043
2013;Y_LT15;NLD;Pays-Bas;PS;Personnes;F;Sexe feminin;Moins de 15 ans;1398431,349
2013;Y_LT15;NLD;Pays-Bas;PT;Pourcentage de la population;F;Sexe feminin;Moins de 15 ans;16,484
2013;Y_LT15;NLD;Pays-Bas;PS;Personnes;M;Sexe masculin;Moins de 15 ans;1465553,424
2013;Y_LT15;NLD;Pays-Bas;PT;Pourcentage de la population;M;Sexe masculin;Moins de 15 ans;17,613
2014;Y15T64;NLD;Pays-Bas;PS;Personnes;_T;Total;De 15 a 64 ans;11063085
2014;Y15T64;NLD;Pays-Bas;PT;Pourcentage de la population;_T;Total;De 15 a 64 ans;65,598
2014;Y_GE65;NLD;Pays-Bas;PS;Personnes;_T;Total;65 ans et plus;2963354
2014;Y_GE65;NLD;Pays-Bas;PT;Pourcentage de la population;_T;Total;65 ans et plus;17,571
2014;Y15T64;NLD;Pays-Bas;PS;Personnes;M;Sexe masculin;De 15 a 64 ans;5562088
2014;Y15T64;NLD;Pays-Bas;PT;Pourcentage de la population;M;Sexe masculin;De 15 a 64 ans;66,583
2014;Y_GE65;NLD;Pays-Bas;PS;Personnes;M;Sexe masculin;65 ans et plus;1338980
2014;Y_GE65;NLD;Pays-Bas;PT;Pourcentage de la population;M;Sexe masculin;65 ans et plus;16,029
2014;Y_GE65;NLD;Pays-Bas;PS;Personnes;F;Sexe feminin;65 ans et plus;1624374
2014;Y_GE65;NLD;Pays-Bas;PT;Pourcentage de la population;F;Sexe feminin;65 ans et plus;19,085
2014;Y15T64;NLD;Pays-Bas;PS;Personnes;F;Sexe feminin;De 15 a 64 ans;5500997
2014;Y15T64;NLD;Pays-Bas;PT;Pourcentage de la population;F;Sexe feminin;De 15 a 64 ans;64,631
2014;Y_LT15;NLD;Pays-Bas;PS;Personnes;_T;Total;Moins de 15 ans;2838549,496
2014;Y_LT15;NLD;Pays-Bas;PT;Pourcentage de la population;_T;Total;Moins de 15 ans;16,831
2014;Y_LT15;NLD;Pays-Bas;PS;Personnes;F;Sexe feminin;Moins de 15 ans;1385994,259
2014;Y_LT15;NLD;Pays-Bas;PT;Pourcentage de la population;F;Sexe feminin;Moins de 15 ans;16,284
2014;Y_LT15;NLD;Pays-Bas;PS;Personnes;M;Sexe masculin;Moins de 15 ans;1452527,619
2014;Y_LT15;NLD;Pays-Bas;PT;Pourcentage de la population;M;Sexe masculin;Moins de 15 ans;17,388
2015;Y15T64;NLD;Pays-Bas;PS;Personnes;_T;Total;De 15 a 64 ans;11080006
2015;Y15T64;NLD;Pays-Bas;PT;Pourcentage de la population;_T;Total;De 15 a 64 ans;65,408
2015;Y_GE65;NLD;Pays-Bas;PS;Personnes;_T;Total;65 ans et plus;3046498
2015;Y_GE65;NLD;Pays-Bas;PT;Pourcentage de la population;_T;Total;65 ans et plus;17,984
2015;Y15T64;NLD;Pays-Bas;PS;Personnes;M;Sexe masculin;De 15 a 64 ans;5570854
2015;Y15T64;NLD;Pays-Bas;PT;Pourcentage de la population;M;Sexe masculin;De 15 a 64 ans;66,359
2015;Y_GE65;NLD;Pays-Bas;PS;Personnes;M;Sexe masculin;65 ans et plus;1384377
2015;Y_GE65;NLD;Pays-Bas;PT;Pourcentage de la population;M;Sexe masculin;65 ans et plus;16,49
2015;Y_GE65;NLD;Pays-Bas;PS;Personnes;F;Sexe feminin;65 ans et plus;1662121
2015;Y_GE65;NLD;Pays-Bas;PT;Pourcentage de la population;F;Sexe feminin;65 ans et plus;19,452
2015;Y15T64;NLD;Pays-Bas;PS;Personnes;F;Sexe feminin;De 15 a 64 ans;5509152
2015;Y15T64;NLD;Pays-Bas;PT;Pourcentage de la population;F;Sexe feminin;De 15 a 64 ans;64,473
2015;Y_LT15;NLD;Pays-Bas;PS;Personnes;_T;Total;Moins de 15 ans;2813382,744
2015;Y_LT15;NLD;Pays-Bas;PT;Pourcentage de la population;_T;Total;Moins de 15 ans;16,608
2015;Y_LT15;NLD;Pays-Bas;PS;Personnes;F;Sexe feminin;Moins de 15 ans;1373681,821
2015;Y_LT15;NLD;Pays-Bas;PT;Pourcentage de la population;F;Sexe feminin;Moins de 15 ans;16,076
2015;Y_LT15;NLD;Pays-Bas;PS;Personnes;M;Sexe masculin;Moins de 15 ans;1439742,843
2015;Y_LT15;NLD;Pays-Bas;PT;Pourcentage de la population;M;Sexe masculin;Moins de 15 ans;17,15
2016;Y15T64;NLD;Pays-Bas;PS;Personnes;_T;Total;De 15 a 64 ans;11117063
2016;Y15T64;NLD;Pays-Bas;PT;Pourcentage de la population;_T;Total;De 15 a 64 ans;65,278
2016;Y_GE65;NLD;Pays-Bas;PS;Personnes;_T;Total;65 ans et plus;3122482
2016;Y_GE65;NLD;Pays-Bas;PT;Pourcentage de la population;_T;Total;65 ans et plus;18,335
2016;Y15T64;NLD;Pays-Bas;PS;Personnes;M;Sexe masculin;De 15 a 64 ans;5591208
2016;Y15T64;NLD;Pays-Bas;PT;Pourcentage de la population;M;Sexe masculin;De 15 a 64 ans;66,199
2016;Y_GE65;NLD;Pays-Bas;PS;Personnes;M;Sexe masculin;65 ans et plus;1426071
2016;Y_GE65;NLD;Pays-Bas;PT;Pourcentage de la population;M;Sexe masculin;65 ans et plus;16,884
2016;Y_GE65;NLD;Pays-Bas;PS;Personnes;F;Sexe feminin;65 ans et plus;1696411
2016;Y_GE65;NLD;Pays-Bas;PT;Pourcentage de la population;F;Sexe feminin;65 ans et plus;19,762
2016;Y15T64;NLD;Pays-Bas;PS;Personnes;F;Sexe feminin;De 15 a 64 ans;5525855
2016;Y15T64;NLD;Pays-Bas;PT;Pourcentage de la population;F;Sexe feminin;De 15 a 64 ans;64,372
2016;Y_LT15;NLD;Pays-Bas;PS;Personnes;_T;Total;Moins de 15 ans;2790757,555
2016;Y_LT15;NLD;Pays-Bas;PT;Pourcentage de la population;_T;Total;Moins de 15 ans;16,387
2016;Y_LT15;NLD;Pays-Bas;PS;Personnes;F;Sexe feminin;Moins de 15 ans;1361968,696
2016;Y_LT15;NLD;Pays-Bas;PT;Pourcentage de la population;F;Sexe feminin;Moins de 15 ans;15,866
2016;Y_LT15;NLD;Pays-Bas;PS;Personnes;M;Sexe masculin;Moins de 15 ans;1428829,613
2016;Y_LT15;NLD;Pays-Bas;PT;Pourcentage de la population;M;Sexe masculin;Moins de 15 ans;16,917
2017;Y15T64;NLD;Pays-Bas;PS;Personnes;_T;Total;De 15 a 64 ans;11159716
2017;Y15T64;NLD;Pays-Bas;PT;Pourcentage de la population;_T;Total;De 15 a 64 ans;65,142
2017;Y_GE65;NLD;Pays-Bas;PS;Personnes;_T;Total;65 ans et plus;3199385
2017;Y_GE65;NLD;Pays-Bas;PT;Pourcentage de la population;_T;Total;65 ans et plus;18,676
2017;Y15T64;NLD;Pays-Bas;PS;Personnes;M;Sexe masculin;De 15 a 64 ans;5613157
2017;Y15T64;NLD;Pays-Bas;PT;Pourcentage de la population;M;Sexe masculin;De 15 a 64 ans;66,029
2017;Y_GE65;NLD;Pays-Bas;PS;Personnes;M;Sexe masculin;65 ans et plus;1468105
2017;Y_GE65;NLD;Pays-Bas;PT;Pourcentage de la population;M;Sexe masculin;65 ans et plus;17,27
2017;Y_GE65;NLD;Pays-Bas;PS;Personnes;F;Sexe feminin;65 ans et plus;1731280
2017;Y_GE65;NLD;Pays-Bas;PT;Pourcentage de la population;F;Sexe feminin;65 ans et plus;20,061
2017;Y15T64;NLD;Pays-Bas;PS;Personnes;F;Sexe feminin;De 15 a 64 ans;5546559
2017;Y15T64;NLD;Pays-Bas;PT;Pourcentage de la population;F;Sexe feminin;De 15 a 64 ans;64,269
2017;Y_LT15;NLD;Pays-Bas;PS;Personnes;_T;Total;Moins de 15 ans;2772186,157
2017;Y_LT15;NLD;Pays-Bas;PT;Pourcentage de la population;_T;Total;Moins de 15 ans;16,182
2017;Y_LT15;NLD;Pays-Bas;PS;Personnes;F;Sexe feminin;Moins de 15 ans;1352355,631
2017;Y_LT15;NLD;Pays-Bas;PT;Pourcentage de la population;F;Sexe feminin;Moins de 15 ans;15,67
2017;Y_LT15;NLD;Pays-Bas;PS;Personnes;M;Sexe masculin;Moins de 15 ans;1419849,379
2017;Y_LT15;NLD;Pays-Bas;PT;Pourcentage de la population;M;Sexe masculin;Moins de 15 ans;16,702
2018;Y15T64;NLD;Pays-Bas;PS;Personnes;_T;Total;De 15 a 64 ans;11203843
2018;Y15T64;NLD;Pays-Bas;PT;Pourcentage de la population;_T;Total;De 15 a 64 ans;65,019
2018;Y_GE65;NLD;Pays-Bas;PS;Personnes;_T;Total;65 ans et plus;3276559
2018;Y_GE65;NLD;Pays-Bas;PT;Pourcentage de la population;_T;Total;65 ans et plus;19,015
2018;Y15T64;NLD;Pays-Bas;PS;Personnes;M;Sexe masculin;De 15 a 64 ans;5634813
2018;Y15T64;NLD;Pays-Bas;PT;Pourcentage de la population;M;Sexe masculin;De 15 a 64 ans;65,873
2018;Y_GE65;NLD;Pays-Bas;PS;Personnes;M;Sexe masculin;65 ans et plus;1510021
2018;Y_GE65;NLD;Pays-Bas;PT;Pourcentage de la population;M;Sexe masculin;65 ans et plus;17,653
2018;Y_GE65;NLD;Pays-Bas;PS;Personnes;F;Sexe feminin;65 ans et plus;1766538
2018;Y_GE65;NLD;Pays-Bas;PT;Pourcentage de la population;F;Sexe feminin;65 ans et plus;20,358
2018;Y15T64;NLD;Pays-Bas;PS;Personnes;F;Sexe feminin;De 15 a 64 ans;5569030
2018;Y15T64;NLD;Pays-Bas;PT;Pourcentage de la population;F;Sexe feminin;De 15 a 64 ans;64,177
2018;Y_LT15;NLD;Pays-Bas;PS;Personnes;_T;Total;Moins de 15 ans;2751200,769
2018;Y_LT15;NLD;Pays-Bas;PT;Pourcentage de la population;_T;Total;Moins de 15 ans;15,966
2018;Y_LT15;NLD;Pays-Bas;PS;Personnes;F;Sexe feminin;Moins de 15 ans;1341984,809
2018;Y_LT15;NLD;Pays-Bas;PT;Pourcentage de la population;F;Sexe feminin;Moins de 15 ans;15,465
2018;Y_LT15;NLD;Pays-Bas;PS;Personnes;M;Sexe masculin;Moins de 15 ans;1409196,009
2018;Y_LT15;NLD;Pays-Bas;PT;Pourcentage de la population;M;Sexe masculin;Moins de 15 ans;16,474
2019;Y15T64;NLD;Pays-Bas;PS;Personnes;_T;Total;De 15 a 64 ans;11258636
2019;Y15T64;NLD;Pays-Bas;PT;Pourcentage de la population;_T;Total;De 15 a 64 ans;64,91
2019;Y_GE65;NLD;Pays-Bas;PS;Personnes;_T;Total;65 ans et plus;3353280
2019;Y_GE65;NLD;Pays-Bas;PT;Pourcentage de la population;_T;Total;65 ans et plus;19,333
2019;Y15T64;NLD;Pays-Bas;PS;Personnes;M;Sexe masculin;De 15 a 64 ans;5663358
2019;Y15T64;NLD;Pays-Bas;PT;Pourcentage de la population;M;Sexe masculin;De 15 a 64 ans;65,742
2019;Y_GE65;NLD;Pays-Bas;PS;Personnes;M;Sexe masculin;65 ans et plus;1551132
2019;Y_GE65;NLD;Pays-Bas;PT;Pourcentage de la population;M;Sexe masculin;65 ans et plus;18,006
2019;Y_GE65;NLD;Pays-Bas;PS;Personnes;F;Sexe feminin;65 ans et plus;1802148
2019;Y_GE65;NLD;Pays-Bas;PT;Pourcentage de la population;F;Sexe feminin;65 ans et plus;20,642
2019;Y15T64;NLD;Pays-Bas;PS;Personnes;F;Sexe feminin;De 15 a 64 ans;5595278
2019;Y15T64;NLD;Pays-Bas;PT;Pourcentage de la population;F;Sexe feminin;De 15 a 64 ans;64,09
2019;Y_LT15;NLD;Pays-Bas;PS;Personnes;_T;Total;Moins de 15 ans;2733032,111
2019;Y_LT15;NLD;Pays-Bas;PT;Pourcentage de la population;_T;Total;Moins de 15 ans;15,757
2019;Y_LT15;NLD;Pays-Bas;PS;Personnes;F;Sexe feminin;Moins de 15 ans;1332857,496
2019;Y_LT15;NLD;Pays-Bas;PT;Pourcentage de la population;F;Sexe feminin;Moins de 15 ans;15,267
2019;Y_LT15;NLD;Pays-Bas;PS;Personnes;M;Sexe masculin;Moins de 15 ans;1400038,129
2019;Y_LT15;NLD;Pays-Bas;PT;Pourcentage de la population;M;Sexe masculin;Moins de 15 ans;16,252
2020;Y15T64;NLD;Pays-Bas;PS;Personnes;_T;Total;De 15 a 64 ans;11297540
2020;Y15T64;NLD;Pays-Bas;PT;Pourcentage de la population;_T;Total;De 15 a 64 ans;64,774
2020;Y_GE65;NLD;Pays-Bas;PS;Personnes;_T;Total;65 ans et plus;3425045
2020;Y_GE65;NLD;Pays-Bas;PT;Pourcentage de la population;_T;Total;65 ans et plus;19,637
2020;Y15T64;NLD;Pays-Bas;PS;Personnes;M;Sexe masculin;De 15 a 64 ans;5685607
2020;Y15T64;NLD;Pays-Bas;PT;Pourcentage de la population;M;Sexe masculin;De 15 a 64 ans;65,598
2020;Y_GE65;NLD;Pays-Bas;PS;Personnes;M;Sexe masculin;65 ans et plus;1588513
2020;Y_GE65;NLD;Pays-Bas;PT;Pourcentage de la population;M;Sexe masculin;65 ans et plus;18,328
2020;Y_GE65;NLD;Pays-Bas;PS;Personnes;F;Sexe feminin;65 ans et plus;1836532
2020;Y_GE65;NLD;Pays-Bas;PT;Pourcentage de la population;F;Sexe feminin;65 ans et plus;20,931
2020;Y15T64;NLD;Pays-Bas;PS;Personnes;F;Sexe feminin;De 15 a 64 ans;5611933
2020;Y15T64;NLD;Pays-Bas;PT;Pourcentage de la population;F;Sexe feminin;De 15 a 64 ans;63,959
2020;Y_LT15;NLD;Pays-Bas;PS;Personnes;_T;Total;Moins de 15 ans;2718955,435
2020;Y_LT15;NLD;Pays-Bas;PT;Pourcentage de la population;_T;Total;Moins de 15 ans;15,589
2020;Y_LT15;NLD;Pays-Bas;PS;Personnes;F;Sexe feminin;Moins de 15 ans;1325783,735
2020;Y_LT15;NLD;Pays-Bas;PT;Pourcentage de la population;F;Sexe feminin;Moins de 15 ans;15,11
2020;Y_LT15;NLD;Pays-Bas;PS;Personnes;M;Sexe masculin;Moins de 15 ans;1393179,552
2020;Y_LT15;NLD;Pays-Bas;PT;Pourcentage de la population;M;Sexe masculin;Moins de 15 ans;16,074
2021;Y15T64;NLD;Pays-Bas;PS;Personnes;_T;Total;De 15 a 64 ans;11329457
2021;Y15T64;NLD;Pays-Bas;PT;Pourcentage de la population;_T;Total;De 15 a 64 ans;64,618
2021;Y_GE65;NLD;Pays-Bas;PS;Personnes;_T;Total;65 ans et plus;3491494
2021;Y_GE65;NLD;Pays-Bas;PT;Pourcentage de la population;_T;Total;65 ans et plus;19,914
2021;Y15T64;NLD;Pays-Bas;PS;Personnes;M;Sexe masculin;De 15 a 64 ans;5703911
2021;Y15T64;NLD;Pays-Bas;PT;Pourcentage de la population;M;Sexe masculin;De 15 a 64 ans;65,442
2021;Y_GE65;NLD;Pays-Bas;PS;Personnes;M;Sexe masculin;65 ans et plus;1622439
2021;Y_GE65;NLD;Pays-Bas;PT;Pourcentage de la population;M;Sexe masculin;65 ans et plus;18,614
2021;Y_GE65;NLD;Pays-Bas;PS;Personnes;F;Sexe feminin;65 ans et plus;1869055
2021;Y_GE65;NLD;Pays-Bas;PT;Pourcentage de la population;F;Sexe feminin;65 ans et plus;21,198
2021;Y15T64;NLD;Pays-Bas;PS;Personnes;F;Sexe feminin;De 15 a 64 ans;5625546
2021;Y15T64;NLD;Pays-Bas;PT;Pourcentage de la population;F;Sexe feminin;De 15 a 64 ans;63,803
2021;Y_LT15;NLD;Pays-Bas;PS;Personnes;_T;Total;Moins de 15 ans;2712011,865
2021;Y_LT15;NLD;Pays-Bas;PT;Pourcentage de la population;_T;Total;Moins de 15 ans;15,468
2021;Y_LT15;NLD;Pays-Bas;PS;Personnes;F;Sexe feminin;Moins de 15 ans;1322468,43
2021;Y_LT15;NLD;Pays-Bas;PT;Pourcentage de la population;F;Sexe feminin;Moins de 15 ans;14,999
2021;Y_LT15;NLD;Pays-Bas;PS;Personnes;M;Sexe masculin;Moins de 15 ans;1389679,678
2021;Y_LT15;NLD;Pays-Bas;PT;Pourcentage de la population;M;Sexe masculin;Moins de 15 ans;15,944
2022;Y15T64;NLD;Pays-Bas;PS;Personnes;F;Sexe feminin;De 15 a 64 ans;5672655
2022;Y15T64;NLD;Pays-Bas;PT;Pourcentage de la population;F;Sexe feminin;De 15 a 64 ans;63,716
2022;Y_GE65;NLD;Pays-Bas;PS;Personnes;F;Sexe feminin;65 ans et plus;1904142
2022;Y_GE65;NLD;Pays-Bas;PT;Pourcentage de la population;F;Sexe feminin;65 ans et plus;21,387
2022;Y15T64;NLD;Pays-Bas;PS;Personnes;M;Sexe masculin;De 15 a 64 ans;5745098
2022;Y15T64;NLD;Pays-Bas;PT;Pourcentage de la population;M;Sexe masculin;De 15 a 64 ans;65,301
2022;Y_GE65;NLD;Pays-Bas;PS;Personnes;M;Sexe masculin;65 ans et plus;1659168
2022;Y_GE65;NLD;Pays-Bas;PT;Pourcentage de la population;M;Sexe masculin;65 ans et plus;18,859
2022;Y15T64;NLD;Pays-Bas;PS;Personnes;_T;Total;De 15 a 64 ans;11417753
2022;Y15T64;NLD;Pays-Bas;PT;Pourcentage de la population;_T;Total;De 15 a 64 ans;64,504
2022;Y_GE65;NLD;Pays-Bas;PS;Personnes;_T;Total;65 ans et plus;3563310
2022;Y_GE65;NLD;Pays-Bas;PT;Pourcentage de la population;_T;Total;65 ans et plus;20,131
2022;Y_LT15;NLD;Pays-Bas;PS;Personnes;_T;Total;Moins de 15 ans;2719932,74
2022;Y_LT15;NLD;Pays-Bas;PT;Pourcentage de la population;_T;Total;Moins de 15 ans;15,366
2022;Y_LT15;NLD;Pays-Bas;PS;Personnes;F;Sexe feminin;Moins de 15 ans;1326293,615
2022;Y_LT15;NLD;Pays-Bas;PT;Pourcentage de la population;F;Sexe feminin;Moins de 15 ans;14,897
2022;Y_LT15;NLD;Pays-Bas;PS;Personnes;M;Sexe masculin;Moins de 15 ans;1393585,618
2022;Y_LT15;NLD;Pays-Bas;PT;Pourcentage de la population;M;Sexe masculin;Moins de 15 ans;15,84
2023;Y15T64;NLD;Pays-Bas;PS;Personnes;F;Sexe feminin;De 15 a 64 ans;5723949
2023;Y15T64;NLD;Pays-Bas;PT;Pourcentage de la population;F;Sexe feminin;De 15 a 64 ans;63,659
2023;Y_GE65;NLD;Pays-Bas;PS;Personnes;F;Sexe feminin;65 ans et plus;1940948
2023;Y_GE65;NLD;Pays-Bas;PT;Pourcentage de la population;F;Sexe feminin;65 ans et plus;21,586
2023;Y15T64;NLD;Pays-Bas;PS;Personnes;M;Sexe masculin;De 15 a 64 ans;5793264
2023;Y15T64;NLD;Pays-Bas;PT;Pourcentage de la population;M;Sexe masculin;De 15 a 64 ans;65,199
2023;Y_GE65;NLD;Pays-Bas;PS;Personnes;M;Sexe masculin;65 ans et plus;1698251
2023;Y_GE65;NLD;Pays-Bas;PT;Pourcentage de la population;M;Sexe masculin;65 ans et plus;19,113
2023;Y15T64;NLD;Pays-Bas;PS;Personnes;_T;Total;De 15 a 64 ans;11517213
2023;Y15T64;NLD;Pays-Bas;PT;Pourcentage de la population;_T;Total;De 15 a 64 ans;64,424
2023;Y_GE65;NLD;Pays-Bas;PS;Personnes;_T;Total;65 ans et plus;3639199
2023;Y_GE65;NLD;Pays-Bas;PT;Pourcentage de la population;_T;Total;65 ans et plus;20,357
2023;Y_LT15;NLD;Pays-Bas;PS;Personnes;_T;Total;Moins de 15 ans;2720719,045
2023;Y_LT15;NLD;Pays-Bas;PT;Pourcentage de la population;_T;Total;Moins de 15 ans;15,219
2023;Y_LT15;NLD;Pays-Bas;PS;Personnes;F;Sexe feminin;Moins de 15 ans;1326707,334
2023;Y_LT15;NLD;Pays-Bas;PT;Pourcentage de la population;F;Sexe feminin;Moins de 15 ans;14,755
2023;Y_LT15;NLD;Pays-Bas;PS;Personnes;M;Sexe masculin;Moins de 15 ans;1394052,841
2023;Y_LT15;NLD;Pays-Bas;PT;Pourcentage de la population;M;Sexe masculin;Moins de 15 ans;15,689
2024;Y15T64;NLD;Pays-Bas;PS;Personnes;F;Sexe feminin;De 15 a 64 ans;5746294
2024;Y15T64;NLD;Pays-Bas;PT;Pourcentage de la population;F;Sexe feminin;De 15 a 64 ans;63,537
2024;Y_GE65;NLD;Pays-Bas;PS;Personnes;F;Sexe feminin;65 ans et plus;1978051
2024;Y_GE65;NLD;Pays-Bas;PT;Pourcentage de la population;F;Sexe feminin;65 ans et plus;21,871
2024;Y15T64;NLD;Pays-Bas;PS;Personnes;M;Sexe masculin;De 15 a 64 ans;5825253
2024;Y15T64;NLD;Pays-Bas;PT;Pourcentage de la population;M;Sexe masculin;De 15 a 64 ans;65,085
2024;Y_GE65;NLD;Pays-Bas;PS;Personnes;M;Sexe masculin;65 ans et plus;1738394
2024;Y_GE65;NLD;Pays-Bas;PT;Pourcentage de la population;M;Sexe masculin;65 ans et plus;19,423
2024;Y15T64;NLD;Pays-Bas;PS;Personnes;_T;Total;De 15 a 64 ans;11571547
2024;Y15T64;NLD;Pays-Bas;PT;Pourcentage de la population;_T;Total;De 15 a 64 ans;64,307
2024;Y_GE65;NLD;Pays-Bas;PS;Personnes;_T;Total;65 ans et plus;3716445
2024;Y_GE65;NLD;Pays-Bas;PT;Pourcentage de la population;_T;Total;65 ans et plus;20,654
2024;Y_LT15;NLD;Pays-Bas;PS;Personnes;_T;Total;Moins de 15 ans;2706333,395
2024;Y_LT15;NLD;Pays-Bas;PT;Pourcentage de la population;_T;Total;Moins de 15 ans;15,04
2024;Y_LT15;NLD;Pays-Bas;PS;Personnes;F;Sexe feminin;Moins de 15 ans;1319712,591
2024;Y_LT15;NLD;Pays-Bas;PT;Pourcentage de la population;F;Sexe feminin;Moins de 15 ans;14,592
2024;Y_LT15;NLD;Pays-Bas;PS;Personnes;M;Sexe masculin;Moins de 15 ans;1386468,511
2024;Y_LT15;NLD;Pays-Bas;PT;Pourcentage de la population;M;Sexe masculin;Moins de 15 ans;15,491
2002;Y15T64;PRT;Portugal;PS;Personnes;_T;Total;De 15 a 64 ans;7002679,5
2002;Y15T64;PRT;Portugal;PT;Pourcentage de la population;_T;Total;De 15 a 64 ans;67,207
2002;Y_GE65;PRT;Portugal;PS;Personnes;_T;Total;65 ans et plus;1735824,5
2002;Y_GE65;PRT;Portugal;PT;Pourcentage de la population;_T;Total;65 ans et plus;16,659
2002;Y15T64;PRT;Portugal;PS;Personnes;M;Sexe masculin;De 15 a 64 ans;3440776
2002;Y15T64;PRT;Portugal;PT;Pourcentage de la population;M;Sexe masculin;De 15 a 64 ans;68,427
2002;Y_GE65;PRT;Portugal;PS;Personnes;M;Sexe masculin;65 ans et plus;722826
2002;Y_GE65;PRT;Portugal;PT;Pourcentage de la population;M;Sexe masculin;65 ans et plus;14,375
2002;Y_GE65;PRT;Portugal;PS;Personnes;F;Sexe feminin;65 ans et plus;1012998,5
2002;Y_GE65;PRT;Portugal;PT;Pourcentage de la population;F;Sexe feminin;65 ans et plus;18,79
2002;Y15T64;PRT;Portugal;PS;Personnes;F;Sexe feminin;De 15 a 64 ans;3561903,5
2002;Y15T64;PRT;Portugal;PT;Pourcentage de la population;F;Sexe feminin;De 15 a 64 ans;66,068
2002;Y_LT15;PRT;Portugal;PS;Personnes;_T;Total;Moins de 15 ans;1681103,266
2002;Y_LT15;PRT;Portugal;PT;Pourcentage de la population;_T;Total;Moins de 15 ans;16,134
2002;Y_LT15;PRT;Portugal;PS;Personnes;F;Sexe feminin;Moins de 15 ans;816346,6334
2002;Y_LT15;PRT;Portugal;PT;Pourcentage de la population;F;Sexe feminin;Moins de 15 ans;15,142
2002;Y_LT15;PRT;Portugal;PS;Personnes;M;Sexe masculin;Moins de 15 ans;864776,8369
2002;Y_LT15;PRT;Portugal;PT;Pourcentage de la population;M;Sexe masculin;Moins de 15 ans;17,198
2003;Y15T64;PRT;Portugal;PS;Personnes;_T;Total;De 15 a 64 ans;7015437
2003;Y15T64;PRT;Portugal;PT;Pourcentage de la population;_T;Total;De 15 a 64 ans;67,077
2003;Y_GE65;PRT;Portugal;PS;Personnes;_T;Total;65 ans et plus;1761583
2003;Y_GE65;PRT;Portugal;PT;Pourcentage de la population;_T;Total;65 ans et plus;16,843
2003;Y15T64;PRT;Portugal;PS;Personnes;M;Sexe masculin;De 15 a 64 ans;3444332,5
2003;Y15T64;PRT;Portugal;PT;Pourcentage de la population;M;Sexe masculin;De 15 a 64 ans;68,308
2003;Y_GE65;PRT;Portugal;PS;Personnes;M;Sexe masculin;65 ans et plus;733222
2003;Y_GE65;PRT;Portugal;PT;Pourcentage de la population;M;Sexe masculin;65 ans et plus;14,541
2003;Y_GE65;PRT;Portugal;PS;Personnes;F;Sexe feminin;65 ans et plus;1028361
2003;Y_GE65;PRT;Portugal;PT;Pourcentage de la population;F;Sexe feminin;65 ans et plus;18,986
2003;Y15T64;PRT;Portugal;PS;Personnes;F;Sexe feminin;De 15 a 64 ans;3571104,5
2003;Y15T64;PRT;Portugal;PT;Pourcentage de la population;F;Sexe feminin;De 15 a 64 ans;65,93
2003;Y_LT15;PRT;Portugal;PS;Personnes;_T;Total;Moins de 15 ans;1681778,417
2003;Y_LT15;PRT;Portugal;PT;Pourcentage de la population;_T;Total;Moins de 15 ans;16,08
2003;Y_LT15;PRT;Portugal;PS;Personnes;F;Sexe feminin;Moins de 15 ans;817022,8237
2003;Y_LT15;PRT;Portugal;PT;Pourcentage de la population;F;Sexe feminin;Moins de 15 ans;15,084
2003;Y_LT15;PRT;Portugal;PS;Personnes;M;Sexe masculin;Moins de 15 ans;864760,3668
2003;Y_LT15;PRT;Portugal;PT;Pourcentage de la population;M;Sexe masculin;Moins de 15 ans;17,15
2004;Y15T64;PRT;Portugal;PS;Personnes;_T;Total;De 15 a 64 ans;7016878
2004;Y15T64;PRT;Portugal;PT;Pourcentage de la population;_T;Total;De 15 a 64 ans;66,93
2004;Y_GE65;PRT;Portugal;PS;Personnes;_T;Total;65 ans et plus;1788686,5
2004;Y_GE65;PRT;Portugal;PT;Pourcentage de la population;_T;Total;65 ans et plus;17,061
2004;Y15T64;PRT;Portugal;PS;Personnes;M;Sexe masculin;De 15 a 64 ans;3443431,5
2004;Y15T64;PRT;Portugal;PT;Pourcentage de la population;M;Sexe masculin;De 15 a 64 ans;68,18
2004;Y_GE65;PRT;Portugal;PS;Personnes;M;Sexe masculin;65 ans et plus;744333,5
2004;Y_GE65;PRT;Portugal;PT;Pourcentage de la population;M;Sexe masculin;65 ans et plus;14,738
2004;Y_GE65;PRT;Portugal;PS;Personnes;F;Sexe feminin;65 ans et plus;1044353
2004;Y_GE65;PRT;Portugal;PT;Pourcentage de la population;F;Sexe feminin;65 ans et plus;19,221
2004;Y15T64;PRT;Portugal;PS;Personnes;F;Sexe feminin;De 15 a 64 ans;3573446,5
2004;Y15T64;PRT;Portugal;PT;Pourcentage de la population;F;Sexe feminin;De 15 a 64 ans;65,769
2004;Y_LT15;PRT;Portugal;PS;Personnes;_T;Total;Moins de 15 ans;1678256,469
2004;Y_LT15;PRT;Portugal;PT;Pourcentage de la population;_T;Total;Moins de 15 ans;16,008
2004;Y_LT15;PRT;Portugal;PS;Personnes;F;Sexe feminin;Moins de 15 ans;815543,6586
2004;Y_LT15;PRT;Portugal;PT;Pourcentage de la population;F;Sexe feminin;Moins de 15 ans;15,01
2004;Y_LT15;PRT;Portugal;PS;Personnes;M;Sexe masculin;Moins de 15 ans;862781,2712
2004;Y_LT15;PRT;Portugal;PT;Pourcentage de la population;M;Sexe masculin;Moins de 15 ans;17,083
2005;Y15T64;PRT;Portugal;PS;Personnes;_T;Total;De 15 a 64 ans;7016926,5
2005;Y15T64;PRT;Portugal;PT;Pourcentage de la population;_T;Total;De 15 a 64 ans;66,807
2005;Y_GE65;PRT;Portugal;PS;Personnes;_T;Total;65 ans et plus;1814037,5
2005;Y_GE65;PRT;Portugal;PT;Pourcentage de la population;_T;Total;65 ans et plus;17,271
2005;Y15T64;PRT;Portugal;PS;Personnes;M;Sexe masculin;De 15 a 64 ans;3442265,5
2005;Y15T64;PRT;Portugal;PT;Pourcentage de la population;M;Sexe masculin;De 15 a 64 ans;68,079
2005;Y_GE65;PRT;Portugal;PS;Personnes;M;Sexe masculin;65 ans et plus;754372,5
2005;Y_GE65;PRT;Portugal;PT;Pourcentage de la population;M;Sexe masculin;65 ans et plus;14,92
2005;Y_GE65;PRT;Portugal;PS;Personnes;F;Sexe feminin;65 ans et plus;1059665
2005;Y_GE65;PRT;Portugal;PT;Pourcentage de la population;F;Sexe feminin;65 ans et plus;19,454
2005;Y15T64;PRT;Portugal;PS;Personnes;F;Sexe feminin;De 15 a 64 ans;3574661
2005;Y15T64;PRT;Portugal;PT;Pourcentage de la population;F;Sexe feminin;De 15 a 64 ans;65,625
2005;Y_LT15;PRT;Portugal;PS;Personnes;_T;Total;Moins de 15 ans;1672340,203
2005;Y_LT15;PRT;Portugal;PT;Pourcentage de la population;_T;Total;Moins de 15 ans;15,922
2005;Y_LT15;PRT;Portugal;PS;Personnes;F;Sexe feminin;Moins de 15 ans;812756,1956
2005;Y_LT15;PRT;Portugal;PT;Pourcentage de la population;F;Sexe feminin;Moins de 15 ans;14,921
2005;Y_LT15;PRT;Portugal;PS;Personnes;M;Sexe masculin;Moins de 15 ans;859616,0377
2005;Y_LT15;PRT;Portugal;PT;Pourcentage de la population;M;Sexe masculin;Moins de 15 ans;17,001
2006;Y15T64;PRT;Portugal;PS;Personnes;_T;Total;De 15 a 64 ans;7023146,5
2006;Y15T64;PRT;Portugal;PT;Pourcentage de la population;_T;Total;De 15 a 64 ans;66,745
2006;Y_GE65;PRT;Portugal;PS;Personnes;_T;Total;65 ans et plus;1836157,5
2006;Y_GE65;PRT;Portugal;PT;Pourcentage de la population;_T;Total;65 ans et plus;17,45
2006;Y15T64;PRT;Portugal;PS;Personnes;M;Sexe masculin;De 15 a 64 ans;3444331,5
2006;Y15T64;PRT;Portugal;PT;Pourcentage de la population;M;Sexe masculin;De 15 a 64 ans;68,048
2006;Y_GE65;PRT;Portugal;PS;Personnes;M;Sexe masculin;65 ans et plus;762786
2006;Y_GE65;PRT;Portugal;PT;Pourcentage de la population;M;Sexe masculin;65 ans et plus;15,07
2006;Y_GE65;PRT;Portugal;PS;Personnes;F;Sexe feminin;65 ans et plus;1073371,5
2006;Y_GE65;PRT;Portugal;PT;Pourcentage de la population;F;Sexe feminin;65 ans et plus;19,656
2006;Y15T64;PRT;Portugal;PS;Personnes;F;Sexe feminin;De 15 a 64 ans;3578815
2006;Y15T64;PRT;Portugal;PT;Pourcentage de la population;F;Sexe feminin;De 15 a 64 ans;65,538
2006;Y_LT15;PRT;Portugal;PS;Personnes;_T;Total;Moins de 15 ans;1662942,396
2006;Y_LT15;PRT;Portugal;PT;Pourcentage de la population;_T;Total;Moins de 15 ans;15,804
2006;Y_LT15;PRT;Portugal;PS;Personnes;F;Sexe feminin;Moins de 15 ans;808508,873
2006;Y_LT15;PRT;Portugal;PT;Pourcentage de la population;F;Sexe feminin;Moins de 15 ans;14,806
2006;Y_LT15;PRT;Portugal;PS;Personnes;M;Sexe masculin;Moins de 15 ans;854499,9873
2006;Y_LT15;PRT;Portugal;PT;Pourcentage de la population;M;Sexe masculin;Moins de 15 ans;16,882
2007;Y15T64;PRT;Portugal;PS;Personnes;_T;Total;De 15 a 64 ans;7033532,5
2007;Y15T64;PRT;Portugal;PT;Pourcentage de la population;_T;Total;De 15 a 64 ans;66,713
2007;Y_GE65;PRT;Portugal;PS;Personnes;_T;Total;65 ans et plus;1859019,5
2007;Y_GE65;PRT;Portugal;PT;Pourcentage de la population;_T;Total;65 ans et plus;17,633
2007;Y15T64;PRT;Portugal;PS;Personnes;M;Sexe masculin;De 15 a 64 ans;3448036
2007;Y15T64;PRT;Portugal;PT;Pourcentage de la population;M;Sexe masculin;De 15 a 64 ans;68,048
2007;Y_GE65;PRT;Portugal;PS;Personnes;M;Sexe masculin;65 ans et plus;771497
2007;Y_GE65;PRT;Portugal;PT;Pourcentage de la population;M;Sexe masculin;65 ans et plus;15,226
2007;Y_GE65;PRT;Portugal;PS;Personnes;F;Sexe feminin;65 ans et plus;1087522,5
2007;Y_GE65;PRT;Portugal;PT;Pourcentage de la population;F;Sexe feminin;65 ans et plus;19,86
2007;Y15T64;PRT;Portugal;PS;Personnes;F;Sexe feminin;De 15 a 64 ans;3585496,5
2007;Y15T64;PRT;Portugal;PT;Pourcentage de la population;F;Sexe feminin;De 15 a 64 ans;65,478
2007;Y_LT15;PRT;Portugal;PS;Personnes;_T;Total;Moins de 15 ans;1650395,585
2007;Y_LT15;PRT;Portugal;PT;Pourcentage de la population;_T;Total;Moins de 15 ans;15,654
2007;Y_LT15;PRT;Portugal;PS;Personnes;F;Sexe feminin;Moins de 15 ans;802875,3584
2007;Y_LT15;PRT;Portugal;PT;Pourcentage de la population;F;Sexe feminin;Moins de 15 ans;14,662
2007;Y_LT15;PRT;Portugal;PS;Personnes;M;Sexe masculin;Moins de 15 ans;847518,2955
2007;Y_LT15;PRT;Portugal;PT;Pourcentage de la population;M;Sexe masculin;Moins de 15 ans;16,726
2008;Y15T64;PRT;Portugal;PS;Personnes;_T;Total;De 15 a 64 ans;7036435
2008;Y15T64;PRT;Portugal;PT;Pourcentage de la population;_T;Total;De 15 a 64 ans;66,644
2008;Y_GE65;PRT;Portugal;PS;Personnes;_T;Total;65 ans et plus;1884331,5
2008;Y_GE65;PRT;Portugal;PT;Pourcentage de la population;_T;Total;65 ans et plus;17,847
2008;Y15T64;PRT;Portugal;PS;Personnes;M;Sexe masculin;De 15 a 64 ans;3446036,5
2008;Y15T64;PRT;Portugal;PT;Pourcentage de la population;M;Sexe masculin;De 15 a 64 ans;67,996
2008;Y_GE65;PRT;Portugal;PS;Personnes;M;Sexe masculin;65 ans et plus;781650,5
2008;Y_GE65;PRT;Portugal;PT;Pourcentage de la population;M;Sexe masculin;65 ans et plus;15,423
2008;Y_GE65;PRT;Portugal;PS;Personnes;F;Sexe feminin;65 ans et plus;1102681
2008;Y_GE65;PRT;Portugal;PT;Pourcentage de la population;F;Sexe feminin;65 ans et plus;20,085
2008;Y15T64;PRT;Portugal;PS;Personnes;F;Sexe feminin;De 15 a 64 ans;3590398,5
2008;Y15T64;PRT;Portugal;PT;Pourcentage de la population;F;Sexe feminin;De 15 a 64 ans;65,397
2008;Y_LT15;PRT;Portugal;PS;Personnes;_T;Total;Moins de 15 ans;1637362,089
2008;Y_LT15;PRT;Portugal;PT;Pourcentage de la population;_T;Total;Moins de 15 ans;15,508
2008;Y_LT15;PRT;Portugal;PS;Personnes;F;Sexe feminin;Moins de 15 ans;797119,7424
2008;Y_LT15;PRT;Portugal;PT;Pourcentage de la population;F;Sexe feminin;Moins de 15 ans;14,519
2008;Y_LT15;PRT;Portugal;PS;Personnes;M;Sexe masculin;Moins de 15 ans;840323,9193
2008;Y_LT15;PRT;Portugal;PT;Pourcentage de la population;M;Sexe masculin;Moins de 15 ans;16,581
2009;Y15T64;PRT;Portugal;PS;Personnes;_T;Total;De 15 a 64 ans;7029408
2009;Y15T64;PRT;Portugal;PT;Pourcentage de la population;_T;Total;De 15 a 64 ans;66,514
2009;Y_GE65;PRT;Portugal;PS;Personnes;_T;Total;65 ans et plus;1914349,5
2009;Y_GE65;PRT;Portugal;PT;Pourcentage de la population;_T;Total;65 ans et plus;18,114
2009;Y15T64;PRT;Portugal;PS;Personnes;M;Sexe masculin;De 15 a 64 ans;3438639,5
2009;Y15T64;PRT;Portugal;PT;Pourcentage de la population;M;Sexe masculin;De 15 a 64 ans;67,89
2009;Y_GE65;PRT;Portugal;PS;Personnes;M;Sexe masculin;65 ans et plus;793904,5
2009;Y_GE65;PRT;Portugal;PT;Pourcentage de la population;M;Sexe masculin;65 ans et plus;15,674
2009;Y_GE65;PRT;Portugal;PS;Personnes;F;Sexe feminin;65 ans et plus;1120445
2009;Y_GE65;PRT;Portugal;PT;Pourcentage de la population;F;Sexe feminin;65 ans et plus;20,36
2009;Y15T64;PRT;Portugal;PS;Personnes;F;Sexe feminin;De 15 a 64 ans;3590768,5
2009;Y15T64;PRT;Portugal;PT;Pourcentage de la population;F;Sexe feminin;De 15 a 64 ans;65,248
2009;Y_LT15;PRT;Portugal;PS;Personnes;_T;Total;Moins de 15 ans;1624445,246
2009;Y_LT15;PRT;Portugal;PT;Pourcentage de la population;_T;Total;Moins de 15 ans;15,371
2009;Y_LT15;PRT;Portugal;PS;Personnes;F;Sexe feminin;Moins de 15 ans;792028,3876
2009;Y_LT15;PRT;Portugal;PT;Pourcentage de la population;F;Sexe feminin;Moins de 15 ans;14,392
2009;Y_LT15;PRT;Portugal;PS;Personnes;M;Sexe masculin;Moins de 15 ans;832431,4352
2009;Y_LT15;PRT;Portugal;PT;Pourcentage de la population;M;Sexe masculin;Moins de 15 ans;16,435
2010;Y15T64;PRT;Portugal;PS;Personnes;_T;Total;De 15 a 64 ans;7013108
2010;Y15T64;PRT;Portugal;PT;Pourcentage de la population;_T;Total;De 15 a 64 ans;66,33
2010;Y_GE65;PRT;Portugal;PS;Personnes;_T;Total;65 ans et plus;1953409
2010;Y_GE65;PRT;Portugal;PT;Pourcentage de la population;_T;Total;65 ans et plus;18,475
2010;Y15T64;PRT;Portugal;PS;Personnes;M;Sexe masculin;De 15 a 64 ans;3427035
2010;Y15T64;PRT;Portugal;PT;Pourcentage de la population;M;Sexe masculin;De 15 a 64 ans;67,746
2010;Y_GE65;PRT;Portugal;PS;Personnes;M;Sexe masculin;65 ans et plus;809112
2010;Y_GE65;PRT;Portugal;PT;Pourcentage de la population;M;Sexe masculin;65 ans et plus;15,995
2010;Y_GE65;PRT;Portugal;PS;Personnes;F;Sexe feminin;65 ans et plus;1144297
2010;Y_GE65;PRT;Portugal;PT;Pourcentage de la population;F;Sexe feminin;65 ans et plus;20,751
2010;Y15T64;PRT;Portugal;PS;Personnes;F;Sexe feminin;De 15 a 64 ans;3586073
2010;Y15T64;PRT;Portugal;PT;Pourcentage de la population;F;Sexe feminin;De 15 a 64 ans;65,03
2010;Y_LT15;PRT;Portugal;PS;Personnes;_T;Total;Moins de 15 ans;1606582,545
2010;Y_LT15;PRT;Portugal;PT;Pourcentage de la population;_T;Total;Moins de 15 ans;15,195
2010;Y_LT15;PRT;Portugal;PS;Personnes;F;Sexe feminin;Moins de 15 ans;784100,4986
2010;Y_LT15;PRT;Portugal;PT;Pourcentage de la population;F;Sexe feminin;Moins de 15 ans;14,219
2010;Y_LT15;PRT;Portugal;PS;Personnes;M;Sexe masculin;Moins de 15 ans;822484,928
2010;Y_LT15;PRT;Portugal;PT;Pourcentage de la population;M;Sexe masculin;Moins de 15 ans;16,259
2011;Y15T64;PRT;Portugal;PS;Personnes;_T;Total;De 15 a 64 ans;6976692,5
2011;Y15T64;PRT;Portugal;PT;Pourcentage de la population;_T;Total;De 15 a 64 ans;65,976
2011;Y_GE65;PRT;Portugal;PS;Personnes;_T;Total;65 ans et plus;2009180
2011;Y_GE65;PRT;Portugal;PT;Pourcentage de la population;_T;Total;65 ans et plus;19
2011;Y15T64;PRT;Portugal;PS;Personnes;M;Sexe masculin;De 15 a 64 ans;3404122
2011;Y15T64;PRT;Portugal;PT;Pourcentage de la population;M;Sexe masculin;De 15 a 64 ans;67,403
2011;Y_GE65;PRT;Portugal;PS;Personnes;M;Sexe masculin;65 ans et plus;832906,5
2011;Y_GE65;PRT;Portugal;PT;Pourcentage de la population;M;Sexe masculin;65 ans et plus;16,492
2011;Y_GE65;PRT;Portugal;PS;Personnes;F;Sexe feminin;65 ans et plus;1176273,5
2011;Y_GE65;PRT;Portugal;PT;Pourcentage de la population;F;Sexe feminin;65 ans et plus;21,293
2011;Y15T64;PRT;Portugal;PS;Personnes;F;Sexe feminin;De 15 a 64 ans;3572570,5
2011;Y15T64;PRT;Portugal;PT;Pourcentage de la population;F;Sexe feminin;De 15 a 64 ans;64,672
2011;Y_LT15;PRT;Portugal;PS;Personnes;_T;Total;Moins de 15 ans;1588612,543
2011;Y_LT15;PRT;Portugal;PT;Pourcentage de la population;_T;Total;Moins de 15 ans;15,023
2011;Y_LT15;PRT;Portugal;PS;Personnes;F;Sexe feminin;Moins de 15 ans;775316,4174
2011;Y_LT15;PRT;Portugal;PT;Pourcentage de la population;F;Sexe feminin;Moins de 15 ans;14,035
2011;Y_LT15;PRT;Portugal;PS;Personnes;M;Sexe masculin;Moins de 15 ans;813362,3301
2011;Y_LT15;PRT;Portugal;PT;Pourcentage de la population;M;Sexe masculin;Moins de 15 ans;16,105
2012;Y15T64;PRT;Portugal;PS;Personnes;_T;Total;De 15 a 64 ans;6923449,5
2012;Y15T64;PRT;Portugal;PT;Pourcentage de la population;_T;Total;De 15 a 64 ans;65,741
2012;Y_GE65;PRT;Portugal;PS;Personnes;_T;Total;65 ans et plus;2036890,5
2012;Y_GE65;PRT;Portugal;PT;Pourcentage de la population;_T;Total;65 ans et plus;19,341
2012;Y15T64;PRT;Portugal;PS;Personnes;M;Sexe masculin;De 15 a 64 ans;3371793,5
2012;Y15T64;PRT;Portugal;PT;Pourcentage de la population;M;Sexe masculin;De 15 a 64 ans;67,156
2012;Y_GE65;PRT;Portugal;PS;Personnes;M;Sexe masculin;65 ans et plus;844330,5
2012;Y_GE65;PRT;Portugal;PT;Pourcentage de la population;M;Sexe masculin;65 ans et plus;16,817
2012;Y_GE65;PRT;Portugal;PS;Personnes;F;Sexe feminin;65 ans et plus;1192560
2012;Y_GE65;PRT;Portugal;PT;Pourcentage de la population;F;Sexe feminin;65 ans et plus;21,641
2012;Y15T64;PRT;Portugal;PS;Personnes;F;Sexe feminin;De 15 a 64 ans;3551656
2012;Y15T64;PRT;Portugal;PT;Pourcentage de la population;F;Sexe feminin;De 15 a 64 ans;64,452
2012;Y_LT15;PRT;Portugal;PS;Personnes;_T;Total;Moins de 15 ans;1571077,236
2012;Y_LT15;PRT;Portugal;PT;Pourcentage de la population;_T;Total;Moins de 15 ans;14,918
2012;Y_LT15;PRT;Portugal;PS;Personnes;F;Sexe feminin;Moins de 15 ans;766356,0825
2012;Y_LT15;PRT;Portugal;PT;Pourcentage de la population;F;Sexe feminin;Moins de 15 ans;13,907
2012;Y_LT15;PRT;Portugal;PS;Personnes;M;Sexe masculin;Moins de 15 ans;804740,4756
2012;Y_LT15;PRT;Portugal;PT;Pourcentage de la population;M;Sexe masculin;Moins de 15 ans;16,028
2013;Y15T64;PRT;Portugal;PS;Personnes;_T;Total;De 15 a 64 ans;6860014,5
2013;Y15T64;PRT;Portugal;PT;Pourcentage de la population;_T;Total;De 15 a 64 ans;65,496
2013;Y_GE65;PRT;Portugal;PS;Personnes;_T;Total;65 ans et plus;2068472
2013;Y_GE65;PRT;Portugal;PT;Pourcentage de la population;_T;Total;65 ans et plus;19,749
2013;Y15T64;PRT;Portugal;PS;Personnes;M;Sexe masculin;De 15 a 64 ans;3334516
2013;Y15T64;PRT;Portugal;PT;Pourcentage de la population;M;Sexe masculin;De 15 a 64 ans;66,9
2013;Y_GE65;PRT;Portugal;PS;Personnes;M;Sexe masculin;65 ans et plus;857761
2013;Y_GE65;PRT;Portugal;PT;Pourcentage de la population;M;Sexe masculin;65 ans et plus;17,209
2013;Y_GE65;PRT;Portugal;PS;Personnes;F;Sexe feminin;65 ans et plus;1210711
2013;Y_GE65;PRT;Portugal;PT;Pourcentage de la population;F;Sexe feminin;65 ans et plus;22,054
2013;Y15T64;PRT;Portugal;PS;Personnes;F;Sexe feminin;De 15 a 64 ans;3525498,5
2013;Y15T64;PRT;Portugal;PT;Pourcentage de la population;F;Sexe feminin;De 15 a 64 ans;64,221
2013;Y_LT15;PRT;Portugal;PS;Personnes;_T;Total;Moins de 15 ans;1545542,112
2013;Y_LT15;PRT;Portugal;PT;Pourcentage de la population;_T;Total;Moins de 15 ans;14,756
2013;Y_LT15;PRT;Portugal;PS;Personnes;F;Sexe feminin;Moins de 15 ans;753457,3448
2013;Y_LT15;PRT;Portugal;PT;Pourcentage de la population;F;Sexe feminin;Moins de 15 ans;13,725
2013;Y_LT15;PRT;Portugal;PS;Personnes;M;Sexe masculin;Moins de 15 ans;792058,2117
2013;Y_LT15;PRT;Portugal;PT;Pourcentage de la population;M;Sexe masculin;Moins de 15 ans;15,891
2014;Y15T64;PRT;Portugal;PS;Personnes;_T;Total;De 15 a 64 ans;6798352,5
2014;Y15T64;PRT;Portugal;PT;Pourcentage de la population;_T;Total;De 15 a 64 ans;65,246
2014;Y_GE65;PRT;Portugal;PS;Personnes;_T;Total;65 ans et plus;2106580,5
2014;Y_GE65;PRT;Portugal;PT;Pourcentage de la population;_T;Total;65 ans et plus;20,217
2014;Y15T64;PRT;Portugal;PS;Personnes;M;Sexe masculin;De 15 a 64 ans;3298619
2014;Y15T64;PRT;Portugal;PT;Pourcentage de la population;M;Sexe masculin;De 15 a 64 ans;66,639
2014;Y_GE65;PRT;Portugal;PS;Personnes;M;Sexe masculin;65 ans et plus;874901
2014;Y_GE65;PRT;Portugal;PT;Pourcentage de la population;M;Sexe masculin;65 ans et plus;17,675
2014;Y_GE65;PRT;Portugal;PS;Personnes;F;Sexe feminin;65 ans et plus;1231679,5
2014;Y_GE65;PRT;Portugal;PT;Pourcentage de la population;F;Sexe feminin;65 ans et plus;22,519
2014;Y15T64;PRT;Portugal;PS;Personnes;F;Sexe feminin;De 15 a 64 ans;3499733,5
2014;Y15T64;PRT;Portugal;PT;Pourcentage de la population;F;Sexe feminin;De 15 a 64 ans;63,985
2014;Y_LT15;PRT;Portugal;PS;Personnes;_T;Total;Moins de 15 ans;1514698,27
2014;Y_LT15;PRT;Portugal;PT;Pourcentage de la population;_T;Total;Moins de 15 ans;14,537
2014;Y_LT15;PRT;Portugal;PS;Personnes;F;Sexe feminin;Moins de 15 ans;738177,216
2014;Y_LT15;PRT;Portugal;PT;Pourcentage de la population;F;Sexe feminin;Moins de 15 ans;13,496
2014;Y_LT15;PRT;Portugal;PS;Personnes;M;Sexe masculin;Moins de 15 ans;776507,5197
2014;Y_LT15;PRT;Portugal;PT;Pourcentage de la population;M;Sexe masculin;Moins de 15 ans;15,687
2015;Y15T64;PRT;Portugal;PS;Personnes;_T;Total;De 15 a 64 ans;6753798
2015;Y15T64;PRT;Portugal;PT;Pourcentage de la population;_T;Total;De 15 a 64 ans;65,054
2015;Y_GE65;PRT;Portugal;PS;Personnes;_T;Total;65 ans et plus;2145235,5
2015;Y_GE65;PRT;Portugal;PT;Pourcentage de la population;_T;Total;65 ans et plus;20,663
2015;Y15T64;PRT;Portugal;PS;Personnes;M;Sexe masculin;De 15 a 64 ans;3273352,5
2015;Y15T64;PRT;Portugal;PT;Pourcentage de la population;M;Sexe masculin;De 15 a 64 ans;66,436
2015;Y_GE65;PRT;Portugal;PS;Personnes;M;Sexe masculin;65 ans et plus;893534,5
2015;Y_GE65;PRT;Portugal;PT;Pourcentage de la population;M;Sexe masculin;65 ans et plus;18,135
2015;Y_GE65;PRT;Portugal;PS;Personnes;F;Sexe feminin;65 ans et plus;1251701
2015;Y_GE65;PRT;Portugal;PT;Pourcentage de la population;F;Sexe feminin;65 ans et plus;22,947
2015;Y15T64;PRT;Portugal;PS;Personnes;F;Sexe feminin;De 15 a 64 ans;3480445,5
2015;Y15T64;PRT;Portugal;PT;Pourcentage de la population;F;Sexe feminin;De 15 a 64 ans;63,806
2015;Y_LT15;PRT;Portugal;PS;Personnes;_T;Total;Moins de 15 ans;1482837,922
2015;Y_LT15;PRT;Portugal;PT;Pourcentage de la population;_T;Total;Moins de 15 ans;14,283
2015;Y_LT15;PRT;Portugal;PS;Personnes;F;Sexe feminin;Moins de 15 ans;722648,0621
2015;Y_LT15;PRT;Portugal;PT;Pourcentage de la population;F;Sexe feminin;Moins de 15 ans;13,248
2015;Y_LT15;PRT;Portugal;PS;Personnes;M;Sexe masculin;Moins de 15 ans;760197,0903
2015;Y_LT15;PRT;Portugal;PT;Pourcentage de la population;M;Sexe masculin;Moins de 15 ans;15,429
2016;Y15T64;PRT;Portugal;PS;Personnes;_T;Total;De 15 a 64 ans;6713741
2016;Y15T64;PRT;Portugal;PT;Pourcentage de la population;_T;Total;De 15 a 64 ans;64,826
2016;Y_GE65;PRT;Portugal;PS;Personnes;_T;Total;65 ans et plus;2185731,5
2016;Y_GE65;PRT;Portugal;PT;Pourcentage de la population;_T;Total;65 ans et plus;21,105
2016;Y15T64;PRT;Portugal;PS;Personnes;M;Sexe masculin;De 15 a 64 ans;3253418,5
2016;Y15T64;PRT;Portugal;PT;Pourcentage de la population;M;Sexe masculin;De 15 a 64 ans;66,211
2016;Y_GE65;PRT;Portugal;PS;Personnes;M;Sexe masculin;65 ans et plus;913576
2016;Y_GE65;PRT;Portugal;PT;Pourcentage de la population;M;Sexe masculin;65 ans et plus;18,592
2016;Y_GE65;PRT;Portugal;PS;Personnes;F;Sexe feminin;65 ans et plus;1272155,5
2016;Y_GE65;PRT;Portugal;PT;Pourcentage de la population;F;Sexe feminin;65 ans et plus;23,373
2016;Y15T64;PRT;Portugal;PS;Personnes;F;Sexe feminin;De 15 a 64 ans;3460322,5
2016;Y15T64;PRT;Portugal;PT;Pourcentage de la population;F;Sexe feminin;De 15 a 64 ans;63,576
2016;Y_LT15;PRT;Portugal;PS;Personnes;_T;Total;Moins de 15 ans;1457058,236
2016;Y_LT15;PRT;Portugal;PT;Pourcentage de la population;_T;Total;Moins de 15 ans;14,069
2016;Y_LT15;PRT;Portugal;PS;Personnes;F;Sexe feminin;Moins de 15 ans;710341,8509
2016;Y_LT15;PRT;Portugal;PT;Pourcentage de la population;F;Sexe feminin;Moins de 15 ans;13,051
2016;Y_LT15;PRT;Portugal;PS;Personnes;M;Sexe masculin;Moins de 15 ans;746685,928
2016;Y_LT15;PRT;Portugal;PT;Pourcentage de la population;M;Sexe masculin;Moins de 15 ans;15,196
2017;Y15T64;PRT;Portugal;PS;Personnes;_T;Total;De 15 a 64 ans;6674545
2017;Y15T64;PRT;Portugal;PT;Pourcentage de la population;_T;Total;De 15 a 64 ans;64,55
2017;Y_GE65;PRT;Portugal;PS;Personnes;_T;Total;65 ans et plus;2229257
2017;Y_GE65;PRT;Portugal;PT;Pourcentage de la population;_T;Total;65 ans et plus;21,559
2017;Y15T64;PRT;Portugal;PS;Personnes;M;Sexe masculin;De 15 a 64 ans;3234833
2017;Y15T64;PRT;Portugal;PT;Pourcentage de la population;M;Sexe masculin;De 15 a 64 ans;65,946
2017;Y_GE65;PRT;Portugal;PS;Personnes;M;Sexe masculin;65 ans et plus;934768,5
2017;Y_GE65;PRT;Portugal;PT;Pourcentage de la population;M;Sexe masculin;65 ans et plus;19,056
2017;Y_GE65;PRT;Portugal;PS;Personnes;F;Sexe feminin;65 ans et plus;1294488,5
2017;Y_GE65;PRT;Portugal;PT;Pourcentage de la population;F;Sexe feminin;65 ans et plus;23,818
2017;Y15T64;PRT;Portugal;PS;Personnes;F;Sexe feminin;De 15 a 64 ans;3439712
2017;Y15T64;PRT;Portugal;PT;Pourcentage de la population;F;Sexe feminin;De 15 a 64 ans;63,29
2017;Y_LT15;PRT;Portugal;PS;Personnes;_T;Total;Moins de 15 ans;1436346,625
2017;Y_LT15;PRT;Portugal;PT;Pourcentage de la population;_T;Total;Moins de 15 ans;13,891
2017;Y_LT15;PRT;Portugal;PS;Personnes;F;Sexe feminin;Moins de 15 ans;700659,6373
2017;Y_LT15;PRT;Portugal;PT;Pourcentage de la population;F;Sexe feminin;Moins de 15 ans;12,892
2017;Y_LT15;PRT;Portugal;PS;Personnes;M;Sexe masculin;Moins de 15 ans;735694,4193
2017;Y_LT15;PRT;Portugal;PT;Pourcentage de la population;M;Sexe masculin;Moins de 15 ans;14,998
2018;Y15T64;PRT;Portugal;PS;Personnes;_T;Total;De 15 a 64 ans;6644313,5
2018;Y15T64;PRT;Portugal;PT;Pourcentage de la population;_T;Total;De 15 a 64 ans;64,292
2018;Y_GE65;PRT;Portugal;PS;Personnes;_T;Total;65 ans et plus;2273940
2018;Y_GE65;PRT;Portugal;PT;Pourcentage de la population;_T;Total;65 ans et plus;22,003
2018;Y15T64;PRT;Portugal;PS;Personnes;M;Sexe masculin;De 15 a 64 ans;3219271
2018;Y15T64;PRT;Portugal;PT;Pourcentage de la population;M;Sexe masculin;De 15 a 64 ans;65,691
2018;Y_GE65;PRT;Portugal;PS;Personnes;M;Sexe masculin;65 ans et plus;956670,5
2018;Y_GE65;PRT;Portugal;PT;Pourcentage de la population;M;Sexe masculin;65 ans et plus;19,521
2018;Y_GE65;PRT;Portugal;PS;Personnes;F;Sexe feminin;65 ans et plus;1317269,5
2018;Y_GE65;PRT;Portugal;PT;Pourcentage de la population;F;Sexe feminin;65 ans et plus;24,241
2018;Y15T64;PRT;Portugal;PS;Personnes;F;Sexe feminin;De 15 a 64 ans;3425042,5
2018;Y15T64;PRT;Portugal;PT;Pourcentage de la population;F;Sexe feminin;De 15 a 64 ans;63,03
2018;Y_LT15;PRT;Portugal;PS;Personnes;_T;Total;Moins de 15 ans;1416361,453
2018;Y_LT15;PRT;Portugal;PT;Pourcentage de la population;_T;Total;Moins de 15 ans;13,705
2018;Y_LT15;PRT;Portugal;PS;Personnes;F;Sexe feminin;Moins de 15 ans;691695,1965
2018;Y_LT15;PRT;Portugal;PT;Pourcentage de la population;F;Sexe feminin;Moins de 15 ans;12,729
2018;Y_LT15;PRT;Portugal;PS;Personnes;M;Sexe masculin;Moins de 15 ans;724704,0553
2018;Y_LT15;PRT;Portugal;PT;Pourcentage de la population;M;Sexe masculin;Moins de 15 ans;14,788
2019;Y15T64;PRT;Portugal;PS;Personnes;_T;Total;De 15 a 64 ans;6627668
2019;Y15T64;PRT;Portugal;PT;Pourcentage de la population;_T;Total;De 15 a 64 ans;64,008
2019;Y_GE65;PRT;Portugal;PS;Personnes;_T;Total;65 ans et plus;2327150
2019;Y_GE65;PRT;Portugal;PT;Pourcentage de la population;_T;Total;65 ans et plus;22,475
2019;Y15T64;PRT;Portugal;PS;Personnes;M;Sexe masculin;De 15 a 64 ans;3212831,5
2019;Y15T64;PRT;Portugal;PT;Pourcentage de la population;M;Sexe masculin;De 15 a 64 ans;65,397
2019;Y_GE65;PRT;Portugal;PS;Personnes;M;Sexe masculin;65 ans et plus;984610,5
2019;Y_GE65;PRT;Portugal;PT;Pourcentage de la population;M;Sexe masculin;65 ans et plus;20,042
2019;Y_GE65;PRT;Portugal;PS;Personnes;F;Sexe feminin;65 ans et plus;1342539,5
2019;Y_GE65;PRT;Portugal;PT;Pourcentage de la population;F;Sexe feminin;65 ans et plus;24,672
2019;Y15T64;PRT;Portugal;PS;Personnes;F;Sexe feminin;De 15 a 64 ans;3414836,5
2019;Y15T64;PRT;Portugal;PT;Pourcentage de la population;F;Sexe feminin;De 15 a 64 ans;62,754
2019;Y_LT15;PRT;Portugal;PS;Personnes;_T;Total;Moins de 15 ans;1399610,466
2019;Y_LT15;PRT;Portugal;PT;Pourcentage de la population;_T;Total;Moins de 15 ans;13,517
2019;Y_LT15;PRT;Portugal;PS;Personnes;F;Sexe feminin;Moins de 15 ans;684286,6701
2019;Y_LT15;PRT;Portugal;PT;Pourcentage de la population;F;Sexe feminin;Moins de 15 ans;12,575
2019;Y_LT15;PRT;Portugal;PS;Personnes;M;Sexe masculin;Moins de 15 ans;715353,0992
2019;Y_LT15;PRT;Portugal;PT;Pourcentage de la population;M;Sexe masculin;Moins de 15 ans;14,561
2020;Y15T64;PRT;Portugal;PS;Personnes;_T;Total;De 15 a 64 ans;6616292
2020;Y15T64;PRT;Portugal;PT;Pourcentage de la population;_T;Total;De 15 a 64 ans;63,711
2020;Y_GE65;PRT;Portugal;PS;Personnes;_T;Total;65 ans et plus;2385367,5
2020;Y_GE65;PRT;Portugal;PT;Pourcentage de la population;_T;Total;65 ans et plus;22,97
2020;Y15T64;PRT;Portugal;PS;Personnes;M;Sexe masculin;De 15 a 64 ans;3212570
2020;Y15T64;PRT;Portugal;PT;Pourcentage de la population;M;Sexe masculin;De 15 a 64 ans;65,099
2020;Y_GE65;PRT;Portugal;PS;Personnes;M;Sexe masculin;65 ans et plus;1015957,5
2020;Y_GE65;PRT;Portugal;PT;Pourcentage de la population;M;Sexe masculin;65 ans et plus;20,587
2020;Y_GE65;PRT;Portugal;PS;Personnes;F;Sexe feminin;65 ans et plus;1369410
2020;Y_GE65;PRT;Portugal;PT;Pourcentage de la population;F;Sexe feminin;65 ans et plus;25,127
2020;Y15T64;PRT;Portugal;PS;Personnes;F;Sexe feminin;De 15 a 64 ans;3403722
2020;Y15T64;PRT;Portugal;PT;Pourcentage de la population;F;Sexe feminin;De 15 a 64 ans;62,455
2020;Y_LT15;PRT;Portugal;PS;Personnes;_T;Total;Moins de 15 ans;1383157,639
2020;Y_LT15;PRT;Portugal;PT;Pourcentage de la population;_T;Total;Moins de 15 ans;13,319
2020;Y_LT15;PRT;Portugal;PS;Personnes;F;Sexe feminin;Moins de 15 ans;676770,5068
2020;Y_LT15;PRT;Portugal;PT;Pourcentage de la population;F;Sexe feminin;Moins de 15 ans;12,418
2020;Y_LT15;PRT;Portugal;PS;Personnes;M;Sexe masculin;Moins de 15 ans;706385,9518
2020;Y_LT15;PRT;Portugal;PT;Pourcentage de la population;M;Sexe masculin;Moins de 15 ans;14,314
2021;Y15T64;PRT;Portugal;PS;Personnes;_T;Total;De 15 a 64 ans;6604818,5
2021;Y15T64;PRT;Portugal;PT;Pourcentage de la population;_T;Total;De 15 a 64 ans;63,461
2021;Y_GE65;PRT;Portugal;PS;Personnes;_T;Total;65 ans et plus;2436948,5
2021;Y_GE65;PRT;Portugal;PT;Pourcentage de la population;_T;Total;65 ans et plus;23,415
2021;Y15T64;PRT;Portugal;PS;Personnes;M;Sexe masculin;De 15 a 64 ans;3213579
2021;Y15T64;PRT;Portugal;PT;Pourcentage de la population;M;Sexe masculin;De 15 a 64 ans;64,854
2021;Y_GE65;PRT;Portugal;PS;Personnes;M;Sexe masculin;65 ans et plus;1043548,5
2021;Y_GE65;PRT;Portugal;PT;Pourcentage de la population;M;Sexe masculin;65 ans et plus;21,06
2021;Y_GE65;PRT;Portugal;PS;Personnes;F;Sexe feminin;65 ans et plus;1393400
2021;Y_GE65;PRT;Portugal;PT;Pourcentage de la population;F;Sexe feminin;65 ans et plus;25,555
2021;Y15T64;PRT;Portugal;PS;Personnes;F;Sexe feminin;De 15 a 64 ans;3391239,5
2021;Y15T64;PRT;Portugal;PT;Pourcentage de la population;F;Sexe feminin;De 15 a 64 ans;62,194
2021;Y_LT15;PRT;Portugal;PS;Personnes;_T;Total;Moins de 15 ans;1365907,467
2021;Y_LT15;PRT;Portugal;PT;Pourcentage de la population;_T;Total;Moins de 15 ans;13,124
2021;Y_LT15;PRT;Portugal;PS;Personnes;F;Sexe feminin;Moins de 15 ans;668002,9877
2021;Y_LT15;PRT;Portugal;PT;Pourcentage de la population;F;Sexe feminin;Moins de 15 ans;12,251
2021;Y_LT15;PRT;Portugal;PS;Personnes;M;Sexe masculin;Moins de 15 ans;697921,1165
2021;Y_LT15;PRT;Portugal;PT;Pourcentage de la population;M;Sexe masculin;Moins de 15 ans;14,085
2022;Y15T64;PRT;Portugal;PS;Personnes;F;Sexe feminin;De 15 a 64 ans;3393874
2022;Y15T64;PRT;Portugal;PT;Pourcentage de la population;F;Sexe feminin;De 15 a 64 ans;61,99
2022;Y_GE65;PRT;Portugal;PS;Personnes;F;Sexe feminin;65 ans et plus;1417220,5
2022;Y_GE65;PRT;Portugal;PT;Pourcentage de la population;F;Sexe feminin;65 ans et plus;25,886
2022;Y_GE65;PRT;Portugal;PS;Personnes;M;Sexe masculin;65 ans et plus;1069053,5
2022;Y_GE65;PRT;Portugal;PT;Pourcentage de la population;M;Sexe masculin;65 ans et plus;21,407
2022;Y15T64;PRT;Portugal;PS;Personnes;M;Sexe masculin;De 15 a 64 ans;3229073,5
2022;Y15T64;PRT;Portugal;PT;Pourcentage de la population;M;Sexe masculin;De 15 a 64 ans;64,66
2022;Y_GE65;PRT;Portugal;PS;Personnes;_T;Total;65 ans et plus;2486274
2022;Y_GE65;PRT;Portugal;PT;Pourcentage de la population;_T;Total;65 ans et plus;23,749
2022;Y15T64;PRT;Portugal;PS;Personnes;_T;Total;De 15 a 64 ans;6622947,5
2022;Y15T64;PRT;Portugal;PT;Pourcentage de la population;_T;Total;De 15 a 64 ans;63,263
2022;Y_LT15;PRT;Portugal;PS;Personnes;_T;Total;Moins de 15 ans;1359696,706
2022;Y_LT15;PRT;Portugal;PT;Pourcentage de la population;_T;Total;Moins de 15 ans;12,988
2022;Y_LT15;PRT;Portugal;PS;Personnes;F;Sexe feminin;Moins de 15 ans;663833,3225
2022;Y_LT15;PRT;Portugal;PT;Pourcentage de la population;F;Sexe feminin;Moins de 15 ans;12,125
2022;Y_LT15;PRT;Portugal;PS;Personnes;M;Sexe masculin;Moins de 15 ans;695807,7502
2022;Y_LT15;PRT;Portugal;PT;Pourcentage de la population;M;Sexe masculin;Moins de 15 ans;13,933
2023;Y15T64;PRT;Portugal;PS;Personnes;F;Sexe feminin;De 15 a 64 ans;3417160
2023;Y15T64;PRT;Portugal;PT;Pourcentage de la population;F;Sexe feminin;De 15 a 64 ans;61,837
2023;Y_GE65;PRT;Portugal;PS;Personnes;F;Sexe feminin;65 ans et plus;1444045,5
2023;Y_GE65;PRT;Portugal;PT;Pourcentage de la population;F;Sexe feminin;65 ans et plus;26,132
2023;Y_GE65;PRT;Portugal;PS;Personnes;M;Sexe masculin;65 ans et plus;1093694
2023;Y_GE65;PRT;Portugal;PT;Pourcentage de la population;M;Sexe masculin;65 ans et plus;21,648
2023;Y15T64;PRT;Portugal;PS;Personnes;M;Sexe masculin;De 15 a 64 ans;3260654
2023;Y15T64;PRT;Portugal;PT;Pourcentage de la population;M;Sexe masculin;De 15 a 64 ans;64,54
2023;Y_GE65;PRT;Portugal;PS;Personnes;_T;Total;65 ans et plus;2537739,5
2023;Y_GE65;PRT;Portugal;PT;Pourcentage de la population;_T;Total;65 ans et plus;23,99
2023;Y15T64;PRT;Portugal;PS;Personnes;_T;Total;De 15 a 64 ans;6677814
2023;Y15T64;PRT;Portugal;PT;Pourcentage de la population;_T;Total;De 15 a 64 ans;63,128
2023;Y_LT15;PRT;Portugal;PS;Personnes;_T;Total;Moins de 15 ans;1362574,593
2023;Y_LT15;PRT;Portugal;PT;Pourcentage de la population;_T;Total;Moins de 15 ans;12,881
2023;Y_LT15;PRT;Portugal;PS;Personnes;F;Sexe feminin;Moins de 15 ans;664840,9403
2023;Y_LT15;PRT;Portugal;PT;Pourcentage de la population;F;Sexe feminin;Moins de 15 ans;12,031
2023;Y_LT15;PRT;Portugal;PS;Personnes;M;Sexe masculin;Moins de 15 ans;697746,6359
2023;Y_LT15;PRT;Portugal;PT;Pourcentage de la population;M;Sexe masculin;Moins de 15 ans;13,811
2024;Y15T64;PRT;Portugal;PS;Personnes;F;Sexe feminin;De 15 a 64 ans;3447209
2024;Y15T64;PRT;Portugal;PT;Pourcentage de la population;F;Sexe feminin;De 15 a 64 ans;61,71
2024;Y_GE65;PRT;Portugal;PS;Personnes;F;Sexe feminin;65 ans et plus;1472311
2024;Y_GE65;PRT;Portugal;PT;Pourcentage de la population;F;Sexe feminin;65 ans et plus;26,356
2024;Y_GE65;PRT;Portugal;PS;Personnes;M;Sexe masculin;65 ans et plus;1117930
2024;Y_GE65;PRT;Portugal;PT;Pourcentage de la population;M;Sexe masculin;65 ans et plus;21,856
2024;Y15T64;PRT;Portugal;PS;Personnes;M;Sexe masculin;De 15 a 64 ans;3297138
2024;Y15T64;PRT;Portugal;PT;Pourcentage de la population;M;Sexe masculin;De 15 a 64 ans;64,461
2024;Y_GE65;PRT;Portugal;PS;Personnes;_T;Total;65 ans et plus;2590241
2024;Y_GE65;PRT;Portugal;PT;Pourcentage de la population;_T;Total;65 ans et plus;24,205
2024;Y15T64;PRT;Portugal;PS;Personnes;_T;Total;De 15 a 64 ans;6744347
2024;Y15T64;PRT;Portugal;PT;Pourcentage de la population;_T;Total;De 15 a 64 ans;63,025
2024;Y_LT15;PRT;Portugal;PS;Personnes;_T;Total;Moins de 15 ans;1366534,046
2024;Y_LT15;PRT;Portugal;PT;Pourcentage de la population;_T;Total;Moins de 15 ans;12,77
2024;Y_LT15;PRT;Portugal;PS;Personnes;F;Sexe feminin;Moins de 15 ans;666653,5278
2024;Y_LT15;PRT;Portugal;PT;Pourcentage de la population;F;Sexe feminin;Moins de 15 ans;11,934
2024;Y_LT15;PRT;Portugal;PS;Personnes;M;Sexe masculin;Moins de 15 ans;699879,7031
2024;Y_LT15;PRT;Portugal;PT;Pourcentage de la population;M;Sexe masculin;Moins de 15 ans;13,683
2002;Y15T64;SVK;Republique slovaque;PS;Personnes;_T;Total;De 15 a 64 ans;3771588
2002;Y15T64;SVK;Republique slovaque;PT;Pourcentage de la population;_T;Total;De 15 a 64 ans;70,119
2002;Y_GE65;SVK;Republique slovaque;PS;Personnes;_T;Total;65 ans et plus;615970
2002;Y_GE65;SVK;Republique slovaque;PT;Pourcentage de la population;_T;Total;65 ans et plus;11,452
2002;Y15T64;SVK;Republique slovaque;PS;Personnes;M;Sexe masculin;De 15 a 64 ans;1871847
2002;Y15T64;SVK;Republique slovaque;PT;Pourcentage de la population;M;Sexe masculin;De 15 a 64 ans;71,678
2002;Y_GE65;SVK;Republique slovaque;PS;Personnes;M;Sexe masculin;65 ans et plus;232365
2002;Y_GE65;SVK;Republique slovaque;PT;Pourcentage de la population;M;Sexe masculin;65 ans et plus;8,898
2002;Y_GE65;SVK;Republique slovaque;PS;Personnes;F;Sexe feminin;65 ans et plus;383605
2002;Y_GE65;SVK;Republique slovaque;PT;Pourcentage de la population;F;Sexe feminin;65 ans et plus;13,862
2002;Y15T64;SVK;Republique slovaque;PS;Personnes;F;Sexe feminin;De 15 a 64 ans;1899741
2002;Y15T64;SVK;Republique slovaque;PT;Pourcentage de la population;F;Sexe feminin;De 15 a 64 ans;68,648
2002;Y_LT15;SVK;Republique slovaque;PS;Personnes;_T;Total;Moins de 15 ans;991260,7106
2002;Y_LT15;SVK;Republique slovaque;PT;Pourcentage de la population;_T;Total;Moins de 15 ans;18,429
2002;Y_LT15;SVK;Republique slovaque;PS;Personnes;F;Sexe feminin;Moins de 15 ans;484010,7393
2002;Y_LT15;SVK;Republique slovaque;PT;Pourcentage de la population;F;Sexe feminin;Moins de 15 ans;17,49
2002;Y_LT15;SVK;Republique slovaque;PS;Personnes;M;Sexe masculin;Moins de 15 ans;507248,4365
2002;Y_LT15;SVK;Republique slovaque;PT;Pourcentage de la population;M;Sexe masculin;Moins de 15 ans;19,424
2003;Y15T64;SVK;Republique slovaque;PS;Personnes;_T;Total;De 15 a 64 ans;3799884
2003;Y15T64;SVK;Republique slovaque;PT;Pourcentage de la population;_T;Total;De 15 a 64 ans;70,644
2003;Y_GE65;SVK;Republique slovaque;PS;Personnes;_T;Total;65 ans et plus;618894
2003;Y_GE65;SVK;Republique slovaque;PT;Pourcentage de la population;_T;Total;65 ans et plus;11,506
2003;Y15T64;SVK;Republique slovaque;PS;Personnes;M;Sexe masculin;De 15 a 64 ans;1886757
2003;Y15T64;SVK;Republique slovaque;PT;Pourcentage de la population;M;Sexe masculin;De 15 a 64 ans;72,265
2003;Y_GE65;SVK;Republique slovaque;PS;Personnes;M;Sexe masculin;65 ans et plus;232540
2003;Y_GE65;SVK;Republique slovaque;PT;Pourcentage de la population;M;Sexe masculin;65 ans et plus;8,907
2003;Y_GE65;SVK;Republique slovaque;PS;Personnes;F;Sexe feminin;65 ans et plus;386354
2003;Y_GE65;SVK;Republique slovaque;PT;Pourcentage de la population;F;Sexe feminin;65 ans et plus;13,957
2003;Y15T64;SVK;Republique slovaque;PS;Personnes;F;Sexe feminin;De 15 a 64 ans;1913127
2003;Y15T64;SVK;Republique slovaque;PT;Pourcentage de la population;F;Sexe feminin;De 15 a 64 ans;69,114
2003;Y_LT15;SVK;Republique slovaque;PS;Personnes;_T;Total;Moins de 15 ans;960196,3645
2003;Y_LT15;SVK;Republique slovaque;PT;Pourcentage de la population;_T;Total;Moins de 15 ans;17,851
2003;Y_LT15;SVK;Republique slovaque;PS;Personnes;F;Sexe feminin;Moins de 15 ans;468607,9246
2003;Y_LT15;SVK;Republique slovaque;PT;Pourcentage de la population;F;Sexe feminin;Moins de 15 ans;16,929
2003;Y_LT15;SVK;Republique slovaque;PS;Personnes;M;Sexe masculin;Moins de 15 ans;491574,9802
2003;Y_LT15;SVK;Republique slovaque;PT;Pourcentage de la population;M;Sexe masculin;Moins de 15 ans;18,828
2004;Y15T64;SVK;Republique slovaque;PS;Personnes;_T;Total;De 15 a 64 ans;3825935
2004;Y15T64;SVK;Republique slovaque;PT;Pourcentage de la population;_T;Total;De 15 a 64 ans;71,08
2004;Y_GE65;SVK;Republique slovaque;PS;Personnes;_T;Total;65 ans et plus;624712
2004;Y_GE65;SVK;Republique slovaque;PT;Pourcentage de la population;_T;Total;65 ans et plus;11,606
2004;Y15T64;SVK;Republique slovaque;PS;Personnes;M;Sexe masculin;De 15 a 64 ans;1901031
2004;Y15T64;SVK;Republique slovaque;PT;Pourcentage de la population;M;Sexe masculin;De 15 a 64 ans;72,772
2004;Y_GE65;SVK;Republique slovaque;PS;Personnes;M;Sexe masculin;65 ans et plus;233988
2004;Y_GE65;SVK;Republique slovaque;PT;Pourcentage de la population;M;Sexe masculin;65 ans et plus;8,957
2004;Y_GE65;SVK;Republique slovaque;PS;Personnes;F;Sexe feminin;65 ans et plus;390724
2004;Y_GE65;SVK;Republique slovaque;PT;Pourcentage de la population;F;Sexe feminin;65 ans et plus;14,104
2004;Y15T64;SVK;Republique slovaque;PS;Personnes;F;Sexe feminin;De 15 a 64 ans;1924904
2004;Y15T64;SVK;Republique slovaque;PT;Pourcentage de la population;F;Sexe feminin;De 15 a 64 ans;69,485
2004;Y_LT15;SVK;Republique slovaque;PS;Personnes;_T;Total;Moins de 15 ans;931938,8624
2004;Y_LT15;SVK;Republique slovaque;PT;Pourcentage de la population;_T;Total;Moins de 15 ans;17,314
2004;Y_LT15;SVK;Republique slovaque;PS;Personnes;F;Sexe feminin;Moins de 15 ans;454627,5327
2004;Y_LT15;SVK;Republique slovaque;PT;Pourcentage de la population;F;Sexe feminin;Moins de 15 ans;16,411
2004;Y_LT15;SVK;Republique slovaque;PS;Personnes;M;Sexe masculin;Moins de 15 ans;477295,7082
2004;Y_LT15;SVK;Republique slovaque;PT;Pourcentage de la population;M;Sexe masculin;Moins de 15 ans;18,271
2005;Y15T64;SVK;Republique slovaque;PS;Personnes;_T;Total;De 15 a 64 ans;3849535
2005;Y15T64;SVK;Republique slovaque;PT;Pourcentage de la population;_T;Total;De 15 a 64 ans;71,456
2005;Y_GE65;SVK;Republique slovaque;PS;Personnes;_T;Total;65 ans et plus;630927
2005;Y_GE65;SVK;Republique slovaque;PT;Pourcentage de la population;_T;Total;65 ans et plus;11,711
2005;Y15T64;SVK;Republique slovaque;PS;Personnes;M;Sexe masculin;De 15 a 64 ans;1914534
2005;Y15T64;SVK;Republique slovaque;PT;Pourcentage de la population;M;Sexe masculin;De 15 a 64 ans;73,216
2005;Y_GE65;SVK;Republique slovaque;PS;Personnes;M;Sexe masculin;65 ans et plus;235926
2005;Y_GE65;SVK;Republique slovaque;PT;Pourcentage de la population;M;Sexe masculin;65 ans et plus;9,022
2005;Y_GE65;SVK;Republique slovaque;PS;Personnes;F;Sexe feminin;65 ans et plus;395001
2005;Y_GE65;SVK;Republique slovaque;PT;Pourcentage de la population;F;Sexe feminin;65 ans et plus;14,248
2005;Y15T64;SVK;Republique slovaque;PS;Personnes;F;Sexe feminin;De 15 a 64 ans;1935001
2005;Y15T64;SVK;Republique slovaque;PT;Pourcentage de la population;F;Sexe feminin;De 15 a 64 ans;69,796
2005;Y_LT15;SVK;Republique slovaque;PS;Personnes;_T;Total;Moins de 15 ans;906841,6841
2005;Y_LT15;SVK;Republique slovaque;PT;Pourcentage de la population;_T;Total;Moins de 15 ans;16,833
2005;Y_LT15;SVK;Republique slovaque;PS;Personnes;F;Sexe feminin;Moins de 15 ans;442359,8359
2005;Y_LT15;SVK;Republique slovaque;PT;Pourcentage de la population;F;Sexe feminin;Moins de 15 ans;15,956
2005;Y_LT15;SVK;Republique slovaque;PS;Personnes;M;Sexe masculin;Moins de 15 ans;464460,6694
2005;Y_LT15;SVK;Republique slovaque;PT;Pourcentage de la population;M;Sexe masculin;Moins de 15 ans;17,762
2006;Y15T64;SVK;Republique slovaque;PS;Personnes;_T;Total;De 15 a 64 ans;3870796
2006;Y15T64;SVK;Republique slovaque;PT;Pourcentage de la population;_T;Total;De 15 a 64 ans;71,799
2006;Y_GE65;SVK;Republique slovaque;PS;Personnes;_T;Total;65 ans et plus;637734
2006;Y_GE65;SVK;Republique slovaque;PT;Pourcentage de la population;_T;Total;65 ans et plus;11,829
2006;Y15T64;SVK;Republique slovaque;PS;Personnes;M;Sexe masculin;De 15 a 64 ans;1926612
2006;Y15T64;SVK;Republique slovaque;PT;Pourcentage de la population;M;Sexe masculin;De 15 a 64 ans;73,621
2006;Y_GE65;SVK;Republique slovaque;PS;Personnes;M;Sexe masculin;65 ans et plus;238168
2006;Y_GE65;SVK;Republique slovaque;PT;Pourcentage de la population;M;Sexe masculin;65 ans et plus;9,101
2006;Y_GE65;SVK;Republique slovaque;PS;Personnes;F;Sexe feminin;65 ans et plus;399566
2006;Y_GE65;SVK;Republique slovaque;PT;Pourcentage de la population;F;Sexe feminin;65 ans et plus;14,403
2006;Y15T64;SVK;Republique slovaque;PS;Personnes;F;Sexe feminin;De 15 a 64 ans;1944184
2006;Y15T64;SVK;Republique slovaque;PT;Pourcentage de la population;F;Sexe feminin;De 15 a 64 ans;70,079
2006;Y_LT15;SVK;Republique slovaque;PS;Personnes;_T;Total;Moins de 15 ans;882644,6445
2006;Y_LT15;SVK;Republique slovaque;PT;Pourcentage de la population;_T;Total;Moins de 15 ans;16,372
2006;Y_LT15;SVK;Republique slovaque;PS;Personnes;F;Sexe feminin;Moins de 15 ans;430509,6668
2006;Y_LT15;SVK;Republique slovaque;PT;Pourcentage de la population;F;Sexe feminin;Moins de 15 ans;15,518
2006;Y_LT15;SVK;Republique slovaque;PS;Personnes;M;Sexe masculin;Moins de 15 ans;452152,1287
2006;Y_LT15;SVK;Republique slovaque;PT;Pourcentage de la population;M;Sexe masculin;Moins de 15 ans;17,278
2007;Y15T64;SVK;Republique slovaque;PS;Personnes;_T;Total;De 15 a 64 ans;3891783
2007;Y15T64;SVK;Republique slovaque;PT;Pourcentage de la population;_T;Total;De 15 a 64 ans;72,1
2007;Y_GE65;SVK;Republique slovaque;PS;Personnes;_T;Total;65 ans et plus;644927
2007;Y_GE65;SVK;Republique slovaque;PT;Pourcentage de la population;_T;Total;65 ans et plus;11,948
2007;Y15T64;SVK;Republique slovaque;PS;Personnes;M;Sexe masculin;De 15 a 64 ans;1939200
2007;Y15T64;SVK;Republique slovaque;PT;Pourcentage de la population;M;Sexe masculin;De 15 a 64 ans;73,984
2007;Y_GE65;SVK;Republique slovaque;PS;Personnes;M;Sexe masculin;65 ans et plus;240619
2007;Y_GE65;SVK;Republique slovaque;PT;Pourcentage de la population;M;Sexe masculin;65 ans et plus;9,18
2007;Y_GE65;SVK;Republique slovaque;PS;Personnes;F;Sexe feminin;65 ans et plus;404308
2007;Y_GE65;SVK;Republique slovaque;PT;Pourcentage de la population;F;Sexe feminin;65 ans et plus;14,561
2007;Y15T64;SVK;Republique slovaque;PS;Personnes;F;Sexe feminin;De 15 a 64 ans;1952583
2007;Y15T64;SVK;Republique slovaque;PT;Pourcentage de la population;F;Sexe feminin;De 15 a 64 ans;70,321
2007;Y_LT15;SVK;Republique slovaque;PS;Personnes;_T;Total;Moins de 15 ans;861051,6323
2007;Y_LT15;SVK;Republique slovaque;PT;Pourcentage de la population;_T;Total;Moins de 15 ans;15,952
2007;Y_LT15;SVK;Republique slovaque;PS;Personnes;F;Sexe feminin;Moins de 15 ans;419777,1218
2007;Y_LT15;SVK;Republique slovaque;PT;Pourcentage de la population;F;Sexe feminin;Moins de 15 ans;15,118
2007;Y_LT15;SVK;Republique slovaque;PS;Personnes;M;Sexe masculin;Moins de 15 ans;441287,5542
2007;Y_LT15;SVK;Republique slovaque;PT;Pourcentage de la population;M;Sexe masculin;Moins de 15 ans;16,836
2008;Y15T64;SVK;Republique slovaque;PS;Personnes;_T;Total;De 15 a 64 ans;3910926
2008;Y15T64;SVK;Republique slovaque;PT;Pourcentage de la population;_T;Total;De 15 a 64 ans;72,331
2008;Y_GE65;SVK;Republique slovaque;PS;Personnes;_T;Total;65 ans et plus;652292
2008;Y_GE65;SVK;Republique slovaque;PT;Pourcentage de la population;_T;Total;65 ans et plus;12,064
2008;Y15T64;SVK;Republique slovaque;PS;Personnes;M;Sexe masculin;De 15 a 64 ans;1951139
2008;Y15T64;SVK;Republique slovaque;PT;Pourcentage de la population;M;Sexe masculin;De 15 a 64 ans;74,275
2008;Y_GE65;SVK;Republique slovaque;PS;Personnes;M;Sexe masculin;65 ans et plus;243298
2008;Y_GE65;SVK;Republique slovaque;PT;Pourcentage de la population;M;Sexe masculin;65 ans et plus;9,262
2008;Y_GE65;SVK;Republique slovaque;PS;Personnes;F;Sexe feminin;65 ans et plus;408994
2008;Y_GE65;SVK;Republique slovaque;PT;Pourcentage de la population;F;Sexe feminin;65 ans et plus;14,712
2008;Y15T64;SVK;Republique slovaque;PS;Personnes;F;Sexe feminin;De 15 a 64 ans;1959787
2008;Y15T64;SVK;Republique slovaque;PT;Pourcentage de la population;F;Sexe feminin;De 15 a 64 ans;70,494
2008;Y_LT15;SVK;Republique slovaque;PS;Personnes;_T;Total;Moins de 15 ans;843757,9806
2008;Y_LT15;SVK;Republique slovaque;PT;Pourcentage de la population;_T;Total;Moins de 15 ans;15,605
2008;Y_LT15;SVK;Republique slovaque;PS;Personnes;F;Sexe feminin;Moins de 15 ans;411284,5914
2008;Y_LT15;SVK;Republique slovaque;PT;Pourcentage de la population;F;Sexe feminin;Moins de 15 ans;14,794
2008;Y_LT15;SVK;Republique slovaque;PS;Personnes;M;Sexe masculin;Moins de 15 ans;432465,7239
2008;Y_LT15;SVK;Republique slovaque;PT;Pourcentage de la population;M;Sexe masculin;Moins de 15 ans;16,463
2009;Y15T64;SVK;Republique slovaque;PS;Personnes;_T;Total;De 15 a 64 ans;3923511
2009;Y15T64;SVK;Republique slovaque;PT;Pourcentage de la population;_T;Total;De 15 a 64 ans;72,411
2009;Y_GE65;SVK;Republique slovaque;PS;Personnes;_T;Total;65 ans et plus;660945
2009;Y_GE65;SVK;Republique slovaque;PT;Pourcentage de la population;_T;Total;65 ans et plus;12,198
2009;Y15T64;SVK;Republique slovaque;PS;Personnes;M;Sexe masculin;De 15 a 64 ans;1959240
2009;Y15T64;SVK;Republique slovaque;PT;Pourcentage de la population;M;Sexe masculin;De 15 a 64 ans;74,399
2009;Y_GE65;SVK;Republique slovaque;PS;Personnes;M;Sexe masculin;65 ans et plus;246669
2009;Y_GE65;SVK;Republique slovaque;PT;Pourcentage de la population;M;Sexe masculin;65 ans et plus;9,367
2009;Y_GE65;SVK;Republique slovaque;PS;Personnes;F;Sexe feminin;65 ans et plus;414276
2009;Y_GE65;SVK;Republique slovaque;PT;Pourcentage de la population;F;Sexe feminin;65 ans et plus;14,876
2009;Y15T64;SVK;Republique slovaque;PS;Personnes;F;Sexe feminin;De 15 a 64 ans;1964271
2009;Y15T64;SVK;Republique slovaque;PT;Pourcentage de la population;F;Sexe feminin;De 15 a 64 ans;70,532
2009;Y_LT15;SVK;Republique slovaque;PS;Personnes;_T;Total;Moins de 15 ans;833941,9423
2009;Y_LT15;SVK;Republique slovaque;PT;Pourcentage de la population;_T;Total;Moins de 15 ans;15,391
2009;Y_LT15;SVK;Republique slovaque;PS;Personnes;F;Sexe feminin;Moins de 15 ans;406407,1698
2009;Y_LT15;SVK;Republique slovaque;PT;Pourcentage de la population;F;Sexe feminin;Moins de 15 ans;14,593
2009;Y_LT15;SVK;Republique slovaque;PS;Personnes;M;Sexe masculin;Moins de 15 ans;427510,7015
2009;Y_LT15;SVK;Republique slovaque;PT;Pourcentage de la population;M;Sexe masculin;Moins de 15 ans;16,234
2010;Y15T64;SVK;Republique slovaque;PS;Personnes;_T;Total;De 15 a 64 ans;3928839
2010;Y15T64;SVK;Republique slovaque;PT;Pourcentage de la population;_T;Total;De 15 a 64 ans;72,341
2010;Y_GE65;SVK;Republique slovaque;PS;Personnes;_T;Total;65 ans et plus;670939
2010;Y_GE65;SVK;Republique slovaque;PT;Pourcentage de la population;_T;Total;65 ans et plus;12,354
2010;Y15T64;SVK;Republique slovaque;PS;Personnes;M;Sexe masculin;De 15 a 64 ans;1962973
2010;Y15T64;SVK;Republique slovaque;PT;Pourcentage de la population;M;Sexe masculin;De 15 a 64 ans;74,358
2010;Y_GE65;SVK;Republique slovaque;PS;Personnes;M;Sexe masculin;65 ans et plus;250743
2010;Y_GE65;SVK;Republique slovaque;PT;Pourcentage de la population;M;Sexe masculin;65 ans et plus;9,498
2010;Y_GE65;SVK;Republique slovaque;PS;Personnes;F;Sexe feminin;65 ans et plus;420196
2010;Y_GE65;SVK;Republique slovaque;PT;Pourcentage de la population;F;Sexe feminin;65 ans et plus;15,055
2010;Y15T64;SVK;Republique slovaque;PS;Personnes;F;Sexe feminin;De 15 a 64 ans;1965866
2010;Y15T64;SVK;Republique slovaque;PT;Pourcentage de la population;F;Sexe feminin;De 15 a 64 ans;70,433
2010;Y_LT15;SVK;Republique slovaque;PS;Personnes;_T;Total;Moins de 15 ans;831272,5334
2010;Y_LT15;SVK;Republique slovaque;PT;Pourcentage de la population;_T;Total;Moins de 15 ans;15,306
2010;Y_LT15;SVK;Republique slovaque;PS;Personnes;F;Sexe feminin;Moins de 15 ans;405076,4066
2010;Y_LT15;SVK;Republique slovaque;PT;Pourcentage de la population;F;Sexe feminin;Moins de 15 ans;14,513
2010;Y_LT15;SVK;Republique slovaque;PS;Personnes;M;Sexe masculin;Moins de 15 ans;426184,8102
2010;Y_LT15;SVK;Republique slovaque;PT;Pourcentage de la population;M;Sexe masculin;Moins de 15 ans;16,144
2011;Y15T64;SVK;Republique slovaque;PS;Personnes;_T;Total;De 15 a 64 ans;3881765
2011;Y15T64;SVK;Republique slovaque;PT;Pourcentage de la population;_T;Total;De 15 a 64 ans;71,906
2011;Y_GE65;SVK;Republique slovaque;PS;Personnes;_T;Total;65 ans et plus;684555
2011;Y_GE65;SVK;Republique slovaque;PT;Pourcentage de la population;_T;Total;65 ans et plus;12,681
2011;Y15T64;SVK;Republique slovaque;PS;Personnes;M;Sexe masculin;De 15 a 64 ans;1944141
2011;Y15T64;SVK;Republique slovaque;PT;Pourcentage de la population;M;Sexe masculin;De 15 a 64 ans;73,965
2011;Y_GE65;SVK;Republique slovaque;PS;Personnes;M;Sexe masculin;65 ans et plus;257279,5
2011;Y_GE65;SVK;Republique slovaque;PT;Pourcentage de la population;M;Sexe masculin;65 ans et plus;9,788
2011;Y_GE65;SVK;Republique slovaque;PS;Personnes;F;Sexe feminin;65 ans et plus;427275,5
2011;Y_GE65;SVK;Republique slovaque;PT;Pourcentage de la population;F;Sexe feminin;65 ans et plus;15,426
2011;Y15T64;SVK;Republique slovaque;PS;Personnes;F;Sexe feminin;De 15 a 64 ans;1937624
2011;Y15T64;SVK;Republique slovaque;PT;Pourcentage de la population;F;Sexe feminin;De 15 a 64 ans;69,952
2011;Y_LT15;SVK;Republique slovaque;PS;Personnes;_T;Total;Moins de 15 ans;832052,9259
2011;Y_LT15;SVK;Republique slovaque;PT;Pourcentage de la population;_T;Total;Moins de 15 ans;15,413
2011;Y_LT15;SVK;Republique slovaque;PS;Personnes;F;Sexe feminin;Moins de 15 ans;405017,9217
2011;Y_LT15;SVK;Republique slovaque;PT;Pourcentage de la population;F;Sexe feminin;Moins de 15 ans;14,622
2011;Y_LT15;SVK;Republique slovaque;PS;Personnes;M;Sexe masculin;Moins de 15 ans;427046,3024
2011;Y_LT15;SVK;Republique slovaque;PT;Pourcentage de la population;M;Sexe masculin;Moins de 15 ans;16,247
2012;Y15T64;SVK;Republique slovaque;PS;Personnes;_T;Total;De 15 a 64 ans;3875563
2012;Y15T64;SVK;Republique slovaque;PT;Pourcentage de la population;_T;Total;De 15 a 64 ans;71,669
2012;Y_GE65;SVK;Republique slovaque;PS;Personnes;_T;Total;65 ans et plus;700442
2012;Y_GE65;SVK;Republique slovaque;PT;Pourcentage de la population;_T;Total;65 ans et plus;12,953
2012;Y15T64;SVK;Republique slovaque;PS;Personnes;M;Sexe masculin;De 15 a 64 ans;1942557,5
2012;Y15T64;SVK;Republique slovaque;PT;Pourcentage de la population;M;Sexe masculin;De 15 a 64 ans;73,753
2012;Y_GE65;SVK;Republique slovaque;PS;Personnes;M;Sexe masculin;65 ans et plus;264632,5
2012;Y_GE65;SVK;Republique slovaque;PT;Pourcentage de la population;M;Sexe masculin;65 ans et plus;10,047
2012;Y_GE65;SVK;Republique slovaque;PS;Personnes;F;Sexe feminin;65 ans et plus;435809,5
2012;Y_GE65;SVK;Republique slovaque;PT;Pourcentage de la population;F;Sexe feminin;65 ans et plus;15,712
2012;Y15T64;SVK;Republique slovaque;PS;Personnes;F;Sexe feminin;De 15 a 64 ans;1933005,5
2012;Y15T64;SVK;Republique slovaque;PT;Pourcentage de la population;F;Sexe feminin;De 15 a 64 ans;69,69
2012;Y_LT15;SVK;Republique slovaque;PS;Personnes;_T;Total;Moins de 15 ans;831577,4986
2012;Y_LT15;SVK;Republique slovaque;PT;Pourcentage de la population;_T;Total;Moins de 15 ans;15,378
2012;Y_LT15;SVK;Republique slovaque;PS;Personnes;F;Sexe feminin;Moins de 15 ans;404906,6967
2012;Y_LT15;SVK;Republique slovaque;PT;Pourcentage de la population;F;Sexe feminin;Moins de 15 ans;14,598
2012;Y_LT15;SVK;Republique slovaque;PS;Personnes;M;Sexe masculin;Moins de 15 ans;426686,211
2012;Y_LT15;SVK;Republique slovaque;PT;Pourcentage de la population;M;Sexe masculin;Moins de 15 ans;16,2
2013;Y15T64;SVK;Republique slovaque;PS;Personnes;_T;Total;De 15 a 64 ans;3860962
2013;Y15T64;SVK;Republique slovaque;PT;Pourcentage de la population;_T;Total;De 15 a 64 ans;71,322
2013;Y_GE65;SVK;Republique slovaque;PS;Personnes;_T;Total;65 ans et plus;722021
2013;Y_GE65;SVK;Republique slovaque;PT;Pourcentage de la population;_T;Total;65 ans et plus;13,338
2013;Y15T64;SVK;Republique slovaque;PS;Personnes;M;Sexe masculin;De 15 a 64 ans;1936913,5
2013;Y15T64;SVK;Republique slovaque;PT;Pourcentage de la population;M;Sexe masculin;De 15 a 64 ans;73,437
2013;Y_GE65;SVK;Republique slovaque;PS;Personnes;M;Sexe masculin;65 ans et plus;274524
2013;Y_GE65;SVK;Republique slovaque;PT;Pourcentage de la population;M;Sexe masculin;65 ans et plus;10,408
2013;Y_GE65;SVK;Republique slovaque;PS;Personnes;F;Sexe feminin;65 ans et plus;447497
2013;Y_GE65;SVK;Republique slovaque;PT;Pourcentage de la population;F;Sexe feminin;65 ans et plus;16,121
2013;Y15T64;SVK;Republique slovaque;PS;Personnes;F;Sexe feminin;De 15 a 64 ans;1924048,5
2013;Y15T64;SVK;Republique slovaque;PT;Pourcentage de la population;F;Sexe feminin;De 15 a 64 ans;69,313
2013;Y_LT15;SVK;Republique slovaque;PS;Personnes;_T;Total;Moins de 15 ans;830414,4095
2013;Y_LT15;SVK;Republique slovaque;PT;Pourcentage de la population;_T;Total;Moins de 15 ans;15,34
2013;Y_LT15;SVK;Republique slovaque;PS;Personnes;F;Sexe feminin;Moins de 15 ans;404333,6612
2013;Y_LT15;SVK;Republique slovaque;PT;Pourcentage de la population;F;Sexe feminin;Moins de 15 ans;14,566
2013;Y_LT15;SVK;Republique slovaque;PS;Personnes;M;Sexe masculin;Moins de 15 ans;426091,2752
2013;Y_LT15;SVK;Republique slovaque;PT;Pourcentage de la population;M;Sexe masculin;Moins de 15 ans;16,155
2014;Y15T64;SVK;Republique slovaque;PS;Personnes;_T;Total;De 15 a 64 ans;3843588,5
2014;Y15T64;SVK;Republique slovaque;PT;Pourcentage de la population;_T;Total;De 15 a 64 ans;70,933
2014;Y_GE65;SVK;Republique slovaque;PS;Personnes;_T;Total;65 ans et plus;745007,5
2014;Y_GE65;SVK;Republique slovaque;PT;Pourcentage de la population;_T;Total;65 ans et plus;13,749
2014;Y15T64;SVK;Republique slovaque;PS;Personnes;M;Sexe masculin;De 15 a 64 ans;1929731
2014;Y15T64;SVK;Republique slovaque;PT;Pourcentage de la population;M;Sexe masculin;De 15 a 64 ans;73,077
2014;Y_GE65;SVK;Republique slovaque;PS;Personnes;M;Sexe masculin;65 ans et plus;285124,5
2014;Y_GE65;SVK;Republique slovaque;PT;Pourcentage de la population;M;Sexe masculin;65 ans et plus;10,797
2014;Y_GE65;SVK;Republique slovaque;PS;Personnes;F;Sexe feminin;65 ans et plus;459883
2014;Y_GE65;SVK;Republique slovaque;PT;Pourcentage de la population;F;Sexe feminin;65 ans et plus;16,555
2014;Y15T64;SVK;Republique slovaque;PS;Personnes;F;Sexe feminin;De 15 a 64 ans;1913857,5
2014;Y15T64;SVK;Republique slovaque;PT;Pourcentage de la population;F;Sexe feminin;De 15 a 64 ans;68,894
2014;Y_LT15;SVK;Republique slovaque;PS;Personnes;_T;Total;Moins de 15 ans;830028,6538
2014;Y_LT15;SVK;Republique slovaque;PT;Pourcentage de la population;_T;Total;Moins de 15 ans;15,318
2014;Y_LT15;SVK;Republique slovaque;PS;Personnes;F;Sexe feminin;Moins de 15 ans;404220,2321
2014;Y_LT15;SVK;Republique slovaque;PT;Pourcentage de la population;F;Sexe feminin;Moins de 15 ans;14,551
2014;Y_LT15;SVK;Republique slovaque;PS;Personnes;M;Sexe masculin;Moins de 15 ans;425838,3144
2014;Y_LT15;SVK;Republique slovaque;PT;Pourcentage de la population;M;Sexe masculin;Moins de 15 ans;16,126
2015;Y15T64;SVK;Republique slovaque;PS;Personnes;_T;Total;De 15 a 64 ans;3822281
2015;Y15T64;SVK;Republique slovaque;PT;Pourcentage de la population;_T;Total;De 15 a 64 ans;70,472
2015;Y_GE65;SVK;Republique slovaque;PS;Personnes;_T;Total;65 ans et plus;770407,5
2015;Y_GE65;SVK;Republique slovaque;PT;Pourcentage de la population;_T;Total;65 ans et plus;14,204
2015;Y15T64;SVK;Republique slovaque;PS;Personnes;M;Sexe masculin;De 15 a 64 ans;1920765,5
2015;Y15T64;SVK;Republique slovaque;PT;Pourcentage de la population;M;Sexe masculin;De 15 a 64 ans;72,641
2015;Y_GE65;SVK;Republique slovaque;PS;Personnes;M;Sexe masculin;65 ans et plus;297004
2015;Y_GE65;SVK;Republique slovaque;PT;Pourcentage de la population;M;Sexe masculin;65 ans et plus;11,232
2015;Y_GE65;SVK;Republique slovaque;PS;Personnes;F;Sexe feminin;65 ans et plus;473403,5
2015;Y_GE65;SVK;Republique slovaque;PT;Pourcentage de la population;F;Sexe feminin;65 ans et plus;17,031
2015;Y15T64;SVK;Republique slovaque;PS;Personnes;F;Sexe feminin;De 15 a 64 ans;1901515,5
2015;Y15T64;SVK;Republique slovaque;PT;Pourcentage de la population;F;Sexe feminin;De 15 a 64 ans;68,41
2015;Y_LT15;SVK;Republique slovaque;PS;Personnes;_T;Total;Moins de 15 ans;831088,9506
2015;Y_LT15;SVK;Republique slovaque;PT;Pourcentage de la population;_T;Total;Moins de 15 ans;15,323
2015;Y_LT15;SVK;Republique slovaque;PS;Personnes;F;Sexe feminin;Moins de 15 ans;404681,3088
2015;Y_LT15;SVK;Republique slovaque;PT;Pourcentage de la population;F;Sexe feminin;Moins de 15 ans;14,559
2015;Y_LT15;SVK;Republique slovaque;PS;Personnes;M;Sexe masculin;Moins de 15 ans;426430,9404
2015;Y_LT15;SVK;Republique slovaque;PT;Pourcentage de la population;M;Sexe masculin;Moins de 15 ans;16,127
2016;Y15T64;SVK;Republique slovaque;PS;Personnes;_T;Total;De 15 a 64 ans;3795364,5
2016;Y15T64;SVK;Republique slovaque;PT;Pourcentage de la population;_T;Total;De 15 a 64 ans;69,886
2016;Y_GE65;SVK;Republique slovaque;PS;Personnes;_T;Total;65 ans et plus;799297,5
2016;Y_GE65;SVK;Republique slovaque;PT;Pourcentage de la population;_T;Total;65 ans et plus;14,718
2016;Y15T64;SVK;Republique slovaque;PS;Personnes;M;Sexe masculin;De 15 a 64 ans;1909391
2016;Y15T64;SVK;Republique slovaque;PT;Pourcentage de la population;M;Sexe masculin;De 15 a 64 ans;72,083
2016;Y_GE65;SVK;Republique slovaque;PS;Personnes;M;Sexe masculin;65 ans et plus;310582
2016;Y_GE65;SVK;Republique slovaque;PT;Pourcentage de la population;M;Sexe masculin;65 ans et plus;11,725
2016;Y_GE65;SVK;Republique slovaque;PS;Personnes;F;Sexe feminin;65 ans et plus;488715,5
2016;Y_GE65;SVK;Republique slovaque;PT;Pourcentage de la population;F;Sexe feminin;65 ans et plus;17,568
2016;Y15T64;SVK;Republique slovaque;PS;Personnes;F;Sexe feminin;De 15 a 64 ans;1885973,5
2016;Y15T64;SVK;Republique slovaque;PT;Pourcentage de la population;F;Sexe feminin;De 15 a 64 ans;67,794
2016;Y_LT15;SVK;Republique slovaque;PS;Personnes;_T;Total;Moins de 15 ans;836125,5831
2016;Y_LT15;SVK;Republique slovaque;PT;Pourcentage de la population;_T;Total;Moins de 15 ans;15,396
2016;Y_LT15;SVK;Republique slovaque;PS;Personnes;F;Sexe feminin;Moins de 15 ans;407216,6445
2016;Y_LT15;SVK;Republique slovaque;PT;Pourcentage de la population;F;Sexe feminin;Moins de 15 ans;14,638
2016;Y_LT15;SVK;Republique slovaque;PS;Personnes;M;Sexe masculin;Moins de 15 ans;428907,1354
2016;Y_LT15;SVK;Republique slovaque;PT;Pourcentage de la population;M;Sexe masculin;Moins de 15 ans;16,192
2017;Y15T64;SVK;Republique slovaque;PS;Personnes;_T;Total;De 15 a 64 ans;3764510
2017;Y15T64;SVK;Republique slovaque;PT;Pourcentage de la population;_T;Total;De 15 a 64 ans;69,21
2017;Y_GE65;SVK;Republique slovaque;PS;Personnes;_T;Total;65 ans et plus;829757
2017;Y_GE65;SVK;Republique slovaque;PT;Pourcentage de la population;_T;Total;65 ans et plus;15,255
2017;Y15T64;SVK;Republique slovaque;PS;Personnes;M;Sexe masculin;De 15 a 64 ans;1895943,5
2017;Y15T64;SVK;Republique slovaque;PT;Pourcentage de la population;M;Sexe masculin;De 15 a 64 ans;71,435
2017;Y_GE65;SVK;Republique slovaque;PS;Personnes;M;Sexe masculin;65 ans et plus;324819
2017;Y_GE65;SVK;Republique slovaque;PT;Pourcentage de la population;M;Sexe masculin;65 ans et plus;12,238
2017;Y_GE65;SVK;Republique slovaque;PS;Personnes;F;Sexe feminin;65 ans et plus;504938
2017;Y_GE65;SVK;Republique slovaque;PT;Pourcentage de la population;F;Sexe feminin;65 ans et plus;18,13
2017;Y15T64;SVK;Republique slovaque;PS;Personnes;F;Sexe feminin;De 15 a 64 ans;1868566,5
2017;Y15T64;SVK;Republique slovaque;PT;Pourcentage de la population;F;Sexe feminin;De 15 a 64 ans;67,091
2017;Y_LT15;SVK;Republique slovaque;PS;Personnes;_T;Total;Moins de 15 ans;844984,6135
2017;Y_LT15;SVK;Republique slovaque;PT;Pourcentage de la population;_T;Total;Moins de 15 ans;15,535
2017;Y_LT15;SVK;Republique slovaque;PS;Personnes;F;Sexe feminin;Moins de 15 ans;411614,7322
2017;Y_LT15;SVK;Republique slovaque;PT;Pourcentage de la population;F;Sexe feminin;Moins de 15 ans;14,779
2017;Y_LT15;SVK;Republique slovaque;PS;Personnes;M;Sexe masculin;Moins de 15 ans;433334,7437
2017;Y_LT15;SVK;Republique slovaque;PT;Pourcentage de la population;M;Sexe masculin;Moins de 15 ans;16,327
2018;Y15T64;SVK;Republique slovaque;PS;Personnes;_T;Total;De 15 a 64 ans;3733312
2018;Y15T64;SVK;Republique slovaque;PT;Pourcentage de la population;_T;Total;De 15 a 64 ans;68,542
2018;Y_GE65;SVK;Republique slovaque;PS;Personnes;_T;Total;65 ans et plus;859587
2018;Y_GE65;SVK;Republique slovaque;PT;Pourcentage de la population;_T;Total;65 ans et plus;15,782
2018;Y15T64;SVK;Republique slovaque;PS;Personnes;M;Sexe masculin;De 15 a 64 ans;1881917
2018;Y15T64;SVK;Republique slovaque;PT;Pourcentage de la population;M;Sexe masculin;De 15 a 64 ans;70,781
2018;Y_GE65;SVK;Republique slovaque;PS;Personnes;M;Sexe masculin;65 ans et plus;338908,5
2018;Y_GE65;SVK;Republique slovaque;PT;Pourcentage de la population;M;Sexe masculin;65 ans et plus;12,747
2018;Y_GE65;SVK;Republique slovaque;PS;Personnes;F;Sexe feminin;65 ans et plus;520678,5
2018;Y_GE65;SVK;Republique slovaque;PT;Pourcentage de la population;F;Sexe feminin;65 ans et plus;18,676
2018;Y15T64;SVK;Republique slovaque;PS;Personnes;F;Sexe feminin;De 15 a 64 ans;1851395
2018;Y15T64;SVK;Republique slovaque;PT;Pourcentage de la population;F;Sexe feminin;De 15 a 64 ans;66,406
2018;Y_LT15;SVK;Republique slovaque;PS;Personnes;_T;Total;Moins de 15 ans;853890,2113
2018;Y_LT15;SVK;Republique slovaque;PT;Pourcentage de la population;_T;Total;Moins de 15 ans;15,677
2018;Y_LT15;SVK;Republique slovaque;PS;Personnes;F;Sexe feminin;Moins de 15 ans;415910,1105
2018;Y_LT15;SVK;Republique slovaque;PT;Pourcentage de la population;F;Sexe feminin;Moins de 15 ans;14,918
2018;Y_LT15;SVK;Republique slovaque;PS;Personnes;M;Sexe masculin;Moins de 15 ans;437956,7948
2018;Y_LT15;SVK;Republique slovaque;PT;Pourcentage de la population;M;Sexe masculin;Moins de 15 ans;16,472
2019;Y15T64;SVK;Republique slovaque;PS;Personnes;_T;Total;De 15 a 64 ans;3703519
2019;Y15T64;SVK;Republique slovaque;PT;Pourcentage de la population;_T;Total;De 15 a 64 ans;67,903
2019;Y_GE65;SVK;Republique slovaque;PS;Personnes;_T;Total;65 ans et plus;889747
2019;Y_GE65;SVK;Republique slovaque;PT;Pourcentage de la population;_T;Total;65 ans et plus;16,313
2019;Y15T64;SVK;Republique slovaque;PS;Personnes;M;Sexe masculin;De 15 a 64 ans;1868546,5
2019;Y15T64;SVK;Republique slovaque;PT;Pourcentage de la population;M;Sexe masculin;De 15 a 64 ans;70,161
2019;Y_GE65;SVK;Republique slovaque;PS;Personnes;M;Sexe masculin;65 ans et plus;353162
2019;Y_GE65;SVK;Republique slovaque;PT;Pourcentage de la population;M;Sexe masculin;65 ans et plus;13,261
2019;Y_GE65;SVK;Republique slovaque;PS;Personnes;F;Sexe feminin;65 ans et plus;536585
2019;Y_GE65;SVK;Republique slovaque;PT;Pourcentage de la population;F;Sexe feminin;65 ans et plus;19,226
2019;Y15T64;SVK;Republique slovaque;PS;Personnes;F;Sexe feminin;De 15 a 64 ans;1834972,5
2019;Y15T64;SVK;Republique slovaque;PT;Pourcentage de la population;F;Sexe feminin;De 15 a 64 ans;65,748
2019;Y_LT15;SVK;Republique slovaque;PS;Personnes;_T;Total;Moins de 15 ans;860882,5625
2019;Y_LT15;SVK;Republique slovaque;PT;Pourcentage de la population;_T;Total;Moins de 15 ans;15,784
2019;Y_LT15;SVK;Republique slovaque;PS;Personnes;F;Sexe feminin;Moins de 15 ans;419365,6677
2019;Y_LT15;SVK;Republique slovaque;PT;Pourcentage de la population;F;Sexe feminin;Moins de 15 ans;15,026
2019;Y_LT15;SVK;Republique slovaque;PS;Personnes;M;Sexe masculin;Moins de 15 ans;441507,534
2019;Y_LT15;SVK;Republique slovaque;PT;Pourcentage de la population;M;Sexe masculin;Moins de 15 ans;16,578
2020;Y15T64;SVK;Republique slovaque;PS;Personnes;_T;Total;De 15 a 64 ans;3674220,5
2020;Y15T64;SVK;Republique slovaque;PT;Pourcentage de la population;_T;Total;De 15 a 64 ans;67,308
2020;Y_GE65;SVK;Republique slovaque;PS;Personnes;_T;Total;65 ans et plus;918599,5
2020;Y_GE65;SVK;Republique slovaque;PT;Pourcentage de la population;_T;Total;65 ans et plus;16,828
2020;Y15T64;SVK;Republique slovaque;PS;Personnes;M;Sexe masculin;De 15 a 64 ans;1855485,5
2020;Y15T64;SVK;Republique slovaque;PT;Pourcentage de la population;M;Sexe masculin;De 15 a 64 ans;69,6
2020;Y_GE65;SVK;Republique slovaque;PS;Personnes;M;Sexe masculin;65 ans et plus;366530
2020;Y_GE65;SVK;Republique slovaque;PT;Pourcentage de la population;M;Sexe masculin;65 ans et plus;13,749
2020;Y_GE65;SVK;Republique slovaque;PS;Personnes;F;Sexe feminin;65 ans et plus;552069,5
2020;Y_GE65;SVK;Republique slovaque;PT;Pourcentage de la population;F;Sexe feminin;65 ans et plus;19,767
2020;Y15T64;SVK;Republique slovaque;PS;Personnes;F;Sexe feminin;De 15 a 64 ans;1818735
2020;Y15T64;SVK;Republique slovaque;PT;Pourcentage de la population;F;Sexe feminin;De 15 a 64 ans;65,12
2020;Y_LT15;SVK;Republique slovaque;PS;Personnes;_T;Total;Moins de 15 ans;865988,3153
2020;Y_LT15;SVK;Republique slovaque;PT;Pourcentage de la population;_T;Total;Moins de 15 ans;15,864
2020;Y_LT15;SVK;Republique slovaque;PS;Personnes;F;Sexe feminin;Moins de 15 ans;422092,3372
2020;Y_LT15;SVK;Republique slovaque;PT;Pourcentage de la population;F;Sexe feminin;Moins de 15 ans;15,113
2020;Y_LT15;SVK;Republique slovaque;PS;Personnes;M;Sexe masculin;Moins de 15 ans;443902,0062
2020;Y_LT15;SVK;Republique slovaque;PT;Pourcentage de la population;M;Sexe masculin;Moins de 15 ans;16,651
2021;Y15T64;SVK;Republique slovaque;PS;Personnes;_T;Total;De 15 a 64 ans;3634818,5
2021;Y15T64;SVK;Republique slovaque;PT;Pourcentage de la population;_T;Total;De 15 a 64 ans;66,792
2021;Y_GE65;SVK;Republique slovaque;PS;Personnes;_T;Total;65 ans et plus;937069,5
2021;Y_GE65;SVK;Republique slovaque;PT;Pourcentage de la population;_T;Total;65 ans et plus;17,219
2021;Y15T64;SVK;Republique slovaque;PS;Personnes;M;Sexe masculin;De 15 a 64 ans;1839920,5
2021;Y15T64;SVK;Republique slovaque;PT;Pourcentage de la population;M;Sexe masculin;De 15 a 64 ans;69,127
2021;Y_GE65;SVK;Republique slovaque;PS;Personnes;M;Sexe masculin;65 ans et plus;376190,5
2021;Y_GE65;SVK;Republique slovaque;PT;Pourcentage de la population;M;Sexe masculin;65 ans et plus;14,134
2021;Y_GE65;SVK;Republique slovaque;PS;Personnes;F;Sexe feminin;65 ans et plus;560879
2021;Y_GE65;SVK;Republique slovaque;PT;Pourcentage de la population;F;Sexe feminin;65 ans et plus;20,173
2021;Y15T64;SVK;Republique slovaque;PS;Personnes;F;Sexe feminin;De 15 a 64 ans;1794898
2021;Y15T64;SVK;Republique slovaque;PT;Pourcentage de la population;F;Sexe feminin;De 15 a 64 ans;64,557
2021;Y_LT15;SVK;Republique slovaque;PS;Personnes;_T;Total;Moins de 15 ans;870119,941
2021;Y_LT15;SVK;Republique slovaque;PT;Pourcentage de la population;_T;Total;Moins de 15 ans;15,989
2021;Y_LT15;SVK;Republique slovaque;PS;Personnes;F;Sexe feminin;Moins de 15 ans;424587,4776
2021;Y_LT15;SVK;Republique slovaque;PT;Pourcentage de la population;F;Sexe feminin;Moins de 15 ans;15,271
2021;Y_LT15;SVK;Republique slovaque;PS;Personnes;M;Sexe masculin;Moins de 15 ans;445531,8359
2021;Y_LT15;SVK;Republique slovaque;PT;Pourcentage de la population;M;Sexe masculin;Moins de 15 ans;16,739
2022;Y15T64;SVK;Republique slovaque;PS;Personnes;_T;Total;De 15 a 64 ans;3601615
2022;Y15T64;SVK;Republique slovaque;PT;Pourcentage de la population;_T;Total;De 15 a 64 ans;66,307
2022;Y_GE65;SVK;Republique slovaque;PS;Personnes;_T;Total;65 ans et plus;957013
2022;Y_GE65;SVK;Republique slovaque;PT;Pourcentage de la population;_T;Total;65 ans et plus;17,619
2022;Y15T64;SVK;Republique slovaque;PS;Personnes;M;Sexe masculin;De 15 a 64 ans;1824107,5
2022;Y15T64;SVK;Republique slovaque;PT;Pourcentage de la population;M;Sexe masculin;De 15 a 64 ans;68,666
2022;Y_GE65;SVK;Republique slovaque;PS;Personnes;M;Sexe masculin;65 ans et plus;385423
2022;Y_GE65;SVK;Republique slovaque;PT;Pourcentage de la population;M;Sexe masculin;65 ans et plus;14,509
2022;Y_GE65;SVK;Republique slovaque;PS;Personnes;F;Sexe feminin;65 ans et plus;571590
2022;Y_GE65;SVK;Republique slovaque;PT;Pourcentage de la population;F;Sexe feminin;65 ans et plus;20,596
2022;Y15T64;SVK;Republique slovaque;PS;Personnes;F;Sexe feminin;De 15 a 64 ans;1777507,5
2022;Y15T64;SVK;Republique slovaque;PT;Pourcentage de la population;F;Sexe feminin;De 15 a 64 ans;64,048
2022;Y_LT15;SVK;Republique slovaque;PS;Personnes;_T;Total;Moins de 15 ans;873099,8165
2022;Y_LT15;SVK;Republique slovaque;PT;Pourcentage de la population;_T;Total;Moins de 15 ans;16,074
2022;Y_LT15;SVK;Republique slovaque;PS;Personnes;F;Sexe feminin;Moins de 15 ans;426167,9275
2022;Y_LT15;SVK;Republique slovaque;PT;Pourcentage de la population;F;Sexe feminin;Moins de 15 ans;15,356
2022;Y_LT15;SVK;Republique slovaque;PS;Personnes;M;Sexe masculin;Moins de 15 ans;446955,8726
2022;Y_LT15;SVK;Republique slovaque;PT;Pourcentage de la population;M;Sexe masculin;Moins de 15 ans;16,825
2023;Y_GE65;SVK;Republique slovaque;PS;Personnes;F;Sexe feminin;65 ans et plus;584935,5
2023;Y_GE65;SVK;Republique slovaque;PT;Pourcentage de la population;F;Sexe feminin;65 ans et plus;21,097
2023;Y15T64;SVK;Republique slovaque;PS;Personnes;F;Sexe feminin;De 15 a 64 ans;1762813
2023;Y15T64;SVK;Republique slovaque;PT;Pourcentage de la population;F;Sexe feminin;De 15 a 64 ans;63,58
2023;Y_GE65;SVK;Republique slovaque;PS;Personnes;M;Sexe masculin;65 ans et plus;397314
2023;Y_GE65;SVK;Republique slovaque;PT;Pourcentage de la population;M;Sexe masculin;65 ans et plus;14,97
2023;Y15T64;SVK;Republique slovaque;PS;Personnes;M;Sexe masculin;De 15 a 64 ans;1811252,5
2023;Y15T64;SVK;Republique slovaque;PT;Pourcentage de la population;M;Sexe masculin;De 15 a 64 ans;68,242
2023;Y_GE65;SVK;Republique slovaque;PS;Personnes;_T;Total;65 ans et plus;982249,5
2023;Y_GE65;SVK;Republique slovaque;PT;Pourcentage de la population;_T;Total;65 ans et plus;18,1
2023;Y15T64;SVK;Republique slovaque;PS;Personnes;_T;Total;De 15 a 64 ans;3574065,5
2023;Y15T64;SVK;Republique slovaque;PT;Pourcentage de la population;_T;Total;De 15 a 64 ans;65,86
2023;Y_LT15;SVK;Republique slovaque;PS;Personnes;_T;Total;Moins de 15 ans;870449,0158
2023;Y_LT15;SVK;Republique slovaque;PT;Pourcentage de la population;_T;Total;Moins de 15 ans;16,04
2023;Y_LT15;SVK;Republique slovaque;PS;Personnes;F;Sexe feminin;Moins de 15 ans;424843,0463
2023;Y_LT15;SVK;Republique slovaque;PT;Pourcentage de la population;F;Sexe feminin;Moins de 15 ans;15,323
2023;Y_LT15;SVK;Republique slovaque;PS;Personnes;M;Sexe masculin;Moins de 15 ans;445579,6253
2023;Y_LT15;SVK;Republique slovaque;PT;Pourcentage de la population;M;Sexe masculin;Moins de 15 ans;16,788
2024;Y_GE65;SVK;Republique slovaque;PS;Personnes;F;Sexe feminin;65 ans et plus;597996,5
2024;Y_GE65;SVK;Republique slovaque;PT;Pourcentage de la population;F;Sexe feminin;65 ans et plus;21,588
2024;Y15T64;SVK;Republique slovaque;PS;Personnes;F;Sexe feminin;De 15 a 64 ans;1751184
2024;Y15T64;SVK;Republique slovaque;PT;Pourcentage de la population;F;Sexe feminin;De 15 a 64 ans;63,22
2024;Y_GE65;SVK;Republique slovaque;PS;Personnes;M;Sexe masculin;65 ans et plus;409081,5
2024;Y_GE65;SVK;Republique slovaque;PT;Pourcentage de la population;M;Sexe masculin;65 ans et plus;15,425
2024;Y15T64;SVK;Republique slovaque;PS;Personnes;M;Sexe masculin;De 15 a 64 ans;1801843
2024;Y15T64;SVK;Republique slovaque;PT;Pourcentage de la population;M;Sexe masculin;De 15 a 64 ans;67,941
2024;Y_GE65;SVK;Republique slovaque;PS;Personnes;_T;Total;65 ans et plus;1007078
2024;Y_GE65;SVK;Republique slovaque;PT;Pourcentage de la population;_T;Total;65 ans et plus;18,574
2024;Y15T64;SVK;Republique slovaque;PS;Personnes;_T;Total;De 15 a 64 ans;3553027
2024;Y15T64;SVK;Republique slovaque;PT;Pourcentage de la population;_T;Total;De 15 a 64 ans;65,529
2024;Y_LT15;SVK;Republique slovaque;PS;Personnes;_T;Total;Moins de 15 ans;861946,3089
2024;Y_LT15;SVK;Republique slovaque;PT;Pourcentage de la population;_T;Total;Moins de 15 ans;15,897
2024;Y_LT15;SVK;Republique slovaque;PS;Personnes;F;Sexe feminin;Moins de 15 ans;420816,2731
2024;Y_LT15;SVK;Republique slovaque;PT;Pourcentage de la population;F;Sexe feminin;Moins de 15 ans;15,192
2024;Y_LT15;SVK;Republique slovaque;PS;Personnes;M;Sexe masculin;Moins de 15 ans;441147,4862
2024;Y_LT15;SVK;Republique slovaque;PT;Pourcentage de la population;M;Sexe masculin;Moins de 15 ans;16,634
2002;Y15T64;GLB;Global (Europe);PS;Personnes;_T;Total;De 15 a 64 ans;212107239,5
2002;Y15T64;GLB;Global (Europe);PT;Pourcentage de la population;_T;Total;De 15 a 64 ans;
2002;Y_GE65;GLB;Global (Europe);PS;Personnes;_T;Total;65 ans et plus;53328900,5
2002;Y_GE65;GLB;Global (Europe);PT;Pourcentage de la population;_T;Total;65 ans et plus;
2002;Y15T64;GLB;Global (Europe);PS;Personnes;M;Sexe masculin;De 15 a 64 ans;107674182
2002;Y15T64;GLB;Global (Europe);PT;Pourcentage de la population;M;Sexe masculin;De 15 a 64 ans;
2002;Y_GE65;GLB;Global (Europe);PS;Personnes;M;Sexe masculin;65 ans et plus;21857956
2002;Y_GE65;GLB;Global (Europe);PT;Pourcentage de la population;M;Sexe masculin;65 ans et plus;
2002;Y_GE65;GLB;Global (Europe);PS;Personnes;F;Sexe feminin;65 ans et plus;32429988,5
2002;Y_GE65;GLB;Global (Europe);PT;Pourcentage de la population;F;Sexe feminin;65 ans et plus;
2002;Y15T64;GLB;Global (Europe);PS;Personnes;F;Sexe feminin;De 15 a 64 ans;109934457,5
2002;Y15T64;GLB;Global (Europe);PT;Pourcentage de la population;F;Sexe feminin;De 15 a 64 ans;
2002;Y_LT15;GLB;Global (Europe);PS;Personnes;_T;Total;Moins de 15 ans;51898346,68
2002;Y_LT15;GLB;Global (Europe);PT;Pourcentage de la population;_T;Total;Moins de 15 ans;
2002;Y_LT15;GLB;Global (Europe);PS;Personnes;F;Sexe feminin;Moins de 15 ans;25286417,8
2002;Y_LT15;GLB;Global (Europe);PT;Pourcentage de la population;F;Sexe feminin;Moins de 15 ans;
2002;Y_LT15;GLB;Global (Europe);PS;Personnes;M;Sexe masculin;Moins de 15 ans;26612533,33
2002;Y_LT15;GLB;Global (Europe);PT;Pourcentage de la population;M;Sexe masculin;Moins de 15 ans;
2003;Y15T64;GLB;Global (Europe);PS;Personnes;_T;Total;De 15 a 64 ans;213104610
2003;Y15T64;GLB;Global (Europe);PT;Pourcentage de la population;_T;Total;De 15 a 64 ans;
2003;Y_GE65;GLB;Global (Europe);PS;Personnes;_T;Total;65 ans et plus;54280377
2003;Y_GE65;GLB;Global (Europe);PT;Pourcentage de la population;_T;Total;65 ans et plus;
2003;Y15T64;GLB;Global (Europe);PS;Personnes;M;Sexe masculin;De 15 a 64 ans;108180002,5
2003;Y15T64;GLB;Global (Europe);PT;Pourcentage de la population;M;Sexe masculin;De 15 a 64 ans;
2003;Y_GE65;GLB;Global (Europe);PS;Personnes;M;Sexe masculin;65 ans et plus;22363150
2003;Y_GE65;GLB;Global (Europe);PT;Pourcentage de la population;M;Sexe masculin;65 ans et plus;
2003;Y_GE65;GLB;Global (Europe);PS;Personnes;F;Sexe feminin;65 ans et plus;32888339
2003;Y_GE65;GLB;Global (Europe);PT;Pourcentage de la population;F;Sexe feminin;65 ans et plus;
2003;Y15T64;GLB;Global (Europe);PS;Personnes;F;Sexe feminin;De 15 a 64 ans;110464559,5
2003;Y15T64;GLB;Global (Europe);PT;Pourcentage de la population;F;Sexe feminin;De 15 a 64 ans;
2003;Y_LT15;GLB;Global (Europe);PS;Personnes;_T;Total;Moins de 15 ans;51726249,67
2003;Y_LT15;GLB;Global (Europe);PT;Pourcentage de la population;_T;Total;Moins de 15 ans;
2003;Y_LT15;GLB;Global (Europe);PS;Personnes;F;Sexe feminin;Moins de 15 ans;25202262,05
2003;Y_LT15;GLB;Global (Europe);PT;Pourcentage de la population;F;Sexe feminin;Moins de 15 ans;
2003;Y_LT15;GLB;Global (Europe);PS;Personnes;M;Sexe masculin;Moins de 15 ans;26524347,28
2003;Y_LT15;GLB;Global (Europe);PT;Pourcentage de la population;M;Sexe masculin;Moins de 15 ans;
2004;Y15T64;GLB;Global (Europe);PS;Personnes;_T;Total;De 15 a 64 ans;214003630
2004;Y15T64;GLB;Global (Europe);PT;Pourcentage de la population;_T;Total;De 15 a 64 ans;
2004;Y_GE65;GLB;Global (Europe);PS;Personnes;_T;Total;65 ans et plus;55315399,5
2004;Y_GE65;GLB;Global (Europe);PT;Pourcentage de la population;_T;Total;65 ans et plus;
2004;Y15T64;GLB;Global (Europe);PS;Personnes;M;Sexe masculin;De 15 a 64 ans;108634243,5
2004;Y15T64;GLB;Global (Europe);PT;Pourcentage de la population;M;Sexe masculin;De 15 a 64 ans;
2004;Y_GE65;GLB;Global (Europe);PS;Personnes;M;Sexe masculin;65 ans et plus;22910146,5
2004;Y_GE65;GLB;Global (Europe);PT;Pourcentage de la population;M;Sexe masculin;65 ans et plus;
2004;Y_GE65;GLB;Global (Europe);PS;Personnes;F;Sexe feminin;65 ans et plus;33411961
2004;Y_GE65;GLB;Global (Europe);PT;Pourcentage de la population;F;Sexe feminin;65 ans et plus;
2004;Y15T64;GLB;Global (Europe);PS;Personnes;F;Sexe feminin;De 15 a 64 ans;110936509,5
2004;Y15T64;GLB;Global (Europe);PT;Pourcentage de la population;F;Sexe feminin;De 15 a 64 ans;
2004;Y_LT15;GLB;Global (Europe);PS;Personnes;_T;Total;Moins de 15 ans;51513247,13
2004;Y_LT15;GLB;Global (Europe);PT;Pourcentage de la population;_T;Total;Moins de 15 ans;
2004;Y_LT15;GLB;Global (Europe);PS;Personnes;F;Sexe feminin;Moins de 15 ans;25097660,98
2004;Y_LT15;GLB;Global (Europe);PT;Pourcentage de la population;F;Sexe feminin;Moins de 15 ans;
2004;Y_LT15;GLB;Global (Europe);PS;Personnes;M;Sexe masculin;Moins de 15 ans;26416507,96
2004;Y_LT15;GLB;Global (Europe);PT;Pourcentage de la population;M;Sexe masculin;Moins de 15 ans;
2005;Y15T64;GLB;Global (Europe);PS;Personnes;_T;Total;De 15 a 64 ans;214839620,5
2005;Y15T64;GLB;Global (Europe);PT;Pourcentage de la population;_T;Total;De 15 a 64 ans;
2005;Y_GE65;GLB;Global (Europe);PS;Personnes;_T;Total;65 ans et plus;56447862,5
2005;Y_GE65;GLB;Global (Europe);PT;Pourcentage de la population;_T;Total;65 ans et plus;
2005;Y15T64;GLB;Global (Europe);PS;Personnes;M;Sexe masculin;De 15 a 64 ans;109085358,5
2005;Y15T64;GLB;Global (Europe);PT;Pourcentage de la population;M;Sexe masculin;De 15 a 64 ans;
2005;Y_GE65;GLB;Global (Europe);PS;Personnes;M;Sexe masculin;65 ans et plus;23504658,5
2005;Y_GE65;GLB;Global (Europe);PT;Pourcentage de la population;M;Sexe masculin;65 ans et plus;
2005;Y_GE65;GLB;Global (Europe);PS;Personnes;F;Sexe feminin;65 ans et plus;34006726
2005;Y_GE65;GLB;Global (Europe);PT;Pourcentage de la population;F;Sexe feminin;65 ans et plus;
2005;Y15T64;GLB;Global (Europe);PS;Personnes;F;Sexe feminin;De 15 a 64 ans;111335235
2005;Y15T64;GLB;Global (Europe);PT;Pourcentage de la population;F;Sexe feminin;De 15 a 64 ans;
2005;Y_LT15;GLB;Global (Europe);PS;Personnes;_T;Total;Moins de 15 ans;51307536,95
2005;Y_LT15;GLB;Global (Europe);PT;Pourcentage de la population;_T;Total;Moins de 15 ans;
2005;Y_LT15;GLB;Global (Europe);PS;Personnes;F;Sexe feminin;Moins de 15 ans;24995167,77
2005;Y_LT15;GLB;Global (Europe);PT;Pourcentage de la population;F;Sexe feminin;Moins de 15 ans;
2005;Y_LT15;GLB;Global (Europe);PS;Personnes;M;Sexe masculin;Moins de 15 ans;26311841,91
2005;Y_LT15;GLB;Global (Europe);PT;Pourcentage de la population;M;Sexe masculin;Moins de 15 ans;
2006;Y15T64;GLB;Global (Europe);PS;Personnes;_T;Total;De 15 a 64 ans;215451070,5
2006;Y15T64;GLB;Global (Europe);PT;Pourcentage de la population;_T;Total;De 15 a 64 ans;
2006;Y_GE65;GLB;Global (Europe);PS;Personnes;_T;Total;65 ans et plus;57481208,5
2006;Y_GE65;GLB;Global (Europe);PT;Pourcentage de la population;_T;Total;65 ans et plus;
2006;Y15T64;GLB;Global (Europe);PS;Personnes;M;Sexe masculin;De 15 a 64 ans;109387300,5
2006;Y15T64;GLB;Global (Europe);PT;Pourcentage de la population;M;Sexe masculin;De 15 a 64 ans;
2006;Y_GE65;GLB;Global (Europe);PS;Personnes;M;Sexe masculin;65 ans et plus;24058983
2006;Y_GE65;GLB;Global (Europe);PT;Pourcentage de la population;M;Sexe masculin;65 ans et plus;
2006;Y_GE65;GLB;Global (Europe);PS;Personnes;F;Sexe feminin;65 ans et plus;34532856,5
2006;Y_GE65;GLB;Global (Europe);PT;Pourcentage de la population;F;Sexe feminin;65 ans et plus;
2006;Y15T64;GLB;Global (Europe);PS;Personnes;F;Sexe feminin;De 15 a 64 ans;111660222
2006;Y15T64;GLB;Global (Europe);PT;Pourcentage de la population;F;Sexe feminin;De 15 a 64 ans;
2006;Y_LT15;GLB;Global (Europe);PS;Personnes;_T;Total;Moins de 15 ans;51144965,59
2006;Y_LT15;GLB;Global (Europe);PT;Pourcentage de la population;_T;Total;Moins de 15 ans;
2006;Y_LT15;GLB;Global (Europe);PS;Personnes;F;Sexe feminin;Moins de 15 ans;24916617,63
2006;Y_LT15;GLB;Global (Europe);PT;Pourcentage de la population;F;Sexe feminin;Moins de 15 ans;
2006;Y_LT15;GLB;Global (Europe);PS;Personnes;M;Sexe masculin;Moins de 15 ans;26228030,14
2006;Y_LT15;GLB;Global (Europe);PT;Pourcentage de la population;M;Sexe masculin;Moins de 15 ans;
2007;Y15T64;GLB;Global (Europe);PS;Personnes;_T;Total;De 15 a 64 ans;216486660,5
2007;Y15T64;GLB;Global (Europe);PT;Pourcentage de la population;_T;Total;De 15 a 64 ans;
2007;Y_GE65;GLB;Global (Europe);PS;Personnes;_T;Total;65 ans et plus;58281904,5
2007;Y_GE65;GLB;Global (Europe);PT;Pourcentage de la population;_T;Total;65 ans et plus;
2007;Y15T64;GLB;Global (Europe);PS;Personnes;M;Sexe masculin;De 15 a 64 ans;109895455
2007;Y15T64;GLB;Global (Europe);PT;Pourcentage de la population;M;Sexe masculin;De 15 a 64 ans;
2007;Y_GE65;GLB;Global (Europe);PS;Personnes;M;Sexe masculin;65 ans et plus;24507618
2007;Y_GE65;GLB;Global (Europe);PT;Pourcentage de la population;M;Sexe masculin;65 ans et plus;
2007;Y_GE65;GLB;Global (Europe);PS;Personnes;F;Sexe feminin;65 ans et plus;34924871,5
2007;Y_GE65;GLB;Global (Europe);PT;Pourcentage de la population;F;Sexe feminin;65 ans et plus;
2007;Y15T64;GLB;Global (Europe);PS;Personnes;F;Sexe feminin;De 15 a 64 ans;112195180,5
2007;Y15T64;GLB;Global (Europe);PT;Pourcentage de la population;F;Sexe feminin;De 15 a 64 ans;
2007;Y_LT15;GLB;Global (Europe);PS;Personnes;_T;Total;Moins de 15 ans;51100837,1
2007;Y_LT15;GLB;Global (Europe);PT;Pourcentage de la population;_T;Total;Moins de 15 ans;
2007;Y_LT15;GLB;Global (Europe);PS;Personnes;F;Sexe feminin;Moins de 15 ans;24891992,26
2007;Y_LT15;GLB;Global (Europe);PT;Pourcentage de la population;F;Sexe feminin;Moins de 15 ans;
2007;Y_LT15;GLB;Global (Europe);PS;Personnes;M;Sexe masculin;Moins de 15 ans;26208113
2007;Y_LT15;GLB;Global (Europe);PT;Pourcentage de la population;M;Sexe masculin;Moins de 15 ans;
2008;Y15T64;GLB;Global (Europe);PS;Personnes;_T;Total;De 15 a 64 ans;217339904
2008;Y15T64;GLB;Global (Europe);PT;Pourcentage de la population;_T;Total;De 15 a 64 ans;
2008;Y_GE65;GLB;Global (Europe);PS;Personnes;_T;Total;65 ans et plus;59036293,5
2008;Y_GE65;GLB;Global (Europe);PT;Pourcentage de la population;_T;Total;65 ans et plus;
2008;Y15T64;GLB;Global (Europe);PS;Personnes;M;Sexe masculin;De 15 a 64 ans;110290432,5
2008;Y15T64;GLB;Global (Europe);PT;Pourcentage de la population;M;Sexe masculin;De 15 a 64 ans;
2008;Y_GE65;GLB;Global (Europe);PS;Personnes;M;Sexe masculin;65 ans et plus;24933702,5
2008;Y_GE65;GLB;Global (Europe);PT;Pourcentage de la population;M;Sexe masculin;65 ans et plus;
2008;Y_GE65;GLB;Global (Europe);PS;Personnes;F;Sexe feminin;65 ans et plus;35281219
2008;Y_GE65;GLB;Global (Europe);PT;Pourcentage de la population;F;Sexe feminin;65 ans et plus;
2008;Y15T64;GLB;Global (Europe);PS;Personnes;F;Sexe feminin;De 15 a 64 ans;112670133,5
2008;Y15T64;GLB;Global (Europe);PT;Pourcentage de la population;F;Sexe feminin;De 15 a 64 ans;
2008;Y_LT15;GLB;Global (Europe);PS;Personnes;_T;Total;Moins de 15 ans;51178082,31
2008;Y_LT15;GLB;Global (Europe);PT;Pourcentage de la population;_T;Total;Moins de 15 ans;
2008;Y_LT15;GLB;Global (Europe);PS;Personnes;F;Sexe feminin;Moins de 15 ans;24928071,97
2008;Y_LT15;GLB;Global (Europe);PT;Pourcentage de la population;F;Sexe feminin;Moins de 15 ans;
2008;Y_LT15;GLB;Global (Europe);PS;Personnes;M;Sexe masculin;Moins de 15 ans;26250156,32
2008;Y_LT15;GLB;Global (Europe);PT;Pourcentage de la population;M;Sexe masculin;Moins de 15 ans;
2009;Y15T64;GLB;Global (Europe);PS;Personnes;_T;Total;De 15 a 64 ans;217524203
2009;Y15T64;GLB;Global (Europe);PT;Pourcentage de la population;_T;Total;De 15 a 64 ans;
2009;Y_GE65;GLB;Global (Europe);PS;Personnes;_T;Total;65 ans et plus;59821500,5
2009;Y_GE65;GLB;Global (Europe);PT;Pourcentage de la population;_T;Total;65 ans et plus;
2009;Y15T64;GLB;Global (Europe);PS;Personnes;M;Sexe masculin;De 15 a 64 ans;110315168,5
2009;Y15T64;GLB;Global (Europe);PT;Pourcentage de la population;M;Sexe masculin;De 15 a 64 ans;
2009;Y_GE65;GLB;Global (Europe);PS;Personnes;M;Sexe masculin;65 ans et plus;25376597,5
2009;Y_GE65;GLB;Global (Europe);PT;Pourcentage de la population;M;Sexe masculin;65 ans et plus;
2009;Y_GE65;GLB;Global (Europe);PS;Personnes;F;Sexe feminin;65 ans et plus;35653818
2009;Y_GE65;GLB;Global (Europe);PT;Pourcentage de la population;F;Sexe feminin;65 ans et plus;
2009;Y15T64;GLB;Global (Europe);PS;Personnes;F;Sexe feminin;De 15 a 64 ans;112838530,5
2009;Y15T64;GLB;Global (Europe);PT;Pourcentage de la population;F;Sexe feminin;De 15 a 64 ans;
2009;Y_LT15;GLB;Global (Europe);PS;Personnes;_T;Total;Moins de 15 ans;51287432,05
2009;Y_LT15;GLB;Global (Europe);PT;Pourcentage de la population;_T;Total;Moins de 15 ans;
2009;Y_LT15;GLB;Global (Europe);PS;Personnes;F;Sexe feminin;Moins de 15 ans;24981044,14
2009;Y_LT15;GLB;Global (Europe);PT;Pourcentage de la population;F;Sexe feminin;Moins de 15 ans;
2009;Y_LT15;GLB;Global (Europe);PS;Personnes;M;Sexe masculin;Moins de 15 ans;26306661,88
2009;Y_LT15;GLB;Global (Europe);PT;Pourcentage de la population;M;Sexe masculin;Moins de 15 ans;
2010;Y15T64;GLB;Global (Europe);PS;Personnes;_T;Total;De 15 a 64 ans;217585224
2010;Y15T64;GLB;Global (Europe);PT;Pourcentage de la population;_T;Total;De 15 a 64 ans;
2010;Y_GE65;GLB;Global (Europe);PS;Personnes;_T;Total;65 ans et plus;60495983
2010;Y_GE65;GLB;Global (Europe);PT;Pourcentage de la population;_T;Total;65 ans et plus;
2010;Y15T64;GLB;Global (Europe);PS;Personnes;M;Sexe masculin;De 15 a 64 ans;110279619
2010;Y15T64;GLB;Global (Europe);PT;Pourcentage de la population;M;Sexe masculin;De 15 a 64 ans;
2010;Y_GE65;GLB;Global (Europe);PS;Personnes;M;Sexe masculin;65 ans et plus;25756800
2010;Y_GE65;GLB;Global (Europe);PT;Pourcentage de la population;M;Sexe masculin;65 ans et plus;
2010;Y_GE65;GLB;Global (Europe);PS;Personnes;F;Sexe feminin;65 ans et plus;35968272
2010;Y_GE65;GLB;Global (Europe);PT;Pourcentage de la population;F;Sexe feminin;65 ans et plus;
2010;Y15T64;GLB;Global (Europe);PS;Personnes;F;Sexe feminin;De 15 a 64 ans;112947702
2010;Y15T64;GLB;Global (Europe);PT;Pourcentage de la population;F;Sexe feminin;De 15 a 64 ans;
2010;Y_LT15;GLB;Global (Europe);PS;Personnes;_T;Total;Moins de 15 ans;51359937,33
2010;Y_LT15;GLB;Global (Europe);PT;Pourcentage de la population;_T;Total;Moins de 15 ans;
2010;Y_LT15;GLB;Global (Europe);PS;Personnes;F;Sexe feminin;Moins de 15 ans;25015696,19
2010;Y_LT15;GLB;Global (Europe);PT;Pourcentage de la population;F;Sexe feminin;Moins de 15 ans;
2010;Y_LT15;GLB;Global (Europe);PS;Personnes;M;Sexe masculin;Moins de 15 ans;26344496,62
2010;Y_LT15;GLB;Global (Europe);PT;Pourcentage de la population;M;Sexe masculin;Moins de 15 ans;
2011;Y15T64;GLB;Global (Europe);PS;Personnes;_T;Total;De 15 a 64 ans;216316704,5
2011;Y15T64;GLB;Global (Europe);PT;Pourcentage de la population;_T;Total;De 15 a 64 ans;
2011;Y_GE65;GLB;Global (Europe);PS;Personnes;_T;Total;65 ans et plus;61055515
2011;Y_GE65;GLB;Global (Europe);PT;Pourcentage de la population;_T;Total;65 ans et plus;
2011;Y15T64;GLB;Global (Europe);PS;Personnes;M;Sexe masculin;De 15 a 64 ans;109428061
2011;Y15T64;GLB;Global (Europe);PT;Pourcentage de la population;M;Sexe masculin;De 15 a 64 ans;
2011;Y_GE65;GLB;Global (Europe);PS;Personnes;M;Sexe masculin;65 ans et plus;26039710
2011;Y_GE65;GLB;Global (Europe);PT;Pourcentage de la population;M;Sexe masculin;65 ans et plus;
2011;Y_GE65;GLB;Global (Europe);PS;Personnes;F;Sexe feminin;65 ans et plus;36253193
2011;Y_GE65;GLB;Global (Europe);PT;Pourcentage de la population;F;Sexe feminin;65 ans et plus;
2011;Y15T64;GLB;Global (Europe);PS;Personnes;F;Sexe feminin;De 15 a 64 ans;112563558,5
2011;Y15T64;GLB;Global (Europe);PT;Pourcentage de la population;F;Sexe feminin;De 15 a 64 ans;
2011;Y_LT15;GLB;Global (Europe);PS;Personnes;_T;Total;Moins de 15 ans;51343076,75
2011;Y_LT15;GLB;Global (Europe);PT;Pourcentage de la population;_T;Total;Moins de 15 ans;
2011;Y_LT15;GLB;Global (Europe);PS;Personnes;F;Sexe feminin;Moins de 15 ans;25005210,11
2011;Y_LT15;GLB;Global (Europe);PT;Pourcentage de la population;F;Sexe feminin;Moins de 15 ans;
2011;Y_LT15;GLB;Global (Europe);PS;Personnes;M;Sexe masculin;Moins de 15 ans;26338079,3
2011;Y_LT15;GLB;Global (Europe);PT;Pourcentage de la population;M;Sexe masculin;Moins de 15 ans;
2012;Y15T64;GLB;Global (Europe);PS;Personnes;_T;Total;De 15 a 64 ans;200066682,5
2012;Y15T64;GLB;Global (Europe);PT;Pourcentage de la population;_T;Total;De 15 a 64 ans;
2012;Y_GE65;GLB;Global (Europe);PS;Personnes;_T;Total;65 ans et plus;58616760,5
2012;Y_GE65;GLB;Global (Europe);PT;Pourcentage de la population;_T;Total;65 ans et plus;
2012;Y15T64;GLB;Global (Europe);PS;Personnes;M;Sexe masculin;De 15 a 64 ans;96826700
2012;Y15T64;GLB;Global (Europe);PT;Pourcentage de la population;M;Sexe masculin;De 15 a 64 ans;
2012;Y_GE65;GLB;Global (Europe);PS;Personnes;M;Sexe masculin;65 ans et plus;39024228
2012;Y_GE65;GLB;Global (Europe);PT;Pourcentage de la population;M;Sexe masculin;65 ans et plus;
2012;Y_GE65;GLB;Global (Europe);PS;Personnes;F;Sexe feminin;65 ans et plus;40269255,5
2012;Y_GE65;GLB;Global (Europe);PT;Pourcentage de la population;F;Sexe feminin;65 ans et plus;
2012;Y15T64;GLB;Global (Europe);PS;Personnes;F;Sexe feminin;De 15 a 64 ans;128335539,5
2012;Y15T64;GLB;Global (Europe);PT;Pourcentage de la population;F;Sexe feminin;De 15 a 64 ans;
2012;Y_LT15;GLB;Global (Europe);PS;Personnes;_T;Total;Moins de 15 ans;51310259,38
2012;Y_LT15;GLB;Global (Europe);PT;Pourcentage de la population;_T;Total;Moins de 15 ans;
2012;Y_LT15;GLB;Global (Europe);PS;Personnes;F;Sexe feminin;Moins de 15 ans;24986457,91
2012;Y_LT15;GLB;Global (Europe);PT;Pourcentage de la population;F;Sexe feminin;Moins de 15 ans;
2012;Y_LT15;GLB;Global (Europe);PS;Personnes;M;Sexe masculin;Moins de 15 ans;26323613,39
2012;Y_LT15;GLB;Global (Europe);PT;Pourcentage de la population;M;Sexe masculin;Moins de 15 ans;
2013;Y15T64;GLB;Global (Europe);PS;Personnes;_T;Total;De 15 a 64 ans;199700414,5
2013;Y15T64;GLB;Global (Europe);PT;Pourcentage de la population;_T;Total;De 15 a 64 ans;
2013;Y_GE65;GLB;Global (Europe);PS;Personnes;_T;Total;65 ans et plus;59695580
2013;Y_GE65;GLB;Global (Europe);PT;Pourcentage de la population;_T;Total;65 ans et plus;
2013;Y15T64;GLB;Global (Europe);PS;Personnes;M;Sexe masculin;De 15 a 64 ans;96812855,5
2013;Y15T64;GLB;Global (Europe);PT;Pourcentage de la population;M;Sexe masculin;De 15 a 64 ans;
2013;Y_GE65;GLB;Global (Europe);PS;Personnes;M;Sexe masculin;65 ans et plus;39382625
2013;Y_GE65;GLB;Global (Europe);PT;Pourcentage de la population;M;Sexe masculin;65 ans et plus;
2013;Y_GE65;GLB;Global (Europe);PS;Personnes;F;Sexe feminin;65 ans et plus;63770190
2013;Y_GE65;GLB;Global (Europe);PT;Pourcentage de la population;F;Sexe feminin;65 ans et plus;
2013;Y15T64;GLB;Global (Europe);PS;Personnes;F;Sexe feminin;De 15 a 64 ans;105048440
2013;Y15T64;GLB;Global (Europe);PT;Pourcentage de la population;F;Sexe feminin;De 15 a 64 ans;
2013;Y_LT15;GLB;Global (Europe);PS;Personnes;_T;Total;Moins de 15 ans;51208875,78
2013;Y_LT15;GLB;Global (Europe);PT;Pourcentage de la population;_T;Total;Moins de 15 ans;
2013;Y_LT15;GLB;Global (Europe);PS;Personnes;F;Sexe feminin;Moins de 15 ans;24936513,31
2013;Y_LT15;GLB;Global (Europe);PT;Pourcentage de la population;F;Sexe feminin;Moins de 15 ans;
2013;Y_LT15;GLB;Global (Europe);PS;Personnes;M;Sexe masculin;Moins de 15 ans;26272319,22
2013;Y_LT15;GLB;Global (Europe);PT;Pourcentage de la population;M;Sexe masculin;Moins de 15 ans;
2014;Y15T64;GLB;Global (Europe);PS;Personnes;_T;Total;De 15 a 64 ans;199427492
2014;Y15T64;GLB;Global (Europe);PT;Pourcentage de la population;_T;Total;De 15 a 64 ans;
2014;Y_GE65;GLB;Global (Europe);PS;Personnes;_T;Total;65 ans et plus;60843183
2014;Y_GE65;GLB;Global (Europe);PT;Pourcentage de la population;_T;Total;65 ans et plus;
2014;Y15T64;GLB;Global (Europe);PS;Personnes;M;Sexe masculin;De 15 a 64 ans;96842102
2014;Y15T64;GLB;Global (Europe);PT;Pourcentage de la population;M;Sexe masculin;De 15 a 64 ans;
2014;Y_GE65;GLB;Global (Europe);PS;Personnes;M;Sexe masculin;65 ans et plus;39796876,5
2014;Y_GE65;GLB;Global (Europe);PT;Pourcentage de la population;M;Sexe masculin;65 ans et plus;
2014;Y_GE65;GLB;Global (Europe);PS;Personnes;F;Sexe feminin;65 ans et plus;41598984,5
2014;Y_GE65;GLB;Global (Europe);PT;Pourcentage de la population;F;Sexe feminin;65 ans et plus;
2014;Y15T64;GLB;Global (Europe);PS;Personnes;F;Sexe feminin;De 15 a 64 ans;127555938
2014;Y15T64;GLB;Global (Europe);PT;Pourcentage de la population;F;Sexe feminin;De 15 a 64 ans;
2014;Y_LT15;GLB;Global (Europe);PS;Personnes;_T;Total;Moins de 15 ans;51198654,89
2014;Y_LT15;GLB;Global (Europe);PT;Pourcentage de la population;_T;Total;Moins de 15 ans;
2014;Y_LT15;GLB;Global (Europe);PS;Personnes;F;Sexe feminin;Moins de 15 ans;24935662,62
2014;Y_LT15;GLB;Global (Europe);PT;Pourcentage de la population;F;Sexe feminin;Moins de 15 ans;
2014;Y_LT15;GLB;Global (Europe);PS;Personnes;M;Sexe masculin;Moins de 15 ans;26262793,47
2014;Y_LT15;GLB;Global (Europe);PT;Pourcentage de la population;M;Sexe masculin;Moins de 15 ans;
2015;Y15T64;GLB;Global (Europe);PS;Personnes;_T;Total;De 15 a 64 ans;199338690,5
2015;Y15T64;GLB;Global (Europe);PT;Pourcentage de la population;_T;Total;De 15 a 64 ans;
2015;Y_GE65;GLB;Global (Europe);PS;Personnes;_T;Total;65 ans et plus;61920182
2015;Y_GE65;GLB;Global (Europe);PT;Pourcentage de la population;_T;Total;65 ans et plus;
2015;Y15T64;GLB;Global (Europe);PS;Personnes;M;Sexe masculin;De 15 a 64 ans;97001143
2015;Y15T64;GLB;Global (Europe);PT;Pourcentage de la population;M;Sexe masculin;De 15 a 64 ans;
2015;Y_GE65;GLB;Global (Europe);PS;Personnes;M;Sexe masculin;65 ans et plus;40262974
2015;Y_GE65;GLB;Global (Europe);PT;Pourcentage de la population;M;Sexe masculin;65 ans et plus;
2015;Y_GE65;GLB;Global (Europe);PS;Personnes;F;Sexe feminin;65 ans et plus;64393190
2015;Y_GE65;GLB;Global (Europe);PT;Pourcentage de la population;F;Sexe feminin;65 ans et plus;
2015;Y15T64;GLB;Global (Europe);PS;Personnes;F;Sexe feminin;De 15 a 64 ans;105166501,5
2015;Y15T64;GLB;Global (Europe);PT;Pourcentage de la population;F;Sexe feminin;De 15 a 64 ans;
2015;Y_LT15;GLB;Global (Europe);PS;Personnes;_T;Total;Moins de 15 ans;51130195,67
2015;Y_LT15;GLB;Global (Europe);PT;Pourcentage de la population;_T;Total;Moins de 15 ans;
2015;Y_LT15;GLB;Global (Europe);PS;Personnes;F;Sexe feminin;Moins de 15 ans;24898633,66
2015;Y_LT15;GLB;Global (Europe);PT;Pourcentage de la population;F;Sexe feminin;Moins de 15 ans;
2015;Y_LT15;GLB;Global (Europe);PS;Personnes;M;Sexe masculin;Moins de 15 ans;26230512,37
2015;Y_LT15;GLB;Global (Europe);PT;Pourcentage de la population;M;Sexe masculin;Moins de 15 ans;
2016;Y15T64;GLB;Global (Europe);PS;Personnes;_T;Total;De 15 a 64 ans;199274685,5
2016;Y15T64;GLB;Global (Europe);PT;Pourcentage de la population;_T;Total;De 15 a 64 ans;
2016;Y_GE65;GLB;Global (Europe);PS;Personnes;_T;Total;65 ans et plus;62931407
2016;Y_GE65;GLB;Global (Europe);PT;Pourcentage de la population;_T;Total;65 ans et plus;
2016;Y15T64;GLB;Global (Europe);PS;Personnes;M;Sexe masculin;De 15 a 64 ans;97175838,5
2016;Y15T64;GLB;Global (Europe);PT;Pourcentage de la population;M;Sexe masculin;De 15 a 64 ans;
2016;Y_GE65;GLB;Global (Europe);PS;Personnes;M;Sexe masculin;65 ans et plus;40728236
2016;Y_GE65;GLB;Global (Europe);PT;Pourcentage de la population;M;Sexe masculin;65 ans et plus;
2016;Y_GE65;GLB;Global (Europe);PS;Personnes;F;Sexe feminin;65 ans et plus;42805700
2016;Y_GE65;GLB;Global (Europe);PT;Pourcentage de la population;F;Sexe feminin;65 ans et plus;
2016;Y15T64;GLB;Global (Europe);PS;Personnes;F;Sexe feminin;De 15 a 64 ans;127223978
2016;Y15T64;GLB;Global (Europe);PT;Pourcentage de la population;F;Sexe feminin;De 15 a 64 ans;
2016;Y_LT15;GLB;Global (Europe);PS;Personnes;_T;Total;Moins de 15 ans;51097484,64
2016;Y_LT15;GLB;Global (Europe);PT;Pourcentage de la population;_T;Total;Moins de 15 ans;
2016;Y_LT15;GLB;Global (Europe);PS;Personnes;F;Sexe feminin;Moins de 15 ans;24878403,53
2016;Y_LT15;GLB;Global (Europe);PT;Pourcentage de la population;F;Sexe feminin;Moins de 15 ans;
2016;Y_LT15;GLB;Global (Europe);PS;Personnes;M;Sexe masculin;Moins de 15 ans;26219467,16
2016;Y_LT15;GLB;Global (Europe);PT;Pourcentage de la population;M;Sexe masculin;Moins de 15 ans;
2017;Y15T64;GLB;Global (Europe);PS;Personnes;_T;Total;De 15 a 64 ans;197431911
2017;Y15T64;GLB;Global (Europe);PT;Pourcentage de la population;_T;Total;De 15 a 64 ans;
2017;Y_GE65;GLB;Global (Europe);PS;Personnes;_T;Total;65 ans et plus;63595197
2017;Y_GE65;GLB;Global (Europe);PT;Pourcentage de la population;_T;Total;65 ans et plus;
2017;Y15T64;GLB;Global (Europe);PS;Personnes;M;Sexe masculin;De 15 a 64 ans;97139329,5
2017;Y15T64;GLB;Global (Europe);PT;Pourcentage de la population;M;Sexe masculin;De 15 a 64 ans;
2017;Y_GE65;GLB;Global (Europe);PS;Personnes;M;Sexe masculin;65 ans et plus;41185874,5
2017;Y_GE65;GLB;Global (Europe);PT;Pourcentage de la population;M;Sexe masculin;65 ans et plus;
2017;Y_GE65;GLB;Global (Europe);PS;Personnes;F;Sexe feminin;65 ans et plus;65573019,5
2017;Y_GE65;GLB;Global (Europe);PT;Pourcentage de la population;F;Sexe feminin;65 ans et plus;
2017;Y15T64;GLB;Global (Europe);PS;Personnes;F;Sexe feminin;De 15 a 64 ans;106714418,5
2017;Y15T64;GLB;Global (Europe);PT;Pourcentage de la population;F;Sexe feminin;De 15 a 64 ans;
2017;Y_LT15;GLB;Global (Europe);PS;Personnes;_T;Total;Moins de 15 ans;51041322,61
2017;Y_LT15;GLB;Global (Europe);PT;Pourcentage de la population;_T;Total;Moins de 15 ans;
2017;Y_LT15;GLB;Global (Europe);PS;Personnes;F;Sexe feminin;Moins de 15 ans;24854729,52
2017;Y_LT15;GLB;Global (Europe);PT;Pourcentage de la population;F;Sexe feminin;Moins de 15 ans;
2017;Y_LT15;GLB;Global (Europe);PS;Personnes;M;Sexe masculin;Moins de 15 ans;26187061,61
2017;Y_LT15;GLB;Global (Europe);PT;Pourcentage de la population;M;Sexe masculin;Moins de 15 ans;
2018;Y15T64;GLB;Global (Europe);PS;Personnes;_T;Total;De 15 a 64 ans;197265721,5
2018;Y15T64;GLB;Global (Europe);PT;Pourcentage de la population;_T;Total;De 15 a 64 ans;
2018;Y_GE65;GLB;Global (Europe);PS;Personnes;_T;Total;65 ans et plus;64522243
2018;Y_GE65;GLB;Global (Europe);PT;Pourcentage de la population;_T;Total;65 ans et plus;
2018;Y15T64;GLB;Global (Europe);PS;Personnes;M;Sexe masculin;De 15 a 64 ans;97153069
2018;Y15T64;GLB;Global (Europe);PT;Pourcentage de la population;M;Sexe masculin;De 15 a 64 ans;
2018;Y_GE65;GLB;Global (Europe);PS;Personnes;M;Sexe masculin;65 ans et plus;41692732
2018;Y_GE65;GLB;Global (Europe);PT;Pourcentage de la population;M;Sexe masculin;65 ans et plus;
2018;Y_GE65;GLB;Global (Europe);PS;Personnes;F;Sexe feminin;65 ans et plus;46783251
2018;Y_GE65;GLB;Global (Europe);PT;Pourcentage de la population;F;Sexe feminin;65 ans et plus;
2018;Y15T64;GLB;Global (Europe);PS;Personnes;F;Sexe feminin;De 15 a 64 ans;126073154,5
2018;Y15T64;GLB;Global (Europe);PT;Pourcentage de la population;F;Sexe feminin;De 15 a 64 ans;
2018;Y_LT15;GLB;Global (Europe);PS;Personnes;_T;Total;Moins de 15 ans;50920273,75
2018;Y_LT15;GLB;Global (Europe);PT;Pourcentage de la population;_T;Total;Moins de 15 ans;
2018;Y_LT15;GLB;Global (Europe);PS;Personnes;F;Sexe feminin;Moins de 15 ans;24795669,94
2018;Y_LT15;GLB;Global (Europe);PT;Pourcentage de la population;F;Sexe feminin;Moins de 15 ans;
2018;Y_LT15;GLB;Global (Europe);PS;Personnes;M;Sexe masculin;Moins de 15 ans;26124913,13
2018;Y_LT15;GLB;Global (Europe);PT;Pourcentage de la population;M;Sexe masculin;Moins de 15 ans;
2019;Y15T64;GLB;Global (Europe);PS;Personnes;_T;Total;De 15 a 64 ans;197141277
2019;Y15T64;GLB;Global (Europe);PT;Pourcentage de la population;_T;Total;De 15 a 64 ans;
2019;Y_GE65;GLB;Global (Europe);PS;Personnes;_T;Total;65 ans et plus;65509177
2019;Y_GE65;GLB;Global (Europe);PT;Pourcentage de la population;_T;Total;65 ans et plus;
2019;Y15T64;GLB;Global (Europe);PS;Personnes;M;Sexe masculin;De 15 a 64 ans;97153764
2019;Y15T64;GLB;Global (Europe);PT;Pourcentage de la population;M;Sexe masculin;De 15 a 64 ans;
2019;Y_GE65;GLB;Global (Europe);PS;Personnes;M;Sexe masculin;65 ans et plus;42304879,5
2019;Y_GE65;GLB;Global (Europe);PT;Pourcentage de la population;M;Sexe masculin;65 ans et plus;
2019;Y_GE65;GLB;Global (Europe);PS;Personnes;F;Sexe feminin;65 ans et plus;66882287,5
2019;Y_GE65;GLB;Global (Europe);PT;Pourcentage de la population;F;Sexe feminin;65 ans et plus;
2019;Y15T64;GLB;Global (Europe);PS;Personnes;F;Sexe feminin;De 15 a 64 ans;106743047
2019;Y15T64;GLB;Global (Europe);PT;Pourcentage de la population;F;Sexe feminin;De 15 a 64 ans;
2019;Y_LT15;GLB;Global (Europe);PS;Personnes;_T;Total;Moins de 15 ans;50737491,78
2019;Y_LT15;GLB;Global (Europe);PT;Pourcentage de la population;_T;Total;Moins de 15 ans;
2019;Y_LT15;GLB;Global (Europe);PS;Personnes;F;Sexe feminin;Moins de 15 ans;24703011,56
2019;Y_LT15;GLB;Global (Europe);PT;Pourcentage de la population;F;Sexe feminin;Moins de 15 ans;
2019;Y_LT15;GLB;Global (Europe);PS;Personnes;M;Sexe masculin;Moins de 15 ans;26034068,09
2019;Y_LT15;GLB;Global (Europe);PT;Pourcentage de la population;M;Sexe masculin;Moins de 15 ans;
2020;Y15T64;GLB;Global (Europe);PS;Personnes;_T;Total;De 15 a 64 ans;162922651,5
2020;Y15T64;GLB;Global (Europe);PT;Pourcentage de la population;_T;Total;De 15 a 64 ans;
2020;Y_GE65;GLB;Global (Europe);PS;Personnes;_T;Total;65 ans et plus;73696790
2020;Y_GE65;GLB;Global (Europe);PT;Pourcentage de la population;_T;Total;65 ans et plus;
2020;Y15T64;GLB;Global (Europe);PS;Personnes;M;Sexe masculin;De 15 a 64 ans;97022160,5
2020;Y15T64;GLB;Global (Europe);PT;Pourcentage de la population;M;Sexe masculin;De 15 a 64 ans;
2020;Y_GE65;GLB;Global (Europe);PS;Personnes;M;Sexe masculin;65 ans et plus;42855962,5
2020;Y_GE65;GLB;Global (Europe);PT;Pourcentage de la population;M;Sexe masculin;65 ans et plus;
2020;Y_GE65;GLB;Global (Europe);PS;Personnes;F;Sexe feminin;65 ans et plus;81875781,5
2020;Y_GE65;GLB;Global (Europe);PT;Pourcentage de la population;F;Sexe feminin;65 ans et plus;
2020;Y15T64;GLB;Global (Europe);PS;Personnes;F;Sexe feminin;De 15 a 64 ans;118861777
2020;Y15T64;GLB;Global (Europe);PT;Pourcentage de la population;F;Sexe feminin;De 15 a 64 ans;
2020;Y_LT15;GLB;Global (Europe);PS;Personnes;_T;Total;Moins de 15 ans;50513889,08
2020;Y_LT15;GLB;Global (Europe);PT;Pourcentage de la population;_T;Total;Moins de 15 ans;
2020;Y_LT15;GLB;Global (Europe);PS;Personnes;F;Sexe feminin;Moins de 15 ans;24594476,36
2020;Y_LT15;GLB;Global (Europe);PT;Pourcentage de la population;F;Sexe feminin;Moins de 15 ans;
2020;Y_LT15;GLB;Global (Europe);PS;Personnes;M;Sexe masculin;Moins de 15 ans;25919517,89
2020;Y_LT15;GLB;Global (Europe);PT;Pourcentage de la population;M;Sexe masculin;Moins de 15 ans;
2021;Y15T64;GLB;Global (Europe);PS;Personnes;_T;Total;De 15 a 64 ans;175644645
2021;Y15T64;GLB;Global (Europe);PT;Pourcentage de la population;_T;Total;De 15 a 64 ans;
2021;Y_GE65;GLB;Global (Europe);PS;Personnes;_T;Total;65 ans et plus;61129511
2021;Y_GE65;GLB;Global (Europe);PT;Pourcentage de la population;_T;Total;65 ans et plus;
2021;Y15T64;GLB;Global (Europe);PS;Personnes;M;Sexe masculin;De 15 a 64 ans;96952915,5
2021;Y15T64;GLB;Global (Europe);PT;Pourcentage de la population;M;Sexe masculin;De 15 a 64 ans;
2021;Y_GE65;GLB;Global (Europe);PS;Personnes;M;Sexe masculin;65 ans et plus;43247851
2021;Y_GE65;GLB;Global (Europe);PT;Pourcentage de la population;M;Sexe masculin;65 ans et plus;
2021;Y_GE65;GLB;Global (Europe);PS;Personnes;F;Sexe feminin;65 ans et plus;101801175
2021;Y_GE65;GLB;Global (Europe);PT;Pourcentage de la population;F;Sexe feminin;65 ans et plus;
2021;Y15T64;GLB;Global (Europe);PS;Personnes;F;Sexe feminin;De 15 a 64 ans;99421508,5
2021;Y15T64;GLB;Global (Europe);PT;Pourcentage de la population;F;Sexe feminin;De 15 a 64 ans;
2021;Y_LT15;GLB;Global (Europe);PS;Personnes;_T;Total;Moins de 15 ans;50185277,35
2021;Y_LT15;GLB;Global (Europe);PT;Pourcentage de la population;_T;Total;Moins de 15 ans;
2021;Y_LT15;GLB;Global (Europe);PS;Personnes;F;Sexe feminin;Moins de 15 ans;24435243,48
2021;Y_LT15;GLB;Global (Europe);PT;Pourcentage de la population;F;Sexe feminin;Moins de 15 ans;
2021;Y_LT15;GLB;Global (Europe);PS;Personnes;M;Sexe masculin;Moins de 15 ans;25750238,21
2021;Y_LT15;GLB;Global (Europe);PT;Pourcentage de la population;M;Sexe masculin;Moins de 15 ans;
2022;Y15T64;GLB;Global (Europe);PS;Personnes;_T;Total;De 15 a 64 ans;130405614
2022;Y15T64;GLB;Global (Europe);PT;Pourcentage de la population;_T;Total;De 15 a 64 ans;
2022;Y_GE65;GLB;Global (Europe);PS;Personnes;_T;Total;65 ans et plus;65426688,5
2022;Y_GE65;GLB;Global (Europe);PT;Pourcentage de la population;_T;Total;65 ans et plus;
2022;Y15T64;GLB;Global (Europe);PS;Personnes;M;Sexe masculin;De 15 a 64 ans;94422094
2022;Y15T64;GLB;Global (Europe);PT;Pourcentage de la population;M;Sexe masculin;De 15 a 64 ans;
2022;Y_GE65;GLB;Global (Europe);PS;Personnes;M;Sexe masculin;65 ans et plus;64884355,5
2022;Y_GE65;GLB;Global (Europe);PT;Pourcentage de la population;M;Sexe masculin;65 ans et plus;
2022;Y_GE65;GLB;Global (Europe);PS;Personnes;F;Sexe feminin;65 ans et plus;106717542
2022;Y_GE65;GLB;Global (Europe);PT;Pourcentage de la population;F;Sexe feminin;65 ans et plus;
2022;Y15T64;GLB;Global (Europe);PS;Personnes;F;Sexe feminin;De 15 a 64 ans;119871437
2022;Y15T64;GLB;Global (Europe);PT;Pourcentage de la population;F;Sexe feminin;De 15 a 64 ans;
2022;Y_LT15;GLB;Global (Europe);PS;Personnes;_T;Total;Moins de 15 ans;50072569,48
2022;Y_LT15;GLB;Global (Europe);PT;Pourcentage de la population;_T;Total;Moins de 15 ans;
2022;Y_LT15;GLB;Global (Europe);PS;Personnes;F;Sexe feminin;Moins de 15 ans;24378858,68
2022;Y_LT15;GLB;Global (Europe);PT;Pourcentage de la population;F;Sexe feminin;Moins de 15 ans;
2022;Y_LT15;GLB;Global (Europe);PS;Personnes;M;Sexe masculin;Moins de 15 ans;25694186,02
2022;Y_LT15;GLB;Global (Europe);PT;Pourcentage de la population;M;Sexe masculin;Moins de 15 ans;
2023;Y_GE65;GLB;Global (Europe);PS;Personnes;F;Sexe feminin;65 ans et plus;90333823,5
2023;Y_GE65;GLB;Global (Europe);PT;Pourcentage de la population;F;Sexe feminin;65 ans et plus;
2023;Y15T64;GLB;Global (Europe);PS;Personnes;F;Sexe feminin;De 15 a 64 ans;60066368,5
2023;Y15T64;GLB;Global (Europe);PT;Pourcentage de la population;F;Sexe feminin;De 15 a 64 ans;
2023;Y_GE65;GLB;Global (Europe);PS;Personnes;M;Sexe masculin;65 ans et plus;89894680
2023;Y_GE65;GLB;Global (Europe);PT;Pourcentage de la population;M;Sexe masculin;65 ans et plus;
2023;Y15T64;GLB;Global (Europe);PS;Personnes;M;Sexe masculin;De 15 a 64 ans;51932089,5
2023;Y15T64;GLB;Global (Europe);PT;Pourcentage de la population;M;Sexe masculin;De 15 a 64 ans;
2023;Y_GE65;GLB;Global (Europe);PS;Personnes;_T;Total;65 ans et plus;193730431
2023;Y_GE65;GLB;Global (Europe);PT;Pourcentage de la population;_T;Total;65 ans et plus;
2023;Y15T64;GLB;Global (Europe);PS;Personnes;_T;Total;De 15 a 64 ans;98496535,5
2023;Y15T64;GLB;Global (Europe);PT;Pourcentage de la population;_T;Total;De 15 a 64 ans;
2023;Y_LT15;GLB;Global (Europe);PS;Personnes;_T;Total;Moins de 15 ans;49509902,69
2023;Y_LT15;GLB;Global (Europe);PT;Pourcentage de la population;_T;Total;Moins de 15 ans;
2023;Y_LT15;GLB;Global (Europe);PS;Personnes;F;Sexe feminin;Moins de 15 ans;24115043,97
2023;Y_LT15;GLB;Global (Europe);PT;Pourcentage de la population;F;Sexe feminin;Moins de 15 ans;
2023;Y_LT15;GLB;Global (Europe);PS;Personnes;M;Sexe masculin;Moins de 15 ans;25394691,26
2023;Y_LT15;GLB;Global (Europe);PT;Pourcentage de la population;M;Sexe masculin;Moins de 15 ans;
2024;Y_GE65;GLB;Global (Europe);PS;Personnes;F;Sexe feminin;65 ans et plus;77754005,5
2024;Y_GE65;GLB;Global (Europe);PT;Pourcentage de la population;F;Sexe feminin;65 ans et plus;
2024;Y15T64;GLB;Global (Europe);PS;Personnes;F;Sexe feminin;De 15 a 64 ans;73445882
2024;Y15T64;GLB;Global (Europe);PT;Pourcentage de la population;F;Sexe feminin;De 15 a 64 ans;
2024;Y_GE65;GLB;Global (Europe);PS;Personnes;M;Sexe masculin;65 ans et plus;90328696,5
2024;Y_GE65;GLB;Global (Europe);PT;Pourcentage de la population;M;Sexe masculin;65 ans et plus;
2024;Y15T64;GLB;Global (Europe);PS;Personnes;M;Sexe masculin;De 15 a 64 ans;52648599
2024;Y15T64;GLB;Global (Europe);PT;Pourcentage de la population;M;Sexe masculin;De 15 a 64 ans;
2024;Y_GE65;GLB;Global (Europe);PS;Personnes;_T;Total;65 ans et plus;155509802
2024;Y_GE65;GLB;Global (Europe);PT;Pourcentage de la population;_T;Total;65 ans et plus;
2024;Y15T64;GLB;Global (Europe);PS;Personnes;_T;Total;De 15 a 64 ans;138667383
2024;Y15T64;GLB;Global (Europe);PT;Pourcentage de la population;_T;Total;De 15 a 64 ans;
2024;Y_LT15;GLB;Global (Europe);PS;Personnes;_T;Total;Moins de 15 ans;49007757,06
2024;Y_LT15;GLB;Global (Europe);PT;Pourcentage de la population;_T;Total;Moins de 15 ans;
2024;Y_LT15;GLB;Global (Europe);PS;Personnes;F;Sexe feminin;Moins de 15 ans;23864633,32
2024;Y_LT15;GLB;Global (Europe);PT;Pourcentage de la population;F;Sexe feminin;Moins de 15 ans;
2024;Y_LT15;GLB;Global (Europe);PS;Personnes;M;Sexe masculin;Moins de 15 ans;25142821,08
2024;Y_LT15;GLB;Global (Europe);PT;Pourcentage de la population;M;Sexe masculin;Moins de 15 ans;
